csduid	municipality	year	population	source_rows
4801003	Cypress County	2001	6245	182
4801003	Cypress County	2002	6352	182
4801003	Cypress County	2003	6453	182
4801003	Cypress County	2004	6600	182
4801003	Cypress County	2005	6762	182
4801003	Cypress County	2006	6925	182
4801003	Cypress County	2007	7075	182
4801003	Cypress County	2008	7159	182
4801003	Cypress County	2009	7210	182
4801003	Cypress County	2010	7321	182
4801003	Cypress County	2011	7445	182
4801003	Cypress County	2012	7462	182
4801003	Cypress County	2013	7563	182
4801003	Cypress County	2014	7556	182
4801003	Cypress County	2015	7826	182
4801003	Cypress County	2016	7849	182
4801003	Cypress County	2017	7877	182
4801003	Cypress County	2018	7833	182
4801003	Cypress County	2019	7838	182
4801003	Cypress County	2020	7830	182
4801003	Cypress County	2021	7751	182
4801003	Cypress County	2022	7785	182
4801003	Cypress County	2023	7788	182
4801003	Cypress County	2024	7818	182
4801003	Cypress County	2025	7855	182
4801006	Medicine Hat	2001	52607	182
4801006	Medicine Hat	2002	53624	182
4801006	Medicine Hat	2003	54549	182
4801006	Medicine Hat	2004	55855	182
4801006	Medicine Hat	2005	57418	182
4801006	Medicine Hat	2006	58986	182
4801006	Medicine Hat	2007	60315	182
4801006	Medicine Hat	2008	61168	182
4801006	Medicine Hat	2009	61745	182
4801006	Medicine Hat	2010	61823	182
4801006	Medicine Hat	2011	62057	182
4801006	Medicine Hat	2012	62937	182
4801006	Medicine Hat	2013	63630	182
4801006	Medicine Hat	2014	64257	182
4801006	Medicine Hat	2015	64538	182
4801006	Medicine Hat	2016	64780	182
4801006	Medicine Hat	2017	64964	182
4801006	Medicine Hat	2018	65134	182
4801006	Medicine Hat	2019	65279	182
4801006	Medicine Hat	2020	65391	182
4801006	Medicine Hat	2021	65266	182
4801006	Medicine Hat	2022	65287	182
4801006	Medicine Hat	2023	66215	182
4801006	Medicine Hat	2024	68131	182
4801006	Medicine Hat	2025	68714	182
4801008	Forty Mile County No. 8	2001	3505	182
4801008	Forty Mile County No. 8	2002	3490	182
4801008	Forty Mile County No. 8	2003	3473	182
4801008	Forty Mile County No. 8	2004	3483	182
4801008	Forty Mile County No. 8	2005	3495	182
4801008	Forty Mile County No. 8	2006	3518	182
4801008	Forty Mile County No. 8	2007	3557	182
4801008	Forty Mile County No. 8	2008	3561	182
4801008	Forty Mile County No. 8	2009	3546	182
4801008	Forty Mile County No. 8	2010	3489	182
4801008	Forty Mile County No. 8	2011	3440	182
4801008	Forty Mile County No. 8	2012	3479	182
4801008	Forty Mile County No. 8	2013	3514	182
4801008	Forty Mile County No. 8	2014	3550	182
4801008	Forty Mile County No. 8	2015	3622	182
4801008	Forty Mile County No. 8	2016	3660	182
4801008	Forty Mile County No. 8	2017	3602	182
4801008	Forty Mile County No. 8	2018	3637	182
4801008	Forty Mile County No. 8	2019	3667	182
4801008	Forty Mile County No. 8	2020	3650	182
4801008	Forty Mile County No. 8	2021	3725	182
4801008	Forty Mile County No. 8	2022	3916	182
4801008	Forty Mile County No. 8	2023	3973	182
4801008	Forty Mile County No. 8	2024	3970	182
4801008	Forty Mile County No. 8	2025	4073	182
4801009	Foremost	2001	542	182
4801009	Foremost	2002	543	182
4801009	Foremost	2003	545	182
4801009	Foremost	2004	546	182
4801009	Foremost	2005	545	182
4801009	Foremost	2006	539	182
4801009	Foremost	2007	546	182
4801009	Foremost	2008	547	182
4801009	Foremost	2009	548	182
4801009	Foremost	2010	544	182
4801009	Foremost	2011	539	182
4801009	Foremost	2012	541	182
4801009	Foremost	2013	541	182
4801009	Foremost	2014	543	182
4801009	Foremost	2015	549	182
4801009	Foremost	2016	552	182
4801009	Foremost	2017	489	182
4801009	Foremost	2018	519	182
4801009	Foremost	2019	501	182
4801009	Foremost	2020	502	182
4801009	Foremost	2021	517	182
4801009	Foremost	2022	386	182
4801009	Foremost	2023	398	182
4801009	Foremost	2024	404	182
4801009	Foremost	2025	413	182
4801014	Bow Island	2001	1738	182
4801014	Bow Island	2002	1738	182
4801014	Bow Island	2003	1752	182
4801014	Bow Island	2004	1777	182
4801014	Bow Island	2005	1823	182
4801014	Bow Island	2006	1848	182
4801014	Bow Island	2007	1910	182
4801014	Bow Island	2008	1960	182
4801014	Bow Island	2009	2006	182
4801014	Bow Island	2010	2035	182
4801014	Bow Island	2011	2088	182
4801014	Bow Island	2012	2042	182
4801014	Bow Island	2013	1925	182
4801014	Bow Island	2014	1982	182
4801014	Bow Island	2015	2043	182
4801014	Bow Island	2016	2029	182
4801014	Bow Island	2017	2024	182
4801014	Bow Island	2018	2016	182
4801014	Bow Island	2019	1973	182
4801014	Bow Island	2020	1956	182
4801014	Bow Island	2021	2106	182
4801014	Bow Island	2022	2129	182
4801014	Bow Island	2023	2138	182
4801014	Bow Island	2024	2176	182
4801014	Bow Island	2025	2310	182
4801018	Redcliff	2001	4516	182
4801018	Redcliff	2002	4630	182
4801018	Redcliff	2003	4756	182
4801018	Redcliff	2004	4913	182
4801018	Redcliff	2005	5108	182
4801018	Redcliff	2006	5306	182
4801018	Redcliff	2007	5461	182
4801018	Redcliff	2008	5684	182
4801018	Redcliff	2009	5859	182
4801018	Redcliff	2010	5838	182
4801018	Redcliff	2011	5775	182
4801018	Redcliff	2012	5838	182
4801018	Redcliff	2013	5927	182
4801018	Redcliff	2014	5879	182
4801018	Redcliff	2015	5860	182
4801018	Redcliff	2016	5729	182
4801018	Redcliff	2017	5744	182
4801018	Redcliff	2018	5796	182
4801018	Redcliff	2019	5826	182
4801018	Redcliff	2020	5814	182
4801018	Redcliff	2021	5768	182
4801018	Redcliff	2022	5823	182
4801018	Redcliff	2023	5912	182
4801018	Redcliff	2024	5933	182
4801018	Redcliff	2025	5916	182
4802001	Warner County No. 5	2001	3850	182
4802001	Warner County No. 5	2002	3828	182
4802001	Warner County No. 5	2003	3802	182
4802001	Warner County No. 5	2004	3764	182
4802001	Warner County No. 5	2005	3747	182
4802001	Warner County No. 5	2006	3771	182
4802001	Warner County No. 5	2007	3859	182
4802001	Warner County No. 5	2008	3897	182
4802001	Warner County No. 5	2009	3934	182
4802001	Warner County No. 5	2010	3953	182
4802001	Warner County No. 5	2011	3970	182
4802001	Warner County No. 5	2012	3901	182
4802001	Warner County No. 5	2013	3999	182
4802001	Warner County No. 5	2014	4016	182
4802001	Warner County No. 5	2015	4051	182
4802001	Warner County No. 5	2016	4048	182
4802001	Warner County No. 5	2017	4101	182
4802001	Warner County No. 5	2018	4133	182
4802001	Warner County No. 5	2019	4160	182
4802001	Warner County No. 5	2020	4180	182
4802001	Warner County No. 5	2021	4423	182
4802001	Warner County No. 5	2022	4403	182
4802001	Warner County No. 5	2023	4455	182
4802001	Warner County No. 5	2024	4455	182
4802001	Warner County No. 5	2025	4527	182
4802002	Coutts	2001	370	182
4802002	Coutts	2002	357	182
4802002	Coutts	2003	344	182
4802002	Coutts	2004	333	182
4802002	Coutts	2005	323	182
4802002	Coutts	2006	314	182
4802002	Coutts	2007	313	182
4802002	Coutts	2008	306	182
4802002	Coutts	2009	299	182
4802002	Coutts	2010	292	182
4802002	Coutts	2011	283	182
4802002	Coutts	2012	276	182
4802002	Coutts	2013	270	182
4802002	Coutts	2014	263	182
4802002	Coutts	2015	257	182
4802002	Coutts	2016	248	182
4802002	Coutts	2017	211	182
4802002	Coutts	2018	208	182
4802002	Coutts	2019	208	182
4802002	Coutts	2020	205	182
4802002	Coutts	2021	228	182
4802002	Coutts	2022	233	182
4802002	Coutts	2023	244	182
4802002	Coutts	2024	259	182
4802002	Coutts	2025	260	182
4802004	Milk River	2001	893	182
4802004	Milk River	2002	892	182
4802004	Milk River	2003	876	182
4802004	Milk River	2004	855	182
4802004	Milk River	2005	845	182
4802004	Milk River	2006	832	182
4802004	Milk River	2007	812	182
4802004	Milk River	2008	838	182
4802004	Milk River	2009	808	182
4802004	Milk River	2010	845	182
4802004	Milk River	2011	828	182
4802004	Milk River	2012	828	182
4802004	Milk River	2013	833	182
4802004	Milk River	2014	837	182
4802004	Milk River	2015	844	182
4802004	Milk River	2016	841	182
4802004	Milk River	2017	755	182
4802004	Milk River	2018	758	182
4802004	Milk River	2019	756	182
4802004	Milk River	2020	735	182
4802004	Milk River	2021	844	182
4802004	Milk River	2022	852	182
4802004	Milk River	2023	844	182
4802004	Milk River	2024	844	182
4802004	Milk River	2025	826	182
4802006	Warner	2001	384	182
4802006	Warner	2002	366	182
4802006	Warner	2003	351	182
4802006	Warner	2004	334	182
4802006	Warner	2005	324	182
4802006	Warner	2006	309	182
4802006	Warner	2007	325	182
4802006	Warner	2008	344	182
4802006	Warner	2009	333	182
4802006	Warner	2010	324	182
4802006	Warner	2011	340	182
4802006	Warner	2012	328	182
4802006	Warner	2013	346	182
4802006	Warner	2014	358	182
4802006	Warner	2015	372	182
4802006	Warner	2016	381	182
4802006	Warner	2017	335	182
4802006	Warner	2018	337	182
4802006	Warner	2019	331	182
4802006	Warner	2020	331	182
4802006	Warner	2021	371	182
4802006	Warner	2022	366	182
4802006	Warner	2023	374	182
4802006	Warner	2024	386	182
4802006	Warner	2025	400	182
4802008	Raymond	2001	3278	182
4802008	Raymond	2002	3273	182
4802008	Raymond	2003	3281	182
4802008	Raymond	2004	3281	182
4802008	Raymond	2005	3285	182
4802008	Raymond	2006	3326	182
4802008	Raymond	2007	3489	182
4802008	Raymond	2008	3525	182
4802008	Raymond	2009	3660	182
4802008	Raymond	2010	3805	182
4802008	Raymond	2011	3838	182
4802008	Raymond	2012	3851	182
4802008	Raymond	2013	3803	182
4802008	Raymond	2014	3792	182
4802008	Raymond	2015	3818	182
4802008	Raymond	2016	3799	182
4802008	Raymond	2017	3829	182
4802008	Raymond	2018	3878	182
4802008	Raymond	2019	3950	182
4802008	Raymond	2020	4010	182
4802008	Raymond	2021	4334	182
4802008	Raymond	2022	4455	182
4802008	Raymond	2023	4505	182
4802008	Raymond	2024	4526	182
4802008	Raymond	2025	4600	182
4802009	Stirling	2001	896	182
4802009	Stirling	2002	899	182
4802009	Stirling	2003	901	182
4802009	Stirling	2004	913	182
4802009	Stirling	2005	920	182
4802009	Stirling	2006	955	182
4802009	Stirling	2007	994	182
4802009	Stirling	2008	1038	182
4802009	Stirling	2009	1096	182
4802009	Stirling	2010	1085	182
4802009	Stirling	2011	1119	182
4802009	Stirling	2012	1095	182
4802009	Stirling	2013	1037	182
4802009	Stirling	2014	985	182
4802009	Stirling	2015	1021	182
4802009	Stirling	2016	1001	182
4802009	Stirling	2017	992	182
4802009	Stirling	2018	1026	182
4802009	Stirling	2019	1037	182
4802009	Stirling	2020	1061	182
4802009	Stirling	2021	1205	182
4802009	Stirling	2022	1209	182
4802009	Stirling	2023	1243	182
4802009	Stirling	2024	1312	182
4802009	Stirling	2025	1350	182
4802011	Lethbridge County	2001	10115	182
4802011	Lethbridge County	2002	10211	182
4802011	Lethbridge County	2003	10277	182
4802011	Lethbridge County	2004	10323	182
4802011	Lethbridge County	2005	10413	182
4802011	Lethbridge County	2006	10544	182
4802011	Lethbridge County	2007	10755	182
4802011	Lethbridge County	2008	10689	182
4802011	Lethbridge County	2009	10640	182
4802011	Lethbridge County	2010	10513	182
4802011	Lethbridge County	2011	10335	182
4802011	Lethbridge County	2012	10333	182
4802011	Lethbridge County	2013	10317	182
4802011	Lethbridge County	2014	10342	182
4802011	Lethbridge County	2015	10714	182
4802011	Lethbridge County	2016	10613	182
4802011	Lethbridge County	2017	10580	182
4802011	Lethbridge County	2018	10795	182
4802011	Lethbridge County	2019	10793	182
4802011	Lethbridge County	2020	10893	182
4802011	Lethbridge County	2021	10463	182
4802011	Lethbridge County	2022	10534	182
4802011	Lethbridge County	2023	10660	182
4802011	Lethbridge County	2024	10827	182
4802011	Lethbridge County	2025	10988	182
4802012	Lethbridge	2001	69247	182
4802012	Lethbridge	2002	70694	182
4802012	Lethbridge	2003	72062	182
4802012	Lethbridge	2004	73380	182
4802012	Lethbridge	2005	75052	182
4802012	Lethbridge	2006	77452	182
4802012	Lethbridge	2007	80153	182
4802012	Lethbridge	2008	82221	182
4802012	Lethbridge	2009	83779	182
4802012	Lethbridge	2010	85584	182
4802012	Lethbridge	2011	86620	182
4802012	Lethbridge	2012	88517	182
4802012	Lethbridge	2013	89992	182
4802012	Lethbridge	2014	92632	182
4802012	Lethbridge	2015	93198	182
4802012	Lethbridge	2016	95521	182
4802012	Lethbridge	2017	97241	182
4802012	Lethbridge	2018	99011	182
4802012	Lethbridge	2019	100761	182
4802012	Lethbridge	2020	102239	182
4802012	Lethbridge	2021	102097	182
4802012	Lethbridge	2022	103978	182
4802012	Lethbridge	2023	107042	182
4802012	Lethbridge	2024	111776	182
4802012	Lethbridge	2025	113671	182
4802013	Coalhurst	2001	1527	182
4802013	Coalhurst	2002	1538	182
4802013	Coalhurst	2003	1542	182
4802013	Coalhurst	2004	1552	182
4802013	Coalhurst	2005	1569	182
4802013	Coalhurst	2006	1600	182
4802013	Coalhurst	2007	1701	182
4802013	Coalhurst	2008	1787	182
4802013	Coalhurst	2009	1881	182
4802013	Coalhurst	2010	1970	182
4802013	Coalhurst	2011	2066	182
4802013	Coalhurst	2012	2186	182
4802013	Coalhurst	2013	2313	182
4802013	Coalhurst	2014	2449	182
4802013	Coalhurst	2015	2612	182
4802013	Coalhurst	2016	2755	182
4802013	Coalhurst	2017	2791	182
4802013	Coalhurst	2018	2843	182
4802013	Coalhurst	2019	2927	182
4802013	Coalhurst	2020	2998	182
4802013	Coalhurst	2021	2994	182
4802013	Coalhurst	2022	3106	182
4802013	Coalhurst	2023	3167	182
4802013	Coalhurst	2024	3227	182
4802013	Coalhurst	2025	3244	182
4802014	Nobleford	2001	624	182
4802014	Nobleford	2002	635	182
4802014	Nobleford	2003	654	182
4802014	Nobleford	2004	674	182
4802014	Nobleford	2005	694	182
4802014	Nobleford	2006	716	182
4802014	Nobleford	2007	785	182
4802014	Nobleford	2008	844	182
4802014	Nobleford	2009	906	182
4802014	Nobleford	2010	967	182
4802014	Nobleford	2011	1037	182
4802014	Nobleford	2012	1079	182
4802014	Nobleford	2013	1129	182
4802014	Nobleford	2014	1186	182
4802014	Nobleford	2015	1253	182
4802014	Nobleford	2016	1317	182
4802014	Nobleford	2017	1312	182
4802014	Nobleford	2018	1292	182
4802014	Nobleford	2019	1402	182
4802014	Nobleford	2020	1446	182
4802014	Nobleford	2021	1495	182
4802014	Nobleford	2022	1561	182
4802014	Nobleford	2023	1628	182
4802014	Nobleford	2024	1650	182
4802014	Nobleford	2025	1694	182
4802016	Barons	2001	289	182
4802016	Barons	2002	287	182
4802016	Barons	2003	287	182
4802016	Barons	2004	286	182
4802016	Barons	2005	284	182
4802016	Barons	2006	283	182
4802016	Barons	2007	300	182
4802016	Barons	2008	318	182
4802016	Barons	2009	306	182
4802016	Barons	2010	321	182
4802016	Barons	2011	322	182
4802016	Barons	2012	327	182
4802016	Barons	2013	333	182
4802016	Barons	2014	337	182
4802016	Barons	2015	344	182
4802016	Barons	2016	350	182
4802016	Barons	2017	315	182
4802016	Barons	2018	325	182
4802016	Barons	2019	301	182
4802016	Barons	2020	288	182
4802016	Barons	2021	324	182
4802016	Barons	2022	325	182
4802016	Barons	2023	326	182
4802016	Barons	2024	327	182
4802016	Barons	2025	334	182
4802018	Picture Butte	2001	1731	182
4802018	Picture Butte	2002	1709	182
4802018	Picture Butte	2003	1693	182
4802018	Picture Butte	2004	1674	182
4802018	Picture Butte	2005	1672	182
4802018	Picture Butte	2006	1640	182
4802018	Picture Butte	2007	1623	182
4802018	Picture Butte	2008	1649	182
4802018	Picture Butte	2009	1688	182
4802018	Picture Butte	2010	1631	182
4802018	Picture Butte	2011	1709	182
4802018	Picture Butte	2012	1649	182
4802018	Picture Butte	2013	1780	182
4802018	Picture Butte	2014	1772	182
4802018	Picture Butte	2015	1829	182
4802018	Picture Butte	2016	1860	182
4802018	Picture Butte	2017	1812	182
4802018	Picture Butte	2018	1858	182
4802018	Picture Butte	2019	1944	182
4802018	Picture Butte	2020	2045	182
4802018	Picture Butte	2021	2008	182
4802018	Picture Butte	2022	2131	182
4802018	Picture Butte	2023	2277	182
4802018	Picture Butte	2024	2369	182
4802018	Picture Butte	2025	2380	182
4802019	Coaldale	2001	6137	182
4802019	Coaldale	2002	6167	182
4802019	Coaldale	2003	6175	182
4802019	Coaldale	2004	6214	182
4802019	Coaldale	2005	6275	182
4802019	Coaldale	2006	6387	182
4802019	Coaldale	2007	6535	182
4802019	Coaldale	2008	6905	182
4802019	Coaldale	2009	7255	182
4802019	Coaldale	2010	7506	182
4802019	Coaldale	2011	7759	182
4802019	Coaldale	2012	7791	182
4802019	Coaldale	2013	7959	182
4802019	Coaldale	2014	8039	182
4802019	Coaldale	2015	8226	182
4802019	Coaldale	2016	8461	182
4802019	Coaldale	2017	8503	182
4802019	Coaldale	2018	8645	182
4802019	Coaldale	2019	8920	182
4802019	Coaldale	2020	9070	182
4802019	Coaldale	2021	9073	182
4802019	Coaldale	2022	9182	182
4802019	Coaldale	2023	9309	182
4802019	Coaldale	2024	9475	182
4802019	Coaldale	2025	9644	182
4802021	Taber, M.D.	2001	6147	182
4802021	Taber, M.D.	2002	6199	182
4802021	Taber, M.D.	2003	6229	182
4802021	Taber, M.D.	2004	6277	182
4802021	Taber, M.D.	2005	6352	182
4802021	Taber, M.D.	2006	6490	182
4802021	Taber, M.D.	2007	6727	182
4802021	Taber, M.D.	2008	6971	182
4802021	Taber, M.D.	2009	6901	182
4802021	Taber, M.D.	2010	7015	182
4802021	Taber, M.D.	2011	7062	182
4802021	Taber, M.D.	2012	6961	182
4802021	Taber, M.D.	2013	7012	182
4802021	Taber, M.D.	2014	6978	182
4802021	Taber, M.D.	2015	7344	182
4802021	Taber, M.D.	2016	7292	182
4802021	Taber, M.D.	2017	7454	182
4802021	Taber, M.D.	2018	7528	182
4802021	Taber, M.D.	2019	7470	182
4802021	Taber, M.D.	2020	7496	182
4802021	Taber, M.D.	2021	7697	182
4802021	Taber, M.D.	2022	7752	182
4802021	Taber, M.D.	2023	7857	182
4802021	Taber, M.D.	2024	7962	182
4802021	Taber, M.D.	2025	8009	182
4802022	Taber	2001	7860	182
4802022	Taber	2002	7870	182
4802022	Taber	2003	7851	182
4802022	Taber	2004	7822	182
4802022	Taber	2005	7801	182
4802022	Taber	2006	7841	182
4802022	Taber	2007	8073	182
4802022	Taber	2008	8226	182
4802022	Taber	2009	8413	182
4802022	Taber	2010	8342	182
4802022	Taber	2011	8362	182
4802022	Taber	2012	8355	182
4802022	Taber	2013	8487	182
4802022	Taber	2014	8542	182
4802022	Taber	2015	8555	182
4802022	Taber	2016	8663	182
4802022	Taber	2017	8822	182
4802022	Taber	2018	8952	182
4802022	Taber	2019	8957	182
4802022	Taber	2020	8942	182
4802022	Taber	2021	9177	182
4802022	Taber	2022	9328	182
4802022	Taber	2023	9660	182
4802022	Taber	2024	9892	182
4802022	Taber	2025	10175	182
4802023	Barnwell	2001	567	182
4802023	Barnwell	2002	577	182
4802023	Barnwell	2003	590	182
4802023	Barnwell	2004	600	182
4802023	Barnwell	2005	621	182
4802023	Barnwell	2006	639	182
4802023	Barnwell	2007	674	182
4802023	Barnwell	2008	701	182
4802023	Barnwell	2009	731	182
4802023	Barnwell	2010	760	182
4802023	Barnwell	2011	814	182
4802023	Barnwell	2012	865	182
4802023	Barnwell	2013	879	182
4802023	Barnwell	2014	888	182
4802023	Barnwell	2015	989	182
4802023	Barnwell	2016	975	182
4802023	Barnwell	2017	902	182
4802023	Barnwell	2018	942	182
4802023	Barnwell	2019	991	182
4802023	Barnwell	2020	1037	182
4802023	Barnwell	2021	1008	182
4802023	Barnwell	2022	1026	182
4802023	Barnwell	2023	1044	182
4802023	Barnwell	2024	1063	182
4802023	Barnwell	2025	1073	182
4802029	Vauxhall	2001	1135	182
4802029	Vauxhall	2002	1125	182
4802029	Vauxhall	2003	1115	182
4802029	Vauxhall	2004	1113	182
4802029	Vauxhall	2005	1107	182
4802029	Vauxhall	2006	1106	182
4802029	Vauxhall	2007	1156	182
4802029	Vauxhall	2008	1194	182
4802029	Vauxhall	2009	1239	182
4802029	Vauxhall	2010	1286	182
4802029	Vauxhall	2011	1326	182
4802029	Vauxhall	2012	1226	182
4802029	Vauxhall	2013	1234	182
4802029	Vauxhall	2014	1225	182
4802029	Vauxhall	2015	1205	182
4802029	Vauxhall	2016	1253	182
4802029	Vauxhall	2017	1216	182
4802029	Vauxhall	2018	1215	182
4802029	Vauxhall	2019	1257	182
4802029	Vauxhall	2020	1285	182
4802029	Vauxhall	2021	1330	182
4802029	Vauxhall	2022	1384	182
4802029	Vauxhall	2023	1414	182
4802029	Vauxhall	2024	1442	182
4802029	Vauxhall	2025	1451	182
4802031	Newell County	2001	7729	182
4802031	Newell County	2002	7668	182
4802031	Newell County	2003	7591	182
4802031	Newell County	2004	7526	182
4802031	Newell County	2005	7479	182
4802031	Newell County	2006	7465	182
4802031	Newell County	2007	7554	182
4802031	Newell County	2008	7540	182
4802031	Newell County	2009	7517	182
4802031	Newell County	2010	7449	182
4802031	Newell County	2011	7358	182
4802031	Newell County	2012	7393	182
4802031	Newell County	2013	7463	182
4802031	Newell County	2014	7546	182
4802031	Newell County	2015	7668	182
4802031	Newell County	2016	7719	182
4802031	Newell County	2017	7707	182
4802031	Newell County	2018	7606	182
4802031	Newell County	2019	7644	182
4802031	Newell County	2020	7625	182
4802031	Newell County	2021	7669	182
4802031	Newell County	2022	7716	182
4802031	Newell County	2023	7739	182
4802031	Newell County	2024	7762	182
4802031	Newell County	2025	7846	182
4802034	Brooks	2001	12003	182
4802034	Brooks	2002	12184	182
4802034	Brooks	2003	12344	182
4802034	Brooks	2004	12523	182
4802034	Brooks	2005	12710	182
4802034	Brooks	2006	13085	182
4802034	Brooks	2007	13372	182
4802034	Brooks	2008	13385	182
4802034	Brooks	2009	13650	182
4802034	Brooks	2010	14097	182
4802034	Brooks	2011	14207	182
4802034	Brooks	2012	14422	182
4802034	Brooks	2013	14659	182
4802034	Brooks	2014	14798	182
4802034	Brooks	2015	14914	182
4802034	Brooks	2016	14897	182
4802034	Brooks	2017	14968	182
4802034	Brooks	2018	14945	182
4802034	Brooks	2019	15079	182
4802034	Brooks	2020	15190	182
4802034	Brooks	2021	15436	182
4802034	Brooks	2022	15361	182
4802034	Brooks	2023	16042	182
4802034	Brooks	2024	16960	182
4802034	Brooks	2025	17537	182
4802036	Duchess	2001	860	182
4802036	Duchess	2002	888	182
4802036	Duchess	2003	916	182
4802036	Duchess	2004	944	182
4802036	Duchess	2005	979	182
4802036	Duchess	2006	1015	182
4802036	Duchess	2007	987	182
4802036	Duchess	2008	1029	182
4802036	Duchess	2009	1060	182
4802036	Duchess	2010	1058	182
4802036	Duchess	2011	1021	182
4802036	Duchess	2012	1091	182
4802036	Duchess	2013	1114	182
4802036	Duchess	2014	1095	182
4802036	Duchess	2015	1173	182
4802036	Duchess	2016	1108	182
4802036	Duchess	2017	1035	182
4802036	Duchess	2018	1077	182
4802036	Duchess	2019	1083	182
4802036	Duchess	2020	1076	182
4802036	Duchess	2021	1089	182
4802036	Duchess	2022	1114	182
4802036	Duchess	2023	1085	182
4802036	Duchess	2024	1061	182
4802036	Duchess	2025	1045	182
4802038	Rosemary	2001	376	182
4802038	Rosemary	2002	376	182
4802038	Rosemary	2003	386	182
4802038	Rosemary	2004	393	182
4802038	Rosemary	2005	397	182
4802038	Rosemary	2006	399	182
4802038	Rosemary	2007	394	182
4802038	Rosemary	2008	384	182
4802038	Rosemary	2009	376	182
4802038	Rosemary	2010	368	182
4802038	Rosemary	2011	351	182
4802038	Rosemary	2012	359	182
4802038	Rosemary	2013	368	182
4802038	Rosemary	2014	379	182
4802038	Rosemary	2015	391	182
4802038	Rosemary	2016	406	182
4802038	Rosemary	2017	345	182
4802038	Rosemary	2018	360	182
4802038	Rosemary	2019	357	182
4802038	Rosemary	2020	357	182
4802038	Rosemary	2021	383	182
4802038	Rosemary	2022	381	182
4802038	Rosemary	2023	379	182
4802038	Rosemary	2024	377	182
4802038	Rosemary	2025	374	182
4802039	Bassano	2001	1349	182
4802039	Bassano	2002	1351	182
4802039	Bassano	2003	1346	182
4802039	Bassano	2004	1353	182
4802039	Bassano	2005	1359	182
4802039	Bassano	2006	1384	182
4802039	Bassano	2007	1390	182
4802039	Bassano	2008	1377	182
4802039	Bassano	2009	1363	182
4802039	Bassano	2010	1339	182
4802039	Bassano	2011	1312	182
4802039	Bassano	2012	1290	182
4802039	Bassano	2013	1274	182
4802039	Bassano	2014	1261	182
4802039	Bassano	2015	1252	182
4802039	Bassano	2016	1232	182
4802039	Bassano	2017	1150	182
4802039	Bassano	2018	1148	182
4802039	Bassano	2019	1146	182
4802039	Bassano	2020	1115	182
4802039	Bassano	2021	1250	182
4802039	Bassano	2022	1255	182
4802039	Bassano	2023	1304	182
4802039	Bassano	2024	1348	182
4802039	Bassano	2025	1381	182
4803001	Cardston County	2001	4414	182
4803001	Cardston County	2002	4319	182
4803001	Cardston County	2003	4265	182
4803001	Cardston County	2004	4185	182
4803001	Cardston County	2005	4146	182
4803001	Cardston County	2006	4141	182
4803001	Cardston County	2007	4180	182
4803001	Cardston County	2008	4229	182
4803001	Cardston County	2009	4226	182
4803001	Cardston County	2010	4257	182
4803001	Cardston County	2011	4287	182
4803001	Cardston County	2012	4340	182
4803001	Cardston County	2013	4393	182
4803001	Cardston County	2014	4491	182
4803001	Cardston County	2015	4519	182
4803001	Cardston County	2016	4594	182
4803001	Cardston County	2017	4751	182
4803001	Cardston County	2018	4799	182
4803001	Cardston County	2019	4887	182
4803001	Cardston County	2020	4924	182
4803001	Cardston County	2021	4987	182
4803001	Cardston County	2022	4934	182
4803001	Cardston County	2023	4883	182
4803001	Cardston County	2024	4907	182
4803001	Cardston County	2025	4948	182
4803002	Magrath	2001	2040	182
4803002	Magrath	2002	2032	182
4803002	Magrath	2003	2031	182
4803002	Magrath	2004	2048	182
4803002	Magrath	2005	2075	182
4803002	Magrath	2006	2152	182
4803002	Magrath	2007	2198	182
4803002	Magrath	2008	2167	182
4803002	Magrath	2009	2202	182
4803002	Magrath	2010	2204	182
4803002	Magrath	2011	2296	182
4803002	Magrath	2012	2315	182
4803002	Magrath	2013	2363	182
4803002	Magrath	2014	2404	182
4803002	Magrath	2015	2408	182
4803002	Magrath	2016	2430	182
4803002	Magrath	2017	2464	182
4803002	Magrath	2018	2536	182
4803002	Magrath	2019	2599	182
4803002	Magrath	2020	2607	182
4803002	Magrath	2021	2560	182
4803002	Magrath	2022	2521	182
4803002	Magrath	2023	2529	182
4803002	Magrath	2024	2537	182
4803002	Magrath	2025	2566	182
4803003	Improvement District No.  4 Waterton	2001	159	182
4803003	Improvement District No.  4 Waterton	2002	158	182
4803003	Improvement District No.  4 Waterton	2003	161	182
4803003	Improvement District No.  4 Waterton	2004	161	182
4803003	Improvement District No.  4 Waterton	2005	161	182
4803003	Improvement District No.  4 Waterton	2006	164	182
4803003	Improvement District No.  4 Waterton	2007	149	182
4803003	Improvement District No.  4 Waterton	2008	135	182
4803003	Improvement District No.  4 Waterton	2009	119	182
4803003	Improvement District No.  4 Waterton	2010	104	182
4803003	Improvement District No.  4 Waterton	2011	91	182
4803003	Improvement District No.  4 Waterton	2012	94	182
4803003	Improvement District No.  4 Waterton	2013	96	182
4803003	Improvement District No.  4 Waterton	2014	101	182
4803003	Improvement District No.  4 Waterton	2015	103	182
4803003	Improvement District No. 4 Waterton	2016	108	182
4803003	Improvement District No. 4 Waterton	2017	96	182
4803003	Improvement District No. 4 Waterton	2018	107	182
4803003	Improvement District No. 4 Waterton	2019	98	182
4803003	Improvement District No. 4 Waterton	2020	94	182
4803003	Improvement District No. 4 Waterton	2021	138	182
4803003	Improvement District No. 4 Waterton	2022	140	182
4803003	Improvement District No. 4 Waterton	2023	142	182
4803003	Improvement District No. 4 Waterton	2024	144	182
4803003	Improvement District No. 4 Waterton	2025	141	182
4803004	Cardston	2001	3554	182
4803004	Cardston	2002	3522	182
4803004	Cardston	2003	3513	182
4803004	Cardston	2004	3503	182
4803004	Cardston	2005	3524	182
4803004	Cardston	2006	3540	182
4803004	Cardston	2007	3574	182
4803004	Cardston	2008	3620	182
4803004	Cardston	2009	3628	182
4803004	Cardston	2010	3651	182
4803004	Cardston	2011	3666	182
4803004	Cardston	2012	3665	182
4803004	Cardston	2013	3666	182
4803004	Cardston	2014	3690	182
4803004	Cardston	2015	3658	182
4803004	Cardston	2016	3654	182
4803004	Cardston	2017	3760	182
4803004	Cardston	2018	3799	182
4803004	Cardston	2019	3735	182
4803004	Cardston	2020	3687	182
4803004	Cardston	2021	3822	182
4803004	Cardston	2022	3835	182
4803004	Cardston	2023	3857	182
4803004	Cardston	2024	3902	182
4803004	Cardston	2025	3853	182
4803006	Glenwood	2001	263	182
4803006	Glenwood	2002	268	182
4803006	Glenwood	2003	272	182
4803006	Glenwood	2004	277	182
4803006	Glenwood	2005	276	182
4803006	Glenwood	2006	289	182
4803006	Glenwood	2007	283	182
4803006	Glenwood	2008	285	182
4803006	Glenwood	2009	285	182
4803006	Glenwood	2010	287	182
4803006	Glenwood	2011	299	182
4803006	Glenwood	2012	285	182
4803006	Glenwood	2013	292	182
4803006	Glenwood	2014	323	182
4803006	Glenwood	2015	322	182
4803006	Glenwood	2016	322	182
4803006	Glenwood	2017	282	182
4803006	Glenwood	2018	295	182
4803006	Glenwood	2019	311	182
4803006	Glenwood	2020	311	182
4803006	Glenwood	2021	278	182
4803006	Glenwood	2022	285	182
4803006	Glenwood	2023	292	182
4803006	Glenwood	2024	294	182
4803006	Glenwood	2025	294	182
4803008	Hill Spring	2001	197	182
4803008	Hill Spring	2002	196	182
4803008	Hill Spring	2003	194	182
4803008	Hill Spring	2004	196	182
4803008	Hill Spring	2005	195	182
4803008	Hill Spring	2006	196	182
4803008	Hill Spring	2007	196	182
4803008	Hill Spring	2008	195	182
4803008	Hill Spring	2009	193	182
4803008	Hill Spring	2010	191	182
4803008	Hill Spring	2011	189	182
4803008	Hill Spring	2012	184	182
4803008	Hill Spring	2013	180	182
4803008	Hill Spring	2014	176	182
4803008	Hill Spring	2015	169	182
4803008	Hill Spring	2016	164	182
4803008	Hill Spring	2017	148	182
4803008	Hill Spring	2018	159	182
4803008	Hill Spring	2019	162	182
4803008	Hill Spring	2020	163	182
4803008	Hill Spring	2021	172	182
4803008	Hill Spring	2022	175	182
4803008	Hill Spring	2023	178	182
4803008	Hill Spring	2024	181	182
4803008	Hill Spring	2025	183	182
4803011	Pincher Creek No. 9	2001	3280	182
4803011	Pincher Creek No. 9	2002	3282	182
4803011	Pincher Creek No. 9	2003	3299	182
4803011	Pincher Creek No. 9	2004	3292	182
4803011	Pincher Creek No. 9	2005	3347	182
4803011	Pincher Creek No. 9	2006	3394	182
4803011	Pincher Creek No. 9	2007	3384	182
4803011	Pincher Creek No. 9	2008	3381	182
4803011	Pincher Creek No. 9	2009	3334	182
4803011	Pincher Creek No. 9	2010	3296	182
4803011	Pincher Creek No. 9	2011	3230	182
4803011	Pincher Creek No. 9	2012	3182	182
4803011	Pincher Creek No. 9	2013	3140	182
4803011	Pincher Creek No. 9	2014	3122	182
4803011	Pincher Creek No. 9	2015	3055	182
4803011	Pincher Creek No. 9	2016	3014	182
4803011	Pincher Creek No. 9	2017	3086	182
4803011	Pincher Creek No. 9	2018	3129	182
4803011	Pincher Creek No. 9	2019	3188	182
4803011	Pincher Creek No. 9	2020	3256	182
4803011	Pincher Creek No. 9	2021	3329	182
4803011	Pincher Creek No. 9	2022	3339	182
4803011	Pincher Creek No. 9	2023	3332	182
4803011	Pincher Creek No. 9	2024	3266	182
4803011	Pincher Creek No. 9	2025	3176	182
4803014	Pincher Creek	2001	3752	182
4803014	Pincher Creek	2002	3718	182
4803014	Pincher Creek	2003	3703	182
4803014	Pincher Creek	2004	3673	182
4803014	Pincher Creek	2005	3694	182
4803014	Pincher Creek	2006	3722	182
4803014	Pincher Creek	2007	3751	182
4803014	Pincher Creek	2008	3789	182
4803014	Pincher Creek	2009	3785	182
4803014	Pincher Creek	2010	3791	182
4803014	Pincher Creek	2011	3783	182
4803014	Pincher Creek	2012	3770	182
4803014	Pincher Creek	2013	3762	182
4803014	Pincher Creek	2014	3778	182
4803014	Pincher Creek	2015	3733	182
4803014	Pincher Creek	2016	3721	182
4803014	Pincher Creek	2017	3829	182
4803014	Pincher Creek	2018	3787	182
4803014	Pincher Creek	2019	3757	182
4803014	Pincher Creek	2020	3702	182
4803014	Pincher Creek	2021	3728	182
4803014	Pincher Creek	2022	3775	182
4803014	Pincher Creek	2023	3858	182
4803014	Pincher Creek	2024	3904	182
4803014	Pincher Creek	2025	3890	182
4803016	Cowley	2001	230	182
4803016	Cowley	2002	228	182
4803016	Cowley	2003	225	182
4803016	Cowley	2004	222	182
4803016	Cowley	2005	227	182
4803016	Cowley	2006	225	182
4803016	Cowley	2007	228	182
4803016	Cowley	2008	233	182
4803016	Cowley	2009	234	182
4803016	Cowley	2010	238	182
4803016	Cowley	2011	242	182
4803016	Cowley	2012	238	182
4803016	Cowley	2013	232	182
4803016	Cowley	2014	228	182
4803016	Cowley	2015	220	182
4803016	Cowley	2016	214	182
4803016	Cowley	2017	188	182
4803016	Cowley	2018	186	182
4803016	Cowley	2019	177	182
4803016	Cowley	2020	171	182
4803016	Cowley	2021	222	182
4803016	Cowley	2022	216	182
4803016	Cowley	2023	219	182
4803016	Cowley	2024	210	182
4803016	Cowley	2025	209	182
4803018	Willow Creek No. 26	2001	5569	182
4803018	Willow Creek No. 26	2002	5534	182
4803018	Willow Creek No. 26	2003	5581	182
4803018	Willow Creek No. 26	2004	5452	182
4803018	Willow Creek No. 26	2005	5439	182
4803018	Willow Creek No. 26	2006	5525	182
4803018	Willow Creek No. 26	2007	5524	182
4803018	Willow Creek No. 26	2008	5461	182
4803018	Willow Creek No. 26	2009	5517	182
4803018	Willow Creek No. 26	2010	5403	182
4803018	Willow Creek No. 26	2011	5236	182
4803018	Willow Creek No. 26	2012	5275	182
4803018	Willow Creek No. 26	2013	5163	182
4803018	Willow Creek No. 26	2014	5186	182
4803018	Willow Creek No. 26	2015	5260	182
4803018	Willow Creek No. 26	2016	5278	182
4803018	Willow Creek No. 26	2017	5488	182
4803018	Willow Creek No. 26	2018	5602	182
4803018	Willow Creek No. 26	2019	5679	182
4803018	Willow Creek No. 26	2020	5736	182
4803018	Willow Creek No. 26	2021	6254	182
4803018	Willow Creek No. 26	2022	6253	182
4803018	Willow Creek No. 26	2023	6217	182
4803018	Willow Creek No. 26	2024	6226	182
4803018	Willow Creek No. 26	2025	6219	182
4803019	Fort Macleod	2001	3062	182
4803019	Fort Macleod	2002	3044	182
4803019	Fort Macleod	2003	3060	182
4803019	Fort Macleod	2004	3066	182
4803019	Fort Macleod	2005	3105	182
4803019	Fort Macleod	2006	3157	182
4803019	Fort Macleod	2007	3177	182
4803019	Fort Macleod	2008	3206	182
4803019	Fort Macleod	2009	3198	182
4803019	Fort Macleod	2010	3203	182
4803019	Fort Macleod	2011	3194	182
4803019	Fort Macleod	2012	3156	182
4803019	Fort Macleod	2013	3124	182
4803019	Fort Macleod	2014	3114	182
4803019	Fort Macleod	2015	3054	182
4803019	Fort Macleod	2016	3034	182
4803019	Fort Macleod	2017	3113	182
4803019	Fort Macleod	2018	3143	182
4803019	Fort Macleod	2019	3160	182
4803019	Fort Macleod	2020	3233	182
4803019	Fort Macleod	2021	3402	182
4803019	Fort Macleod	2022	3501	182
4803019	Fort Macleod	2023	3623	182
4803019	Fort Macleod	2024	3799	182
4803019	Fort Macleod	2025	3945	182
4803021	Granum	2001	401	182
4803021	Granum	2002	399	182
4803021	Granum	2003	408	182
4803021	Granum	2004	411	182
4803021	Granum	2005	417	182
4803021	Granum	2006	425	182
4803021	Granum	2007	433	182
4803021	Granum	2008	441	182
4803021	Granum	2009	445	182
4803021	Granum	2010	450	182
4803021	Granum	2011	454	182
4803021	Granum	2012	447	182
4803021	Granum	2013	439	182
4803021	Granum	2014	433	182
4803021	Granum	2015	422	182
4803022	Claresholm	2001	3703	182
4803022	Claresholm	2002	3686	182
4803022	Claresholm	2003	3681	182
4803022	Claresholm	2004	3674	182
4803022	Claresholm	2005	3724	182
4803022	Claresholm	2006	3779	182
4803022	Claresholm	2007	3875	182
4803022	Claresholm	2008	3842	182
4803022	Claresholm	2009	3876	182
4803022	Claresholm	2010	3836	182
4803022	Claresholm	2011	3842	182
4803022	Claresholm	2012	3872	182
4803022	Claresholm	2013	3994	182
4803022	Claresholm	2014	3961	182
4803022	Claresholm	2015	3876	182
4803022	Claresholm	2016	3839	182
4803022	Claresholm	2017	3817	182
4803022	Claresholm	2018	3829	182
4803022	Claresholm	2019	3865	182
4803022	Claresholm	2020	3909	182
4803022	Claresholm	2021	3895	182
4803022	Claresholm	2022	3954	182
4803022	Claresholm	2023	4001	182
4803022	Claresholm	2024	4137	182
4803022	Claresholm	2025	4248	182
4803024	Stavely	2001	451	182
4803024	Stavely	2002	448	182
4803024	Stavely	2003	441	182
4803024	Stavely	2004	442	182
4803024	Stavely	2005	436	182
4803024	Stavely	2006	448	182
4803024	Stavely	2007	464	182
4803024	Stavely	2008	481	182
4803024	Stavely	2009	492	182
4803024	Stavely	2010	505	182
4803024	Stavely	2011	518	182
4803024	Stavely	2012	523	182
4803024	Stavely	2013	528	182
4803024	Stavely	2014	537	182
4803024	Stavely	2015	543	182
4803024	Stavely	2016	552	182
4803024	Stavely	2017	504	182
4803024	Stavely	2018	484	182
4803024	Stavely	2019	487	182
4803024	Stavely	2020	507	182
4803024	Stavely	2021	558	182
4803024	Stavely	2022	560	182
4803024	Stavely	2023	562	182
4803024	Stavely	2024	563	182
4803024	Stavely	2025	577	182
4803026	Nanton	2001	1890	182
4803026	Nanton	2002	1928	182
4803026	Nanton	2003	1964	182
4803026	Nanton	2004	1992	182
4803026	Nanton	2005	2038	182
4803026	Nanton	2006	2097	182
4803026	Nanton	2007	2179	182
4803026	Nanton	2008	2201	182
4803026	Nanton	2009	2186	182
4803026	Nanton	2010	2210	182
4803026	Nanton	2011	2181	182
4803026	Nanton	2012	2186	182
4803026	Nanton	2013	2193	182
4803026	Nanton	2014	2214	182
4803026	Nanton	2015	2205	182
4803026	Nanton	2016	2220	182
4803026	Nanton	2017	2126	182
4803026	Nanton	2018	2157	182
4803026	Nanton	2019	2228	182
4803026	Nanton	2020	2227	182
4803026	Nanton	2021	2221	182
4803026	Nanton	2022	2274	182
4803026	Nanton	2023	2299	182
4803026	Nanton	2024	2449	182
4803026	Nanton	2025	2522	182
4803801	Piikani 147	2001	1574	182
4803801	Piikani 147	2002	1527	182
4803801	Piikani 147	2003	1490	182
4803801	Piikani 147	2004	1433	182
4803801	Piikani 147	2005	1381	182
4803801	Piikani 147	2006	1338	182
4803801	Piikani 147	2007	1326	182
4803801	Piikani 147	2008	1340	182
4803801	Piikani 147	2009	1301	182
4803801	Piikani 147	2010	1270	182
4803801	Piikani 147	2011	1265	182
4803801	Piikani 147	2012	1336	182
4803801	Piikani 147	2013	1363	182
4803801	Piikani 147	2014	1416	182
4803801	Piikani 147	2015	1509	182
4803801	Piikani 147	2016	1591	182
4803801	Piikani 147	2017	1565	182
4803801	Piikani 147	2018	1580	182
4803801	Piikani 147	2019	1604	182
4803801	Piikani 147	2020	1647	182
4803801	Piikani 147	2021	1626	182
4803801	Piikani 147	2022	1600	182
4803801	Piikani 147	2023	1555	182
4803801	Piikani 147	2024	1541	182
4803801	Piikani 147	2025	1529	182
4803802	Blood 148	2001	3955	182
4803802	Blood 148	2002	3985	182
4803802	Blood 148	2003	4053	182
4803802	Blood 148	2004	4111	182
4803802	Blood 148	2005	4207	182
4803802	Blood 148	2006	4322	182
4803802	Blood 148	2007	4440	182
4803802	Blood 148	2008	4566	182
4803802	Blood 148	2009	4655	182
4803802	Blood 148	2010	4779	182
4803802	Blood 148	2011	4833	182
4803802	Blood 148	2012	4819	182
4803802	Blood 148	2013	4810	182
4803802	Blood 148	2014	4824	182
4803802	Blood 148	2015	4741	182
4803802	Blood 148	2016	4708	182
4803802	Blood 148	2017	4791	182
4803802	Blood 148	2018	4825	182
4803802	Blood 148	2019	4897	182
4803802	Blood 148	2020	4957	182
4803802	Blood 148	2021	4712	182
4803802	Blood 148	2022	4629	182
4803802	Blood 148	2023	4565	182
4803802	Blood 148	2024	4432	182
4803802	Blood 148	2025	4404	182
4803803	Blood 148A	2001	4	182
4803803	Blood 148A	2002	4	182
4803803	Blood 148A	2003	2	182
4803803	Blood 148A	2004	2	182
4803803	Blood 148A	2005	0	182
4803803	Blood 148A	2006	0	182
4803803	Blood 148A	2007	0	182
4803803	Blood 148A	2008	0	182
4803803	Blood 148A	2009	0	182
4803803	Blood 148A	2010	0	182
4803803	Blood 148A	2011	0	182
4803803	Blood 148A	2012	0	182
4803803	Blood 148A	2013	0	182
4803803	Blood 148A	2014	0	182
4803803	Blood 148A	2015	0	182
4803803	Blood 148A	2016	0	182
4803803	Blood 148A	2017	0	182
4803803	Blood 148A	2018	0	182
4803803	Blood 148A	2019	0	182
4803803	Blood 148A	2020	0	182
4803803	Blood 148A	2021	0	182
4803803	Blood 148A	2022	0	182
4803803	Blood 148A	2023	0	182
4803803	Blood 148A	2024	0	182
4803803	Blood 148A	2025	0	182
4803805	"Peigan Timber Limit ""B"""	2017	4	182
4803805	"Peigan Timber Limit ""B"""	2018	4	182
4803805	"Peigan Timber Limit ""B"""	2019	4	182
4803805	"Peigan Timber Limit ""B"""	2020	4	182
4803805	"Peigan Timber Limit ""B"""	2021	17	182
4803805	"Peigan Timber Limit ""B"""	2022	17	182
4803805	"Peigan Timber Limit ""B"""	2023	17	182
4803805	"Peigan Timber Limit ""B"""	2024	27	182
4803805	"Peigan Timber Limit ""B"""	2025	30	182
4804001	Acadia No. 34	2001	528	182
4804001	Acadia No. 34	2002	539	182
4804001	Acadia No. 34	2003	547	182
4804001	Acadia No. 34	2004	540	182
4804001	Acadia No. 34	2005	542	182
4804001	Acadia No. 34	2006	559	182
4804001	Acadia No. 34	2007	517	182
4804001	Acadia No. 34	2008	532	182
4804001	Acadia No. 34	2009	506	182
4804001	Acadia No. 34	2010	502	182
4804001	Acadia No. 34	2011	513	182
4804001	Acadia No. 34	2012	526	182
4804001	Acadia No. 34	2013	503	182
4804001	Acadia No. 34	2014	499	182
4804001	Acadia No. 34	2015	511	182
4804001	Acadia No. 34	2016	499	182
4804001	Acadia No. 34	2017	453	182
4804001	Acadia No. 34	2018	477	182
4804001	Acadia No. 34	2019	472	182
4804001	Acadia No. 34	2020	476	182
4804001	Acadia No. 34	2021	508	182
4804001	Acadia No. 34	2022	491	182
4804001	Acadia No. 34	2023	482	182
4804001	Acadia No. 34	2024	478	182
4804001	Acadia No. 34	2025	489	182
4804004	Special Area No. 2	2001	2362	182
4804004	Special Area No. 2	2002	2323	182
4804004	Special Area No. 2	2003	2231	182
4804004	Special Area No. 2	2004	2197	182
4804004	Special Area No. 2	2005	2151	182
4804004	Special Area No. 2	2006	2134	182
4804004	Special Area No. 2	2007	2091	182
4804004	Special Area No. 2	2008	2144	182
4804004	Special Area No. 2	2009	2127	182
4804004	Special Area No. 2	2010	2054	182
4804004	Special Area No. 2	2011	2080	182
4804004	Special Area No. 2	2012	1993	182
4804004	Special Area No. 2	2013	1988	182
4804004	Special Area No. 2	2014	1948	182
4804004	Special Area No. 2	2015	1987	182
4804004	Special Area No. 2	2016	1917	182
4804004	Special Area No. 2	2017	1989	182
4804004	Special Area No. 2	2018	1994	182
4804004	Special Area No. 2	2019	1972	182
4804004	Special Area No. 2	2020	1919	182
4804004	Special Area No. 2	2021	1899	182
4804004	Special Area No. 2	2022	1927	182
4804004	Special Area No. 2	2023	1940	182
4804004	Special Area No. 2	2024	1898	182
4804004	Special Area No. 2	2025	1837	182
4804006	Empress	2001	174	182
4804006	Empress	2002	163	182
4804006	Empress	2003	156	182
4804006	Empress	2004	151	182
4804006	Empress	2005	134	182
4804006	Empress	2006	141	182
4804006	Empress	2007	152	182
4804006	Empress	2008	160	182
4804006	Empress	2009	170	182
4804006	Empress	2010	183	182
4804006	Empress	2011	190	182
4804006	Empress	2012	175	182
4804006	Empress	2013	168	182
4804006	Empress	2014	156	182
4804006	Empress	2015	150	182
4804006	Empress	2016	136	182
4804006	Empress	2017	118	182
4804006	Empress	2018	115	182
4804006	Empress	2019	125	182
4804006	Empress	2020	120	182
4804006	Empress	2021	152	182
4804006	Empress	2022	159	182
4804006	Empress	2023	167	182
4804006	Empress	2024	175	182
4804006	Empress	2025	179	182
4804011	Hanna	2001	3060	182
4804011	Hanna	2002	3029	182
4804011	Hanna	2003	2951	182
4804011	Hanna	2004	2963	182
4804011	Hanna	2005	2945	182
4804011	Hanna	2006	2935	182
4804011	Hanna	2007	2979	182
4804011	Hanna	2008	2905	182
4804011	Hanna	2009	2898	182
4804011	Hanna	2010	2898	182
4804011	Hanna	2011	2737	182
4804011	Hanna	2012	2705	182
4804011	Hanna	2013	2727	182
4804011	Hanna	2014	2706	182
4804011	Hanna	2015	2690	182
4804011	Hanna	2016	2587	182
4804011	Hanna	2017	2653	182
4804011	Hanna	2018	2607	182
4804011	Hanna	2019	2593	182
4804011	Hanna	2020	2628	182
4804011	Hanna	2021	2472	182
4804011	Hanna	2022	2491	182
4804011	Hanna	2023	2522	182
4804011	Hanna	2024	2597	182
4804011	Hanna	2025	2665	182
4804012	Special Area No. 3	2001	1500	182
4804012	Special Area No. 3	2002	1458	182
4804012	Special Area No. 3	2003	1401	182
4804012	Special Area No. 3	2004	1371	182
4804012	Special Area No. 3	2005	1330	182
4804012	Special Area No. 3	2006	1289	182
4804012	Special Area No. 3	2007	1299	182
4804012	Special Area No. 3	2008	1242	182
4804012	Special Area No. 3	2009	1271	182
4804012	Special Area No. 3	2010	1178	182
4804012	Special Area No. 3	2011	1154	182
4804012	Special Area No. 3	2012	1122	182
4804012	Special Area No. 3	2013	1085	182
4804012	Special Area No. 3	2014	1140	182
4804012	Special Area No. 3	2015	1076	182
4804012	Special Area No. 3	2016	1051	182
4804012	Special Area No. 3	2017	1077	182
4804012	Special Area No. 3	2018	1075	182
4804012	Special Area No. 3	2019	1035	182
4804012	Special Area No. 3	2020	1021	182
4804012	Special Area No. 3	2021	1174	182
4804012	Special Area No. 3	2022	1096	182
4804012	Special Area No. 3	2023	1079	182
4804012	Special Area No. 3	2024	1049	182
4804012	Special Area No. 3	2025	1043	182
4804014	Oyen	2001	1041	182
4804014	Oyen	2002	1038	182
4804014	Oyen	2003	1030	182
4804014	Oyen	2004	1034	182
4804014	Oyen	2005	1032	182
4804014	Oyen	2006	1037	182
4804014	Oyen	2007	1042	182
4804014	Oyen	2008	1024	182
4804014	Oyen	2009	1017	182
4804014	Oyen	2010	1010	182
4804014	Oyen	2011	999	182
4804014	Oyen	2012	972	182
4804014	Oyen	2013	1007	182
4804014	Oyen	2014	1003	182
4804014	Oyen	2015	1031	182
4804014	Oyen	2016	1007	182
4804014	Oyen	2017	947	182
4804014	Oyen	2018	942	182
4804014	Oyen	2019	925	182
4804014	Oyen	2020	933	182
4804014	Oyen	2021	946	182
4804014	Oyen	2022	931	182
4804014	Oyen	2023	952	182
4804014	Oyen	2024	946	182
4804014	Oyen	2025	961	182
4804016	Cereal	2001	190	182
4804016	Cereal	2002	183	182
4804016	Cereal	2003	170	182
4804016	Cereal	2004	162	182
4804016	Cereal	2005	147	182
4804016	Cereal	2006	129	182
4804016	Cereal	2007	133	182
4804016	Cereal	2008	133	182
4804016	Cereal	2009	135	182
4804016	Cereal	2010	138	182
4804016	Cereal	2011	136	182
4804016	Cereal	2012	127	182
4804016	Cereal	2013	124	182
4804016	Cereal	2014	119	182
4804016	Cereal	2015	118	182
4804019	Youngstown	2001	188	182
4804019	Youngstown	2002	182	182
4804019	Youngstown	2003	178	182
4804019	Youngstown	2004	178	182
4804019	Youngstown	2005	175	182
4804019	Youngstown	2006	174	182
4804019	Youngstown	2007	178	182
4804019	Youngstown	2008	178	182
4804019	Youngstown	2009	180	182
4804019	Youngstown	2010	182	182
4804019	Youngstown	2011	183	182
4804019	Youngstown	2012	172	182
4804019	Youngstown	2013	171	182
4804019	Youngstown	2014	165	182
4804019	Youngstown	2015	165	182
4804019	Youngstown	2016	154	182
4804019	Youngstown	2017	136	182
4804019	Youngstown	2018	135	182
4804019	Youngstown	2019	135	182
4804019	Youngstown	2020	143	182
4804019	Youngstown	2021	175	182
4804019	Youngstown	2022	175	182
4804019	Youngstown	2023	173	182
4804019	Youngstown	2024	176	182
4804019	Youngstown	2025	179	182
4804020	Special Area No. 4	2001	1542	182
4804020	Special Area No. 4	2002	1516	182
4804020	Special Area No. 4	2003	1470	182
4804020	Special Area No. 4	2004	1453	182
4804020	Special Area No. 4	2005	1436	182
4804020	Special Area No. 4	2006	1420	182
4804020	Special Area No. 4	2007	1483	182
4804020	Special Area No. 4	2008	1433	182
4804020	Special Area No. 4	2009	1457	182
4804020	Special Area No. 4	2010	1447	182
4804020	Special Area No. 4	2011	1378	182
4804020	Special Area No. 4	2012	1352	182
4804020	Special Area No. 4	2013	1354	182
4804020	Special Area No. 4	2014	1336	182
4804020	Special Area No. 4	2015	1239	182
4804020	Special Area No. 4	2016	1252	182
4804020	Special Area No. 4	2017	1281	182
4804020	Special Area No. 4	2018	1293	182
4804020	Special Area No. 4	2019	1269	182
4804020	Special Area No. 4	2020	1255	182
4804020	Special Area No. 4	2021	1263	182
4804020	Special Area No. 4	2022	1240	182
4804020	Special Area No. 4	2023	1253	182
4804020	Special Area No. 4	2024	1242	182
4804020	Special Area No. 4	2025	1171	182
4804021	Veteran	2001	300	182
4804021	Veteran	2002	299	182
4804021	Veteran	2003	299	182
4804021	Veteran	2004	298	182
4804021	Veteran	2005	300	182
4804021	Veteran	2006	300	182
4804021	Veteran	2007	295	182
4804021	Veteran	2008	282	182
4804021	Veteran	2009	273	182
4804021	Veteran	2010	265	182
4804021	Veteran	2011	257	182
4804021	Veteran	2012	242	182
4804021	Veteran	2013	239	182
4804021	Veteran	2014	230	182
4804021	Veteran	2015	228	182
4804021	Veteran	2016	209	182
4804021	Veteran	2017	177	182
4804021	Veteran	2018	193	182
4804021	Veteran	2019	196	182
4804021	Veteran	2020	182	182
4804021	Veteran	2021	220	182
4804021	Veteran	2022	218	182
4804021	Veteran	2023	222	182
4804021	Veteran	2024	224	182
4804021	Veteran	2025	230	182
4804022	Consort	2001	651	182
4804022	Consort	2002	667	182
4804022	Consort	2003	687	182
4804022	Consort	2004	720	182
4804022	Consort	2005	744	182
4804022	Consort	2006	762	182
4804022	Consort	2007	740	182
4804022	Consort	2008	727	182
4804022	Consort	2009	658	182
4804022	Consort	2010	707	182
4804022	Consort	2011	712	182
4804022	Consort	2012	695	182
4804022	Consort	2013	713	182
4804022	Consort	2014	720	182
4804022	Consort	2015	749	182
4804022	Consort	2016	732	182
4804022	Consort	2017	697	182
4804022	Consort	2018	678	182
4804022	Consort	2019	667	182
4804022	Consort	2020	679	182
4804022	Consort	2021	666	182
4804022	Consort	2022	667	182
4804022	Consort	2023	659	182
4804022	Consort	2024	669	182
4804022	Consort	2025	707	182
4805001	Vulcan County	2001	3857	182
4805001	Vulcan County	2002	3855	182
4805001	Vulcan County	2003	3840	182
4805001	Vulcan County	2004	3799	182
4805001	Vulcan County	2005	3801	182
4805001	Vulcan County	2006	3837	182
4805001	Vulcan County	2007	3916	182
4805001	Vulcan County	2008	3990	182
4805001	Vulcan County	2009	3985	182
4805001	Vulcan County	2010	3916	182
4805001	Vulcan County	2011	3991	182
4805001	Vulcan County	2012	3922	182
4805001	Vulcan County	2013	3965	182
4805001	Vulcan County	2014	4012	182
4805001	Vulcan County	2015	4070	182
4805001	Vulcan County	2016	4082	182
4805001	Vulcan County	2017	4153	182
4805001	Vulcan County	2018	4160	182
4805001	Vulcan County	2019	4196	182
4805001	Vulcan County	2020	4183	182
4805001	Vulcan County	2021	4400	182
4805001	Vulcan County	2022	4385	182
4805001	Vulcan County	2023	4390	182
4805001	Vulcan County	2024	4407	182
4805001	Vulcan County	2025	4491	182
4805002	Carmangay	2001	261	182
4805002	Carmangay	2002	276	182
4805002	Carmangay	2003	285	182
4805002	Carmangay	2004	308	182
4805002	Carmangay	2005	322	182
4805002	Carmangay	2006	344	182
4805002	Carmangay	2007	353	182
4805002	Carmangay	2008	358	182
4805002	Carmangay	2009	365	182
4805002	Carmangay	2010	369	182
4805002	Carmangay	2011	371	182
4805002	Carmangay	2012	346	182
4805002	Carmangay	2013	320	182
4805002	Carmangay	2014	297	182
4805002	Carmangay	2015	272	182
4805002	Carmangay	2016	245	182
4805002	Carmangay	2017	237	182
4805002	Carmangay	2018	245	182
4805002	Carmangay	2019	246	182
4805002	Carmangay	2020	244	182
4805002	Carmangay	2021	274	182
4805002	Carmangay	2022	284	182
4805002	Carmangay	2023	287	182
4805002	Carmangay	2024	291	182
4805002	Carmangay	2025	297	182
4805004	Champion	2001	362	182
4805004	Champion	2002	361	182
4805004	Champion	2003	363	182
4805004	Champion	2004	367	182
4805004	Champion	2005	367	182
4805004	Champion	2006	372	182
4805004	Champion	2007	378	182
4805004	Champion	2008	378	182
4805004	Champion	2009	381	182
4805004	Champion	2010	382	182
4805004	Champion	2011	386	182
4805004	Champion	2012	372	182
4805004	Champion	2013	360	182
4805004	Champion	2014	348	182
4805004	Champion	2015	337	182
4805004	Champion	2016	322	182
4805004	Champion	2017	294	182
4805004	Champion	2018	291	182
4805004	Champion	2019	302	182
4805004	Champion	2020	304	182
4805004	Champion	2021	361	182
4805004	Champion	2022	379	182
4805004	Champion	2023	399	182
4805004	Champion	2024	438	182
4805004	Champion	2025	453	182
4805006	Vulcan	2001	1802	182
4805006	Vulcan	2002	1847	182
4805006	Vulcan	2003	1874	182
4805006	Vulcan	2004	1894	182
4805006	Vulcan	2005	1932	182
4805006	Vulcan	2006	1973	182
4805006	Vulcan	2007	2010	182
4805006	Vulcan	2008	1924	182
4805006	Vulcan	2009	1921	182
4805006	Vulcan	2010	1879	182
4805006	Vulcan	2011	1873	182
4805006	Vulcan	2012	1876	182
4805006	Vulcan	2013	1889	182
4805006	Vulcan	2014	1906	182
4805006	Vulcan	2015	1929	182
4805006	Vulcan	2016	1948	182
4805006	Vulcan	2017	1881	182
4805006	Vulcan	2018	1882	182
4805006	Vulcan	2019	1860	182
4805006	Vulcan	2020	1837	182
4805006	Vulcan	2021	1809	182
4805006	Vulcan	2022	1824	182
4805006	Vulcan	2023	1839	182
4805006	Vulcan	2024	1897	182
4805006	Vulcan	2025	1922	182
4805008	Lomond	2001	176	182
4805008	Lomond	2002	175	182
4805008	Lomond	2003	174	182
4805008	Lomond	2004	176	182
4805008	Lomond	2005	176	182
4805008	Lomond	2006	180	182
4805008	Lomond	2007	184	182
4805008	Lomond	2008	183	182
4805008	Lomond	2009	183	182
4805008	Lomond	2010	181	182
4805008	Lomond	2011	177	182
4805008	Lomond	2012	173	182
4805008	Lomond	2013	172	182
4805008	Lomond	2014	171	182
4805008	Lomond	2015	170	182
4805008	Lomond	2016	169	182
4805008	Lomond	2017	167	182
4805008	Lomond	2018	163	182
4805008	Lomond	2019	174	182
4805008	Lomond	2020	189	182
4805008	Lomond	2021	184	182
4805008	Lomond	2022	191	182
4805008	Lomond	2023	199	182
4805008	Lomond	2024	207	182
4805008	Lomond	2025	224	182
4805009	Milo	2001	118	182
4805009	Milo	2002	114	182
4805009	Milo	2003	110	182
4805009	Milo	2004	109	182
4805009	Milo	2005	105	182
4805009	Milo	2006	101	182
4805009	Milo	2007	106	182
4805009	Milo	2008	110	182
4805009	Milo	2009	114	182
4805009	Milo	2010	120	182
4805009	Milo	2011	125	182
4805009	Milo	2012	118	182
4805009	Milo	2013	113	182
4805009	Milo	2014	106	182
4805009	Milo	2015	99	182
4805009	Milo	2016	92	182
4805009	Milo	2017	74	182
4805009	Milo	2018	80	182
4805009	Milo	2019	88	182
4805009	Milo	2020	89	182
4805009	Milo	2021	114	182
4805009	Milo	2022	93	182
4805009	Milo	2023	97	182
4805009	Milo	2024	101	182
4805009	Milo	2025	131	182
4805011	Arrowwood	2001	201	182
4805011	Arrowwood	2002	202	182
4805011	Arrowwood	2003	207	182
4805011	Arrowwood	2004	210	182
4805011	Arrowwood	2005	219	182
4805011	Arrowwood	2006	229	182
4805011	Arrowwood	2007	226	182
4805011	Arrowwood	2008	219	182
4805011	Arrowwood	2009	212	182
4805011	Arrowwood	2010	204	182
4805011	Arrowwood	2011	193	182
4805011	Arrowwood	2012	196	182
4805011	Arrowwood	2013	200	182
4805011	Arrowwood	2014	204	182
4805011	Arrowwood	2015	208	182
4805011	Arrowwood	2016	212	182
4805011	Arrowwood	2017	190	182
4805011	Arrowwood	2018	187	182
4805011	Arrowwood	2019	168	182
4805011	Arrowwood	2020	147	182
4805011	Arrowwood	2021	194	182
4805011	Arrowwood	2022	196	182
4805011	Arrowwood	2023	198	182
4805011	Arrowwood	2024	200	182
4805011	Arrowwood	2025	197	182
4805012	Wheatland County	2001	8064	182
4805012	Wheatland County	2002	8136	182
4805012	Wheatland County	2003	8174	182
4805012	Wheatland County	2004	8152	182
4805012	Wheatland County	2005	8210	182
4805012	Wheatland County	2006	8343	182
4805012	Wheatland County	2007	8387	182
4805012	Wheatland County	2008	8632	182
4805012	Wheatland County	2009	8475	182
4805012	Wheatland County	2010	8489	182
4805012	Wheatland County	2011	8551	182
4805012	Wheatland County	2012	8610	182
4805012	Wheatland County	2013	8684	182
4805012	Wheatland County	2014	8646	182
4805012	Wheatland County	2015	9044	182
4805012	Wheatland County	2016	9007	182
4805012	Wheatland County	2017	9115	182
4805012	Wheatland County	2018	9211	182
4805012	Wheatland County	2019	9275	182
4805012	Wheatland County	2020	9306	182
4805012	Wheatland County	2021	8997	182
4805012	Wheatland County	2022	9246	182
4805012	Wheatland County	2023	9528	182
4805012	Wheatland County	2024	9796	182
4805012	Wheatland County	2025	10150	182
4805018	Strathmore	2001	7922	182
4805018	Strathmore	2002	8435	182
4805018	Strathmore	2003	8949	182
4805018	Strathmore	2004	9397	182
4805018	Strathmore	2005	9983	182
4805018	Strathmore	2006	10748	182
4805018	Strathmore	2007	11443	182
4805018	Strathmore	2008	11786	182
4805018	Strathmore	2009	12249	182
4805018	Strathmore	2010	12563	182
4805018	Strathmore	2011	12735	182
4805018	Strathmore	2012	13127	182
4805018	Strathmore	2013	13539	182
4805018	Strathmore	2014	13960	182
4805018	Strathmore	2015	13832	182
4805018	Strathmore	2016	14084	182
4805018	Strathmore	2017	14568	182
4805018	Strathmore	2018	14721	182
4805018	Strathmore	2019	14835	182
4805018	Strathmore	2020	14961	182
4805018	Strathmore	2021	14831	182
4805018	Strathmore	2022	15296	182
4805018	Strathmore	2023	15724	182
4805018	Strathmore	2024	16135	182
4805018	Strathmore	2025	16416	182
4805019	Hussar	2001	185	182
4805019	Hussar	2002	185	182
4805019	Hussar	2003	187	182
4805019	Hussar	2004	187	182
4805019	Hussar	2005	192	182
4805019	Hussar	2006	193	182
4805019	Hussar	2007	194	182
4805019	Hussar	2008	192	182
4805019	Hussar	2009	191	182
4805019	Hussar	2010	186	182
4805019	Hussar	2011	180	182
4805019	Hussar	2012	181	182
4805019	Hussar	2013	183	182
4805019	Hussar	2014	187	182
4805019	Hussar	2015	191	182
4805019	Hussar	2016	195	182
4805019	Hussar	2017	155	182
4805019	Hussar	2018	161	182
4805019	Hussar	2019	159	182
4805019	Hussar	2020	155	182
4805019	Hussar	2021	169	182
4805019	Hussar	2022	167	182
4805019	Hussar	2023	165	182
4805019	Hussar	2024	179	182
4805019	Hussar	2025	192	182
4805021	Standard	2001	398	182
4805021	Standard	2002	397	182
4805021	Standard	2003	393	182
4805021	Standard	2004	389	182
4805021	Standard	2005	391	182
4805021	Standard	2006	392	182
4805021	Standard	2007	395	182
4805021	Standard	2008	394	182
4805021	Standard	2009	395	182
4805021	Standard	2010	393	182
4805021	Standard	2011	391	182
4805021	Standard	2012	387	182
4805021	Standard	2013	384	182
4805021	Standard	2014	379	182
4805021	Standard	2015	373	182
4805021	Standard	2016	361	182
4805021	Standard	2017	348	182
4805021	Standard	2018	362	182
4805021	Standard	2019	356	182
4805021	Standard	2020	358	182
4805021	Standard	2021	362	182
4805021	Standard	2022	368	182
4805021	Standard	2023	381	182
4805021	Standard	2024	383	182
4805021	Standard	2025	384	182
4805022	Rockyford	2001	383	182
4805022	Rockyford	2002	377	182
4805022	Rockyford	2003	369	182
4805022	Rockyford	2004	364	182
4805022	Rockyford	2005	361	182
4805022	Rockyford	2006	356	182
4805022	Rockyford	2007	358	182
4805022	Rockyford	2008	354	182
4805022	Rockyford	2009	353	182
4805022	Rockyford	2010	361	182
4805022	Rockyford	2011	332	182
4805022	Rockyford	2012	333	182
4805022	Rockyford	2013	318	182
4805022	Rockyford	2014	321	182
4805022	Rockyford	2015	325	182
4805022	Rockyford	2016	324	182
4805022	Rockyford	2017	295	182
4805022	Rockyford	2018	307	182
4805022	Rockyford	2019	299	182
4805022	Rockyford	2020	292	182
4805022	Rockyford	2021	407	182
4805022	Rockyford	2022	412	182
4805022	Rockyford	2023	409	182
4805022	Rockyford	2024	421	182
4805022	Rockyford	2025	421	182
4805026	Drumheller	2001	7993	182
4805026	Drumheller	2002	8027	182
4805026	Drumheller	2003	8018	182
4805026	Drumheller	2004	7985	182
4805026	Drumheller	2005	8030	182
4805026	Drumheller	2006	8207	182
4805026	Drumheller	2007	8344	182
4805026	Drumheller	2008	8331	182
4805026	Drumheller	2009	8361	182
4805026	Drumheller	2010	8334	182
4805026	Drumheller	2011	8311	182
4805026	Drumheller	2012	8463	182
4805026	Drumheller	2013	8355	182
4805026	Drumheller	2014	8377	182
4805026	Drumheller	2015	8346	182
4805026	Drumheller	2016	8162	182
4805026	Drumheller	2017	8266	182
4805026	Drumheller	2018	8211	182
4805026	Drumheller	2019	8171	182
4805026	Drumheller	2020	8156	182
4805026	Drumheller	2021	8176	182
4805026	Drumheller	2022	8231	182
4805026	Drumheller	2023	8363	182
4805026	Drumheller	2024	8375	182
4805026	Drumheller	2025	8439	182
4805031	Starland County	2001	2263	182
4805031	Starland County	2002	2298	182
4805031	Starland County	2003	2324	182
4805031	Starland County	2004	2332	182
4805031	Starland County	2005	2361	182
4805031	Starland County	2006	2432	182
4805031	Starland County	2007	2408	182
4805031	Starland County	2008	2343	182
4805031	Starland County	2009	2284	182
4805031	Starland County	2010	2209	182
4805031	Starland County	2011	2112	182
4805031	Starland County	2012	2047	182
4805031	Starland County	2013	2154	182
4805031	Starland County	2014	2091	182
4805031	Starland County	2015	2117	182
4805031	Starland County	2016	2109	182
4805031	Starland County	2017	2020	182
4805031	Starland County	2018	1999	182
4805031	Starland County	2019	2002	182
4805031	Starland County	2020	1983	182
4805031	Starland County	2021	1876	182
4805031	Starland County	2022	1828	182
4805031	Starland County	2023	1831	182
4805031	Starland County	2024	1808	182
4805031	Starland County	2025	1820	182
4805034	Delia	2001	219	182
4805034	Delia	2002	213	182
4805034	Delia	2003	214	182
4805034	Delia	2004	215	182
4805034	Delia	2005	212	182
4805034	Delia	2006	211	182
4805034	Delia	2007	211	182
4805034	Delia	2008	207	182
4805034	Delia	2009	202	182
4805034	Delia	2010	197	182
4805034	Delia	2011	192	182
4805034	Delia	2012	195	182
4805034	Delia	2013	200	182
4805034	Delia	2014	208	182
4805034	Delia	2015	215	182
4805034	Delia	2016	221	182
4805034	Delia	2017	171	182
4805034	Delia	2018	171	182
4805034	Delia	2019	184	182
4805034	Delia	2020	187	182
4805034	Delia	2021	155	182
4805034	Delia	2022	152	182
4805034	Delia	2023	149	182
4805034	Delia	2024	146	182
4805034	Delia	2025	145	182
4805036	Munson	2001	227	182
4805036	Munson	2002	229	182
4805036	Munson	2003	228	182
4805036	Munson	2004	225	182
4805036	Munson	2005	222	182
4805036	Munson	2006	225	182
4805036	Munson	2007	225	182
4805036	Munson	2008	222	182
4805036	Munson	2009	219	182
4805036	Munson	2010	214	182
4805036	Munson	2011	210	182
4805036	Munson	2012	206	182
4805036	Munson	2013	202	182
4805036	Munson	2014	199	182
4805036	Munson	2015	199	182
4805036	Munson	2016	198	182
4805036	Munson	2017	167	182
4805036	Munson	2018	167	182
4805036	Munson	2019	166	182
4805036	Munson	2020	151	182
4805036	Munson	2021	176	182
4805036	Munson	2022	183	182
4805036	Munson	2023	185	182
4805036	Munson	2024	182	182
4805036	Munson	2025	180	182
4805038	Morrin	2001	257	182
4805038	Morrin	2002	259	182
4805038	Morrin	2003	258	182
4805038	Morrin	2004	258	182
4805038	Morrin	2005	261	182
4805038	Morrin	2006	261	182
4805038	Morrin	2007	261	182
4805038	Morrin	2008	258	182
4805038	Morrin	2009	256	182
4805038	Morrin	2010	252	182
4805038	Morrin	2011	252	182
4805038	Morrin	2012	251	182
4805038	Morrin	2013	252	182
4805038	Morrin	2014	251	182
4805038	Morrin	2015	249	182
4805038	Morrin	2016	246	182
4805038	Morrin	2017	195	182
4805038	Morrin	2018	189	182
4805038	Morrin	2019	190	182
4805038	Morrin	2020	197	182
4805038	Morrin	2021	211	182
4805038	Morrin	2022	209	182
4805038	Morrin	2023	217	182
4805038	Morrin	2024	224	182
4805038	Morrin	2025	231	182
4805041	Kneehill County	2001	5427	182
4805041	Kneehill County	2002	5418	182
4805041	Kneehill County	2003	5377	182
4805041	Kneehill County	2004	5314	182
4805041	Kneehill County	2005	5295	182
4805041	Kneehill County	2006	5361	182
4805041	Kneehill County	2007	5237	182
4805041	Kneehill County	2008	5323	182
4805041	Kneehill County	2009	5261	182
4805041	Kneehill County	2010	5236	182
4805041	Kneehill County	2011	5038	182
4805041	Kneehill County	2012	4991	182
4805041	Kneehill County	2013	5079	182
4805041	Kneehill County	2014	4939	182
4805041	Kneehill County	2015	5000	182
4805041	Kneehill County	2016	5125	182
4805041	Kneehill County	2017	5176	182
4805041	Kneehill County	2018	5140	182
4805041	Kneehill County	2019	5121	182
4805041	Kneehill County	2020	5097	182
4805041	Kneehill County	2021	5064	182
4805041	Kneehill County	2022	4931	182
4805041	Kneehill County	2023	4915	182
4805041	Kneehill County	2024	4910	182
4805041	Kneehill County	2025	5037	182
4805042	Carbon	2001	543	182
4805042	Carbon	2002	548	182
4805042	Carbon	2003	553	182
4805042	Carbon	2004	556	182
4805042	Carbon	2005	567	182
4805042	Carbon	2006	588	182
4805042	Carbon	2007	601	182
4805042	Carbon	2008	605	182
4805042	Carbon	2009	610	182
4805042	Carbon	2010	609	182
4805042	Carbon	2011	606	182
4805042	Carbon	2012	575	182
4805042	Carbon	2013	546	182
4805042	Carbon	2014	518	182
4805042	Carbon	2015	491	182
4805042	Carbon	2016	463	182
4805042	Carbon	2017	399	182
4805042	Carbon	2018	394	182
4805042	Carbon	2019	390	182
4805042	Carbon	2020	403	182
4805042	Carbon	2021	506	182
4805042	Carbon	2022	519	182
4805042	Carbon	2023	533	182
4805042	Carbon	2024	534	182
4805042	Carbon	2025	551	182
4805044	Acme	2001	662	182
4805044	Acme	2002	671	182
4805044	Acme	2003	666	182
4805044	Acme	2004	670	182
4805044	Acme	2005	668	182
4805044	Acme	2006	675	182
4805044	Acme	2007	680	182
4805044	Acme	2008	675	182
4805044	Acme	2009	674	182
4805044	Acme	2010	673	182
4805044	Acme	2011	672	182
4805044	Acme	2012	670	182
4805044	Acme	2013	670	182
4805044	Acme	2014	671	182
4805044	Acme	2015	672	182
4805044	Acme	2016	667	182
4805044	Acme	2017	597	182
4805044	Acme	2018	620	182
4805044	Acme	2019	647	182
4805044	Acme	2020	644	182
4805044	Acme	2021	617	182
4805044	Acme	2022	628	182
4805044	Acme	2023	640	182
4805044	Acme	2024	653	182
4805044	Acme	2025	651	182
4805046	Linden	2001	649	182
4805046	Linden	2002	649	182
4805046	Linden	2003	651	182
4805046	Linden	2004	660	182
4805046	Linden	2005	662	182
4805046	Linden	2006	681	182
4805046	Linden	2007	700	182
4805046	Linden	2008	710	182
4805046	Linden	2009	724	182
4805046	Linden	2010	734	182
4805046	Linden	2011	745	182
4805046	Linden	2012	761	182
4805046	Linden	2013	779	182
4805046	Linden	2014	800	182
4805046	Linden	2015	822	182
4805046	Linden	2016	839	182
4805046	Linden	2017	764	182
4805046	Linden	2018	832	182
4805046	Linden	2019	802	182
4805046	Linden	2020	776	182
4805046	Linden	2021	768	182
4805046	Linden	2022	810	182
4805046	Linden	2023	868	182
4805046	Linden	2024	931	182
4805046	Linden	2025	911	182
4805048	Three Hills	2001	2962	182
4805048	Three Hills	2002	2992	182
4805048	Three Hills	2003	3020	182
4805048	Three Hills	2004	3051	182
4805048	Three Hills	2005	3091	182
4805048	Three Hills	2006	3183	182
4805048	Three Hills	2007	3331	182
4805048	Three Hills	2008	3137	182
4805048	Three Hills	2009	3207	182
4805048	Three Hills	2010	3200	182
4805048	Three Hills	2011	3293	182
4805048	Three Hills	2012	3282	182
4805048	Three Hills	2013	3367	182
4805048	Three Hills	2014	3384	182
4805048	Three Hills	2015	3325	182
4805048	Three Hills	2016	3272	182
4805048	Three Hills	2017	3270	182
4805048	Three Hills	2018	3223	182
4805048	Three Hills	2019	3217	182
4805048	Three Hills	2020	3235	182
4805048	Three Hills	2021	3264	182
4805048	Three Hills	2022	3376	182
4805048	Three Hills	2023	3477	182
4805048	Three Hills	2024	3519	182
4805048	Three Hills	2025	3564	182
4805049	Trochu	2001	1054	182
4805049	Trochu	2002	1044	182
4805049	Trochu	2003	1039	182
4805049	Trochu	2004	1033	182
4805049	Trochu	2005	1031	182
4805049	Trochu	2006	1023	182
4805049	Trochu	2007	1022	182
4805049	Trochu	2008	1084	182
4805049	Trochu	2009	1118	182
4805049	Trochu	2010	1132	182
4805049	Trochu	2011	1097	182
4805049	Trochu	2012	1098	182
4805049	Trochu	2013	1089	182
4805049	Trochu	2014	1102	182
4805049	Trochu	2015	1102	182
4805049	Trochu	2016	1071	182
4805049	Trochu	2017	976	182
4805049	Trochu	2018	970	182
4805049	Trochu	2019	966	182
4805049	Trochu	2020	951	182
4805049	Trochu	2021	1024	182
4805049	Trochu	2022	1030	182
4805049	Trochu	2023	1056	182
4805049	Trochu	2024	1178	182
4805049	Trochu	2025	1191	182
4805802	Siksika 146	2001	2839	182
4805802	Siksika 146	2002	2840	182
4805802	Siksika 146	2003	2836	182
4805802	Siksika 146	2004	2813	182
4805802	Siksika 146	2005	2821	182
4805802	Siksika 146	2006	2845	182
4805802	Siksika 146	2007	2877	182
4805802	Siksika 146	2008	2882	182
4805802	Siksika 146	2009	2946	182
4805802	Siksika 146	2010	2954	182
4805802	Siksika 146	2011	3095	182
4805802	Siksika 146	2012	3150	182
4805802	Siksika 146	2013	3180	182
4805802	Siksika 146	2014	3534	182
4805802	Siksika 146	2015	3448	182
4805802	Siksika 146	2016	3575	182
4805802	Siksika 146	2017	3611	182
4805802	Siksika 146	2018	3599	182
4805802	Siksika 146	2019	3634	182
4805802	Siksika 146	2020	3632	182
4805802	Siksika 146	2021	3688	182
4805802	Siksika 146	2022	3657	182
4805802	Siksika 146	2023	3650	182
4805802	Siksika 146	2024	3613	182
4805802	Siksika 146	2025	3645	182
4806001	Foothills No. 31	2001	16964	182
4806001	Foothills No. 31	2002	17659	182
4806001	Foothills No. 31	2003	18218	182
4806001	Foothills No. 31	2004	18803	182
4806001	Foothills No. 31	2005	19540	182
4806001	Foothills No. 31	2006	20300	182
4806001	Foothills No. 31	2007	20822	182
4806001	Foothills No. 31	2008	21269	182
4806001	Foothills No. 31	2009	21693	182
4806001	Foothills No. 31	2010	22106	182
4806001	Foothills No. 31	2011	21826	182
4806001	Foothills No. 31	2012	22150	182
4806001	Foothills No. 31	2013	22627	182
4806001	Foothills No. 31	2014	22776	182
4806001	Foothills No. 31	2015	23370	182
4806001	Foothills County	2016	23202	182
4806001	Foothills County	2017	23484	182
4806001	Foothills County	2018	23584	182
4806001	Foothills County	2019	23761	182
4806001	Foothills County	2020	23723	182
4806001	Foothills County	2021	23851	182
4806001	Foothills County	2022	24112	182
4806001	Foothills County	2023	24558	182
4806001	Foothills County	2024	25202	182
4806001	Foothills County	2025	25779	182
4806006	High River	2001	9608	182
4806006	High River	2002	9896	182
4806006	High River	2003	10118	182
4806006	High River	2004	10360	182
4806006	High River	2005	10710	182
4806006	High River	2006	11053	182
4806006	High River	2007	11592	182
4806006	High River	2008	12093	182
4806006	High River	2009	12642	182
4806006	High River	2010	13023	182
4806006	High River	2011	13352	182
4806006	High River	2012	13802	182
4806006	High River	2013	13937	182
4806006	High River	2014	13581	182
4806006	High River	2015	13868	182
4806006	High River	2016	13889	182
4806006	High River	2017	13988	182
4806006	High River	2018	14116	182
4806006	High River	2019	14046	182
4806006	High River	2020	14109	182
4806006	High River	2021	14740	182
4806006	High River	2022	15011	182
4806006	High River	2023	15289	182
4806006	High River	2024	15506	182
4806006	High River	2025	15518	182
4806008	Longview	2001	305	182
4806008	Longview	2002	304	182
4806008	Longview	2003	305	182
4806008	Longview	2004	307	182
4806008	Longview	2005	307	182
4806008	Longview	2006	307	182
4806008	Longview	2007	307	182
4806008	Longview	2008	309	182
4806008	Longview	2009	311	182
4806008	Longview	2010	312	182
4806008	Longview	2011	314	182
4806008	Longview	2012	317	182
4806008	Longview	2013	321	182
4806008	Longview	2014	323	182
4806008	Longview	2015	319	182
4806008	Longview	2016	314	182
4806008	Longview	2017	277	182
4806008	Longview	2018	274	182
4806008	Longview	2019	253	182
4806008	Longview	2020	253	182
4806008	Longview	2021	306	182
4806008	Longview	2022	307	182
4806008	Longview	2023	308	182
4806008	Longview	2024	309	182
4806008	Longview	2025	304	182
4806009	Turner Valley	2001	1640	182
4806009	Turner Valley	2002	1699	182
4806009	Turner Valley	2003	1749	182
4806009	Turner Valley	2004	1804	182
4806009	Turner Valley	2005	1875	182
4806009	Turner Valley	2006	1971	182
4806009	Turner Valley	2007	2028	182
4806009	Turner Valley	2008	2088	182
4806009	Turner Valley	2009	2153	182
4806009	Turner Valley	2010	2197	182
4806009	Turner Valley	2011	2243	182
4806009	Turner Valley	2012	2302	182
4806009	Turner Valley	2013	2312	182
4806009	Turner Valley	2014	2454	182
4806009	Turner Valley	2015	2556	182
4806009	Turner Valley	2016	2628	182
4806009	Turner Valley	2017	2626	182
4806009	Turner Valley	2018	2665	182
4806009	Turner Valley	2019	2691	182
4806009	Turner Valley	2020	2705	182
4806009	Turner Valley	2021	2686	182
4806009	Turner Valley	2022	2768	182
4806011	Black Diamond	2001	1896	182
4806011	Black Diamond	2002	1913	182
4806011	Black Diamond	2003	1908	182
4806011	Black Diamond	2004	1911	182
4806011	Black Diamond	2005	1939	182
4806011	Black Diamond	2006	1966	182
4806011	Black Diamond	2007	2062	182
4806011	Black Diamond	2008	2164	182
4806011	Black Diamond	2009	2272	182
4806011	Black Diamond	2010	2356	182
4806011	Black Diamond	2011	2448	182
4806011	Black Diamond	2012	2519	182
4806011	Black Diamond	2013	2603	182
4806011	Black Diamond	2014	2677	182
4806011	Black Diamond	2015	2727	182
4806011	Black Diamond	2016	2763	182
4806011	Black Diamond	2017	2715	182
4806011	Black Diamond	2018	2727	182
4806011	Black Diamond	2019	2676	182
4806011	Black Diamond	2020	2721	182
4806011	Black Diamond	2021	2804	182
4806011	Black Diamond	2022	2825	182
4806012	Okotoks	2001	12069	182
4806012	Okotoks	2002	13156	182
4806012	Okotoks	2003	14190	182
4806012	Okotoks	2004	15275	182
4806012	Okotoks	2005	16528	182
4806012	Okotoks	2006	17937	182
4806012	Okotoks	2007	19737	182
4806012	Okotoks	2008	21357	182
4806012	Okotoks	2009	23060	182
4806012	Okotoks	2010	24444	182
4806012	Okotoks	2011	25490	182
4806012	Okotoks	2012	26721	182
4806012	Okotoks	2013	27800	182
4806012	Okotoks	2014	28718	182
4806012	Okotoks	2015	29239	182
4806012	Okotoks	2016	29709	182
4806012	Okotoks	2017	29969	182
4806012	Okotoks	2018	30263	182
4806012	Okotoks	2019	30412	182
4806012	Okotoks	2020	30846	182
4806012	Okotoks	2021	31386	182
4806012	Okotoks	2022	31926	182
4806012	Okotoks	2023	32529	182
4806012	Okotoks	2024	33181	182
4806012	Okotoks	2025	33482	182
4806014	Rocky View County	2001	29114	182
4806014	Rocky View County	2002	30072	182
4806014	Rocky View County	2003	30779	182
4806014	Rocky View County	2004	31533	182
4806014	Rocky View County	2005	32523	182
4806014	Rocky View County	2006	33640	182
4806014	Rocky View County	2007	34701	182
4806014	Rocky View County	2008	35243	182
4806014	Rocky View County	2009	35857	182
4806014	Rocky View County	2010	36427	182
4806014	Rocky View County	2011	36811	182
4806014	Rocky View County	2012	37401	182
4806014	Rocky View County	2013	38271	182
4806014	Rocky View County	2014	39162	182
4806014	Rocky View County	2015	39607	182
4806014	Rocky View County	2016	40373	182
4806014	Rocky View County	2017	40815	182
4806014	Rocky View County	2018	41227	182
4806014	Rocky View County	2019	41653	182
4806014	Rocky View County	2020	41891	182
4806014	Rocky View County	2021	42378	182
4806014	Rocky View County	2022	43731	182
4806014	Rocky View County	2023	45102	182
4806014	Rocky View County	2024	46706	182
4806014	Rocky View County	2025	50260	182
4806016	Calgary	2001	903916	182
4806016	Calgary	2002	929118	182
4806016	Calgary	2003	947086	182
4806016	Calgary	2004	966449	182
4806016	Calgary	2005	995897	182
4806016	Calgary	2006	1027816	182
4806016	Calgary	2007	1052667	182
4806016	Calgary	2008	1079960	182
4806016	Calgary	2009	1107760	182
4806016	Calgary	2010	1122129	182
4806016	Calgary	2011	1140691	182
4806016	Calgary	2012	1171192	182
4806016	Calgary	2013	1208313	182
4806016	Calgary	2014	1242004	182
4806016	Calgary	2015	1261453	182
4806016	Calgary	2016	1278707	182
4806016	Calgary	2017	1289970	182
4806016	Calgary	2018	1306586	182
4806016	Calgary	2019	1330058	182
4806016	Calgary	2020	1351294	182
4806016	Calgary	2021	1356293	182
4806016	Calgary	2022	1395672	182
4806016	Calgary	2023	1479763	182
4806016	Calgary	2024	1573009	182
4806016	Calgary	2025	1612834	182
4806017	Chestermere	2001	4385	182
4806017	Chestermere	2002	5502	182
4806017	Chestermere	2003	6612	182
4806017	Chestermere	2004	7773	182
4806017	Chestermere	2005	9032	182
4806017	Chestermere	2006	10466	182
4806017	Chestermere	2007	12055	182
4806017	Chestermere	2008	13270	182
4806017	Chestermere	2009	14093	182
4806017	Chestermere	2010	14799	182
4806017	Chestermere	2011	15450	182
4806017	Chestermere	2012	16091	182
4806017	Chestermere	2013	16886	182
4806017	Chestermere	2014	18172	182
4806017	Chestermere	2015	19393	182
4806017	Chestermere	2016	20620	182
4806017	Chestermere	2017	21214	182
4806017	Chestermere	2018	21509	182
4806017	Chestermere	2019	21931	182
4806017	Chestermere	2020	22326	182
4806017	Chestermere	2021	23005	182
4806017	Chestermere	2022	24345	182
4806017	Chestermere	2023	26280	182
4806017	Chestermere	2024	28997	182
4806017	Chestermere	2025	31671	182
4806019	Cochrane	2001	12335	182
4806019	Cochrane	2002	12727	182
4806019	Cochrane	2003	13014	182
4806019	Cochrane	2004	13314	182
4806019	Cochrane	2005	13747	182
4806019	Cochrane	2006	14221	182
4806019	Cochrane	2007	14718	182
4806019	Cochrane	2008	15333	182
4806019	Cochrane	2009	16224	182
4806019	Cochrane	2010	17282	182
4806019	Cochrane	2011	18299	182
4806019	Cochrane	2012	19422	182
4806019	Cochrane	2013	20825	182
4806019	Cochrane	2014	22728	182
4806019	Cochrane	2015	24719	182
4806019	Cochrane	2016	26860	182
4806019	Cochrane	2017	28237	182
4806019	Cochrane	2018	29694	182
4806019	Cochrane	2019	31013	182
4806019	Cochrane	2020	32087	182
4806019	Cochrane	2021	33295	182
4806019	Cochrane	2022	34720	182
4806019	Cochrane	2023	36327	182
4806019	Cochrane	2024	38100	182
4806019	Cochrane	2025	39397	182
4806021	Airdrie	2001	21641	182
4806021	Airdrie	2002	23374	182
4806021	Airdrie	2003	24946	182
4806021	Airdrie	2004	26613	182
4806021	Airdrie	2005	28610	182
4806021	Airdrie	2006	30872	182
4806021	Airdrie	2007	33323	182
4806021	Airdrie	2008	35881	182
4806021	Airdrie	2009	39084	182
4806021	Airdrie	2010	42455	182
4806021	Airdrie	2011	45369	182
4806021	Airdrie	2012	48641	182
4806021	Airdrie	2013	52487	182
4806021	Airdrie	2014	56880	182
4806021	Airdrie	2015	60562	182
4806021	Airdrie	2016	63984	182
4806021	Airdrie	2017	67157	182
4806021	Airdrie	2018	69841	182
4806021	Airdrie	2019	72412	182
4806021	Airdrie	2020	74521	182
4806021	Airdrie	2021	77079	182
4806021	Airdrie	2022	80168	182
4806021	Airdrie	2023	83850	182
4806021	Airdrie	2024	88692	182
4806021	Airdrie	2025	92544	182
4806022	Irricana	2001	1068	182
4806022	Irricana	2002	1113	182
4806022	Irricana	2003	1151	182
4806022	Irricana	2004	1191	182
4806022	Irricana	2005	1241	182
4806022	Irricana	2006	1283	182
4806022	Irricana	2007	1275	182
4806022	Irricana	2008	1266	182
4806022	Irricana	2009	1254	182
4806022	Irricana	2010	1228	182
4806022	Irricana	2011	1199	182
4806022	Irricana	2012	1219	182
4806022	Irricana	2013	1270	182
4806022	Irricana	2014	1251	182
4806022	Irricana	2015	1214	182
4806022	Irricana	2016	1254	182
4806022	Irricana	2017	1205	182
4806022	Irricana	2018	1184	182
4806022	Irricana	2019	1160	182
4806022	Irricana	2020	1156	182
4806022	Irricana	2021	1221	182
4806022	Irricana	2022	1233	182
4806022	Irricana	2023	1238	182
4806022	Irricana	2024	1255	182
4806022	Irricana	2025	1240	182
4806024	Beiseker	2001	853	182
4806024	Beiseker	2002	847	182
4806024	Beiseker	2003	841	182
4806024	Beiseker	2004	833	182
4806024	Beiseker	2005	829	182
4806024	Beiseker	2006	828	182
4806024	Beiseker	2007	832	182
4806024	Beiseker	2008	835	182
4806024	Beiseker	2009	838	182
4806024	Beiseker	2010	828	182
4806024	Beiseker	2011	809	182
4806024	Beiseker	2012	815	182
4806024	Beiseker	2013	828	182
4806024	Beiseker	2014	836	182
4806024	Beiseker	2015	839	182
4806024	Beiseker	2016	835	182
4806024	Beiseker	2017	745	182
4806024	Beiseker	2018	727	182
4806024	Beiseker	2019	742	182
4806024	Beiseker	2020	744	182
4806024	Beiseker	2021	774	182
4806024	Beiseker	2022	797	182
4806024	Beiseker	2023	800	182
4806024	Beiseker	2024	792	182
4806024	Beiseker	2025	787	182
4806026	Crossfield	2001	2465	182
4806026	Crossfield	2002	2527	182
4806026	Crossfield	2003	2571	182
4806026	Crossfield	2004	2608	182
4806026	Crossfield	2005	2685	182
4806026	Crossfield	2006	2758	182
4806026	Crossfield	2007	2807	182
4806026	Crossfield	2008	2859	182
4806026	Crossfield	2009	2914	182
4806026	Crossfield	2010	2931	182
4806026	Crossfield	2011	2943	182
4806026	Crossfield	2012	2974	182
4806026	Crossfield	2013	3019	182
4806026	Crossfield	2014	3055	182
4806026	Crossfield	2015	3059	182
4806026	Crossfield	2016	3065	182
4806026	Crossfield	2017	3114	182
4806026	Crossfield	2018	3215	182
4806026	Crossfield	2019	3295	182
4806026	Crossfield	2020	3397	182
4806026	Crossfield	2021	3727	182
4806026	Crossfield	2022	3889	182
4806026	Crossfield	2023	3941	182
4806026	Crossfield	2024	4049	182
4806026	Crossfield	2025	4075	182
4806028	Mountain View County	2001	12284	182
4806028	Mountain View County	2002	12405	182
4806028	Mountain View County	2003	12423	182
4806028	Mountain View County	2004	12440	182
4806028	Mountain View County	2005	12557	182
4806028	Mountain View County	2006	12606	182
4806028	Mountain View County	2007	12974	182
4806028	Mountain View County	2008	12959	182
4806028	Mountain View County	2009	12847	182
4806028	Mountain View County	2010	12837	182
4806028	Mountain View County	2011	12703	182
4806028	Mountain View County	2012	12722	182
4806028	Mountain View County	2013	12951	182
4806028	Mountain View County	2014	13051	182
4806028	Mountain View County	2015	13256	182
4806028	Mountain View County	2016	13376	182
4806028	Mountain View County	2017	13251	182
4806028	Mountain View County	2018	13310	182
4806028	Mountain View County	2019	13489	182
4806028	Mountain View County	2020	13523	182
4806028	Mountain View County	2021	13368	182
4806028	Mountain View County	2022	13296	182
4806028	Mountain View County	2023	13516	182
4806028	Mountain View County	2024	13724	182
4806028	Mountain View County	2025	14776	182
4806029	Carstairs	2001	2342	182
4806029	Carstairs	2002	2429	182
4806029	Carstairs	2003	2504	182
4806029	Carstairs	2004	2576	182
4806029	Carstairs	2005	2675	182
4806029	Carstairs	2006	2798	182
4806029	Carstairs	2007	2949	182
4806029	Carstairs	2008	3108	182
4806029	Carstairs	2009	3274	182
4806029	Carstairs	2010	3411	182
4806029	Carstairs	2011	3554	182
4806029	Carstairs	2012	3697	182
4806029	Carstairs	2013	3820	182
4806029	Carstairs	2014	3940	182
4806029	Carstairs	2015	4008	182
4806029	Carstairs	2016	4207	182
4806029	Carstairs	2017	4353	182
4806029	Carstairs	2018	4501	182
4806029	Carstairs	2019	4631	182
4806029	Carstairs	2020	4716	182
4806029	Carstairs	2021	5055	182
4806029	Carstairs	2022	5181	182
4806029	Carstairs	2023	5192	182
4806029	Carstairs	2024	5215	182
4806029	Carstairs	2025	5248	182
4806031	Cremona	2001	424	182
4806031	Cremona	2002	437	182
4806031	Cremona	2003	451	182
4806031	Cremona	2004	463	182
4806031	Cremona	2005	474	182
4806031	Cremona	2006	477	182
4806031	Cremona	2007	480	182
4806031	Cremona	2008	481	182
4806031	Cremona	2009	480	182
4806031	Cremona	2010	476	182
4806031	Cremona	2011	469	182
4806031	Cremona	2012	465	182
4806031	Cremona	2013	465	182
4806031	Cremona	2014	465	182
4806031	Cremona	2015	462	182
4806031	Cremona	2016	456	182
4806031	Cremona	2017	402	182
4806031	Cremona	2018	410	182
4806031	Cremona	2019	383	182
4806031	Cremona	2020	382	182
4806031	Cremona	2021	453	182
4806031	Cremona	2022	457	182
4806031	Cremona	2023	461	182
4806031	Cremona	2024	465	182
4806031	Cremona	2025	486	182
4806032	Didsbury	2001	4035	182
4806032	Didsbury	2002	4121	182
4806032	Didsbury	2003	4186	182
4806032	Didsbury	2004	4251	182
4806032	Didsbury	2005	4347	182
4806032	Didsbury	2006	4450	182
4806032	Didsbury	2007	4685	182
4806032	Didsbury	2008	4802	182
4806032	Didsbury	2009	4916	182
4806032	Didsbury	2010	5100	182
4806032	Didsbury	2011	5094	182
4806032	Didsbury	2012	5181	182
4806032	Didsbury	2013	5170	182
4806032	Didsbury	2014	5226	182
4806032	Didsbury	2015	5364	182
4806032	Didsbury	2016	5389	182
4806032	Didsbury	2017	5331	182
4806032	Didsbury	2018	5340	182
4806032	Didsbury	2019	5261	182
4806032	Didsbury	2020	5173	182
4806032	Didsbury	2021	5219	182
4806032	Didsbury	2022	5172	182
4806032	Didsbury	2023	5185	182
4806032	Didsbury	2024	5212	182
4806032	Didsbury	2025	5185	182
4806034	Olds	2001	6753	182
4806034	Olds	2002	6917	182
4806034	Olds	2003	7026	182
4806034	Olds	2004	7148	182
4806034	Olds	2005	7319	182
4806034	Olds	2006	7494	182
4806034	Olds	2007	7735	182
4806034	Olds	2008	8049	182
4806034	Olds	2009	8217	182
4806034	Olds	2010	8354	182
4806034	Olds	2011	8501	182
4806034	Olds	2012	8642	182
4806034	Olds	2013	8911	182
4806034	Olds	2014	9124	182
4806034	Olds	2015	9338	182
4806034	Olds	2016	9420	182
4806034	Olds	2017	9348	182
4806034	Olds	2018	9361	182
4806034	Olds	2019	9414	182
4806034	Olds	2020	9416	182
4806034	Olds	2021	9473	182
4806034	Olds	2022	9632	182
4806034	Olds	2023	9687	182
4806034	Olds	2024	10030	182
4806034	Olds	2025	9679	182
4806036	Sundre	2001	2326	182
4806036	Sundre	2002	2376	182
4806036	Sundre	2003	2414	182
4806036	Sundre	2004	2455	182
4806036	Sundre	2005	2529	182
4806036	Sundre	2006	2600	182
4806036	Sundre	2007	2633	182
4806036	Sundre	2008	2668	182
4806036	Sundre	2009	2701	182
4806036	Sundre	2010	2697	182
4806036	Sundre	2011	2682	182
4806036	Sundre	2012	2709	182
4806036	Sundre	2013	2753	182
4806036	Sundre	2014	2792	182
4806036	Sundre	2015	2797	182
4806036	Sundre	2016	2796	182
4806036	Sundre	2017	2751	182
4806036	Sundre	2018	2722	182
4806036	Sundre	2019	2663	182
4806036	Sundre	2020	2574	182
4806036	Sundre	2021	2751	182
4806036	Sundre	2022	2743	182
4806036	Sundre	2023	2731	182
4806036	Sundre	2024	2733	182
4806036	Sundre	2025	2683	182
4806803	Eden Valley 216	2001	518	182
4806803	Eden Valley 216	2002	489	182
4806803	Eden Valley 216	2003	461	182
4806803	Eden Valley 216	2004	433	182
4806803	Eden Valley 216	2005	408	182
4806803	Eden Valley 216	2006	390	182
4806803	Eden Valley 216	2007	437	182
4806803	Eden Valley 216	2008	485	182
4806803	Eden Valley 216	2009	533	182
4806803	Eden Valley 216	2010	572	182
4806803	Eden Valley 216	2011	611	182
4806803	Eden Valley 216	2012	611	182
4806803	Eden Valley 216	2013	614	182
4806803	Eden Valley 216	2014	616	182
4806803	Eden Valley 216	2015	617	182
4806803	Eden Valley 216	2016	617	182
4806803	Eden Valley 216	2017	569	182
4806803	Eden Valley 216	2018	585	182
4806803	Eden Valley 216	2019	588	182
4806803	Eden Valley 216	2020	596	182
4806803	Eden Valley 216	2021	625	182
4806803	Eden Valley 216	2022	628	182
4806803	Eden Valley 216	2023	623	182
4806803	Eden Valley 216	2024	621	182
4806803	Eden Valley 216	2025	620	182
4806804	Tsuu T'ina Nation 145 (Sarcee 145)	2001	2033	182
4806804	Tsuu T'ina Nation 145 (Sarcee 145)	2002	2158	182
4806804	Tsuu T'ina Nation 145 (Sarcee 145)	2003	2269	182
4806804	Tsuu T'ina Nation 145 (Sarcee 145)	2004	2396	182
4806804	Tsuu T'ina Nation 145 (Sarcee 145)	2005	2561	182
4806804	Tsuu T'ina Nation 145 (Sarcee 145)	2006	2738	182
4806804	Tsuu T'ina Nation 145 (Sarcee 145)	2007	2663	182
4806804	Tsuu T'ina Nation 145 (Sarcee 145)	2008	2579	182
4806804	Tsuu T'ina Nation 145 (Sarcee 145)	2009	2479	182
4806804	Tsuu T'ina Nation 145 (Sarcee 145)	2010	2317	182
4806804	Tsuu T'ina Nation 145 (Sarcee 145)	2011	2118	182
4806804	Tsuu T'ina Nation 145 (Sarcee 145)	2012	2166	182
4806804	Tsuu T'ina Nation 145 (Sarcee 145)	2013	2224	182
4806804	Tsuu T'ina Nation 145 (Sarcee 145)	2014	2276	182
4806804	Tsuu T'ina Nation 145 (Sarcee 145)	2015	2306	182
4806804	Tsuu T'ina Nation 145	2016	2330	182
4806804	Tsuu T'ina Nation 145	2017	2247	182
4806804	Tsuu T'ina Nation 145	2018	2225	182
4806804	Tsuu T'ina Nation 145	2019	2244	182
4806804	Tsuu T'ina Nation 145	2020	2461	182
4806804	Tsuu T'ina Nation 145	2021	2381	182
4806804	Tsuu T'ina Nation 145	2022	2414	182
4806804	Tsuu T'ina Nation 145	2023	2465	182
4806804	Tsuu T'ina Nation 145	2024	2503	182
4806804	Tsuu T'ina Nation 145	2025	2583	182
4807001	Provost No. 52	2001	2700	182
4807001	Provost No. 52	2002	2660	182
4807001	Provost No. 52	2003	2626	182
4807001	Provost No. 52	2004	2625	182
4807001	Provost No. 52	2005	2626	182
4807001	Provost No. 52	2006	2620	182
4807001	Provost No. 52	2007	2552	182
4807001	Provost No. 52	2008	2490	182
4807001	Provost No. 52	2009	2404	182
4807001	Provost No. 52	2010	2370	182
4807001	Provost No. 52	2011	2358	182
4807001	Provost No. 52	2012	2305	182
4807001	Provost No. 52	2013	2201	182
4807001	Provost No. 52	2014	2276	182
4807001	Provost No. 52	2015	2263	182
4807001	Provost No. 52	2016	2249	182
4807001	Provost No. 52	2017	2218	182
4807001	Provost No. 52	2018	2175	182
4807001	Provost No. 52	2019	2214	182
4807001	Provost No. 52	2020	2221	182
4807001	Provost No. 52	2021	2123	182
4807001	Provost No. 52	2022	2126	182
4807001	Provost No. 52	2023	2114	182
4807001	Provost No. 52	2024	2088	182
4807001	Provost No. 52	2025	2092	182
4807002	Provost	2001	2038	182
4807002	Provost	2002	2037	182
4807002	Provost	2003	2065	182
4807002	Provost	2004	2073	182
4807002	Provost	2005	2116	182
4807002	Provost	2006	2144	182
4807002	Provost	2007	2167	182
4807002	Provost	2008	2171	182
4807002	Provost	2009	2205	182
4807002	Provost	2010	2175	182
4807002	Provost	2011	2104	182
4807002	Provost	2012	2191	182
4807002	Provost	2013	2249	182
4807002	Provost	2014	2182	182
4807002	Provost	2015	2055	182
4807002	Provost	2016	2043	182
4807002	Provost	2017	2079	182
4807002	Provost	2018	2027	182
4807002	Provost	2019	1994	182
4807002	Provost	2020	1957	182
4807002	Provost	2021	1957	182
4807002	Provost	2022	1927	182
4807002	Provost	2023	1897	182
4807002	Provost	2024	1920	182
4807002	Provost	2025	1875	182
4807004	Czar	2001	211	182
4807004	Czar	2002	205	182
4807004	Czar	2003	194	182
4807004	Czar	2004	187	182
4807004	Czar	2005	183	182
4807004	Czar	2006	180	182
4807004	Czar	2007	181	182
4807004	Czar	2008	181	182
4807004	Czar	2009	180	182
4807004	Czar	2010	177	182
4807004	Czar	2011	172	182
4807004	Czar	2012	179	182
4807004	Czar	2013	187	182
4807004	Czar	2014	194	182
4807004	Czar	2015	200	182
4807004	Czar	2016	207	182
4807004	Czar	2017	178	182
4807004	Czar	2018	181	182
4807004	Czar	2019	175	182
4807004	Czar	2020	181	182
4807004	Czar	2021	257	182
4807004	Czar	2022	264	182
4807004	Czar	2023	271	182
4807004	Czar	2024	279	182
4807004	Czar	2025	281	182
4807006	Hughenden	2001	241	182
4807006	Hughenden	2002	240	182
4807006	Hughenden	2003	237	182
4807006	Hughenden	2004	242	182
4807006	Hughenden	2005	241	182
4807006	Hughenden	2006	239	182
4807006	Hughenden	2007	240	182
4807006	Hughenden	2008	240	182
4807006	Hughenden	2009	239	182
4807006	Hughenden	2010	236	182
4807006	Hughenden	2011	237	182
4807006	Hughenden	2012	241	182
4807006	Hughenden	2013	245	182
4807006	Hughenden	2014	248	182
4807006	Hughenden	2015	252	182
4807006	Hughenden	2016	249	182
4807006	Hughenden	2017	204	182
4807006	Hughenden	2018	199	182
4807006	Hughenden	2019	203	182
4807006	Hughenden	2020	194	182
4807006	Hughenden	2021	219	182
4807006	Hughenden	2022	215	182
4807006	Hughenden	2023	211	182
4807006	Hughenden	2024	207	182
4807006	Hughenden	2025	203	182
4807008	Amisk	2001	185	182
4807008	Amisk	2002	182	182
4807008	Amisk	2003	179	182
4807008	Amisk	2004	180	182
4807008	Amisk	2005	178	182
4807008	Amisk	2006	177	182
4807008	Amisk	2007	186	182
4807008	Amisk	2008	194	182
4807008	Amisk	2009	201	182
4807008	Amisk	2010	205	182
4807008	Amisk	2011	213	182
4807008	Amisk	2012	213	182
4807008	Amisk	2013	215	182
4807008	Amisk	2014	215	182
4807008	Amisk	2015	214	182
4807008	Amisk	2016	209	182
4807008	Amisk	2017	177	182
4807008	Amisk	2018	182	182
4807008	Amisk	2019	188	182
4807008	Amisk	2020	187	182
4807008	Amisk	2021	225	182
4807008	Amisk	2022	223	182
4807008	Amisk	2023	226	182
4807008	Amisk	2024	215	182
4807008	Amisk	2025	210	182
4807011	Paintearth County No. 18	2001	2241	182
4807011	Paintearth County No. 18	2002	2223	182
4807011	Paintearth County No. 18	2003	2206	182
4807011	Paintearth County No. 18	2004	2191	182
4807011	Paintearth County No. 18	2005	2198	182
4807011	Paintearth County No. 18	2006	2192	182
4807011	Paintearth County No. 18	2007	2094	182
4807011	Paintearth County No. 18	2008	2065	182
4807011	Paintearth County No. 18	2009	2149	182
4807011	Paintearth County No. 18	2010	2043	182
4807011	Paintearth County No. 18	2011	2088	182
4807011	Paintearth County No. 18	2012	2081	182
4807011	Paintearth County No. 18	2013	2003	182
4807011	Paintearth County No. 18	2014	2031	182
4807011	Paintearth County No. 18	2015	2086	182
4807011	Paintearth County No. 18	2016	2156	182
4807011	Paintearth County No. 18	2017	2111	182
4807011	Paintearth County No. 18	2018	2112	182
4807011	Paintearth County No. 18	2019	2110	182
4807011	Paintearth County No. 18	2020	2103	182
4807011	Paintearth County No. 18	2021	2046	182
4807011	Paintearth County No. 18	2022	2058	182
4807011	Paintearth County No. 18	2023	2028	182
4807011	Paintearth County No. 18	2024	1995	182
4807011	Paintearth County No. 18	2025	2107	182
4807012	Coronation	2001	925	182
4807012	Coronation	2002	935	182
4807012	Coronation	2003	949	182
4807012	Coronation	2004	972	182
4807012	Coronation	2005	1014	182
4807012	Coronation	2006	1037	182
4807012	Coronation	2007	1081	182
4807012	Coronation	2008	1055	182
4807012	Coronation	2009	957	182
4807012	Coronation	2010	985	182
4807012	Coronation	2011	973	182
4807012	Coronation	2012	971	182
4807012	Coronation	2013	972	182
4807012	Coronation	2014	970	182
4807012	Coronation	2015	965	182
4807012	Coronation	2016	949	182
4807012	Coronation	2017	886	182
4807012	Coronation	2018	900	182
4807012	Coronation	2019	878	182
4807012	Coronation	2020	884	182
4807012	Coronation	2021	888	182
4807012	Coronation	2022	908	182
4807012	Coronation	2023	906	182
4807012	Coronation	2024	897	182
4807012	Coronation	2025	885	182
4807014	Castor	2001	950	182
4807014	Castor	2002	931	182
4807014	Castor	2003	926	182
4807014	Castor	2004	936	182
4807014	Castor	2005	944	182
4807014	Castor	2006	955	182
4807014	Castor	2007	937	182
4807014	Castor	2008	961	182
4807014	Castor	2009	935	182
4807014	Castor	2010	953	182
4807014	Castor	2011	950	182
4807014	Castor	2012	945	182
4807014	Castor	2013	957	182
4807014	Castor	2014	959	182
4807014	Castor	2015	955	182
4807014	Castor	2016	943	182
4807014	Castor	2017	844	182
4807014	Castor	2018	836	182
4807014	Castor	2019	826	182
4807014	Castor	2020	829	182
4807014	Castor	2021	824	182
4807014	Castor	2022	864	182
4807014	Castor	2023	865	182
4807014	Castor	2024	888	182
4807014	Castor	2025	876	182
4807016	Halkirk	2001	120	182
4807016	Halkirk	2002	120	182
4807016	Halkirk	2003	120	182
4807016	Halkirk	2004	121	182
4807016	Halkirk	2005	118	182
4807016	Halkirk	2006	116	182
4807016	Halkirk	2007	120	182
4807016	Halkirk	2008	121	182
4807016	Halkirk	2009	122	182
4807016	Halkirk	2010	124	182
4807016	Halkirk	2011	125	182
4807016	Halkirk	2012	123	182
4807016	Halkirk	2013	121	182
4807016	Halkirk	2014	120	182
4807016	Halkirk	2015	117	182
4807016	Halkirk	2016	114	182
4807016	Halkirk	2017	87	182
4807016	Halkirk	2018	92	182
4807016	Halkirk	2019	96	182
4807016	Halkirk	2020	98	182
4807016	Halkirk	2021	95	182
4807016	Halkirk	2022	95	182
4807016	Halkirk	2023	95	182
4807016	Halkirk	2024	95	182
4807019	Stettler County No. 6	2001	5460	182
4807019	Stettler County No. 6	2002	5427	182
4807019	Stettler County No. 6	2003	5337	182
4807019	Stettler County No. 6	2004	5294	182
4807019	Stettler County No. 6	2005	5316	182
4807019	Stettler County No. 6	2006	5329	182
4807019	Stettler County No. 6	2007	5360	182
4807019	Stettler County No. 6	2008	5297	182
4807019	Stettler County No. 6	2009	5361	182
4807019	Stettler County No. 6	2010	5232	182
4807019	Stettler County No. 6	2011	5248	182
4807019	Stettler County No. 6	2012	5202	182
4807019	Stettler County No. 6	2013	5183	182
4807019	Stettler County No. 6	2014	5265	182
4807019	Stettler County No. 6	2015	5486	182
4807019	Stettler County No. 6	2016	5429	182
4807019	Stettler County No. 6	2017	5649	182
4807019	Stettler County No. 6	2018	5941	182
4807019	Stettler County No. 6	2019	5925	182
4807019	Stettler County No. 6	2020	5921	182
4807019	Stettler County No. 6	2021	5831	182
4807019	Stettler County No. 6	2022	5764	182
4807019	Stettler County No. 6	2023	5868	182
4807019	Stettler County No. 6	2024	5930	182
4807019	Stettler County No. 6	2025	5966	182
4807021	Big Valley	2001	348	182
4807021	Big Valley	2002	352	182
4807021	Big Valley	2003	347	182
4807021	Big Valley	2004	353	182
4807021	Big Valley	2005	357	182
4807021	Big Valley	2006	358	182
4807021	Big Valley	2007	340	182
4807021	Big Valley	2008	359	182
4807021	Big Valley	2009	339	182
4807021	Big Valley	2010	341	182
4807021	Big Valley	2011	378	182
4807021	Big Valley	2012	359	182
4807021	Big Valley	2013	363	182
4807021	Big Valley	2014	356	182
4807021	Big Valley	2015	361	182
4807021	Big Valley	2016	350	182
4807021	Big Valley	2017	297	182
4807021	Big Valley	2018	300	182
4807021	Big Valley	2019	308	182
4807021	Big Valley	2020	334	182
4807021	Big Valley	2021	339	182
4807021	Big Valley	2022	336	182
4807021	Big Valley	2023	333	182
4807021	Big Valley	2024	330	182
4807021	Big Valley	2025	318	182
4807022	Gadsby	2001	40	182
4807022	Gadsby	2002	39	182
4807022	Gadsby	2003	39	182
4807022	Gadsby	2004	37	182
4807022	Gadsby	2005	37	182
4807022	Gadsby	2006	36	182
4807022	Gadsby	2007	34	182
4807022	Gadsby	2008	31	182
4807022	Gadsby	2009	29	182
4807022	Gadsby	2010	27	182
4807022	Gadsby	2011	26	182
4807022	Gadsby	2012	29	182
4807022	Gadsby	2013	33	182
4807022	Gadsby	2014	36	182
4807022	Gadsby	2015	38	182
4807024	Botha	2001	191	182
4807024	Botha	2002	194	182
4807024	Botha	2003	194	182
4807024	Botha	2004	195	182
4807024	Botha	2005	195	182
4807024	Botha	2006	192	182
4807024	Botha	2007	192	182
4807024	Botha	2008	190	182
4807024	Botha	2009	186	182
4807024	Botha	2010	181	182
4807024	Botha	2011	181	182
4807024	Botha	2012	187	182
4807024	Botha	2013	193	182
4807024	Botha	2014	200	182
4807024	Botha	2015	205	182
4807026	Stettler	2001	5396	182
4807026	Stettler	2002	5423	182
4807026	Stettler	2003	5426	182
4807026	Stettler	2004	5450	182
4807026	Stettler	2005	5552	182
4807026	Stettler	2006	5646	182
4807026	Stettler	2007	5755	182
4807026	Stettler	2008	5964	182
4807026	Stettler	2009	5906	182
4807026	Stettler	2010	5956	182
4807026	Stettler	2011	5930	182
4807026	Stettler	2012	5927	182
4807026	Stettler	2013	6117	182
4807026	Stettler	2014	6076	182
4807026	Stettler	2015	6080	182
4807026	Stettler	2016	6101	182
4807026	Stettler	2017	6114	182
4807026	Stettler	2018	6049	182
4807026	Stettler	2019	6066	182
4807026	Stettler	2020	6059	182
4807026	Stettler	2021	5846	182
4807026	Stettler	2022	5773	182
4807026	Stettler	2023	5793	182
4807026	Stettler	2024	5962	182
4807026	Stettler	2025	6035	182
4807027	White Sands	2001	76	182
4807027	White Sands	2002	85	182
4807027	White Sands	2003	94	182
4807027	White Sands	2004	104	182
4807027	White Sands	2005	114	182
4807027	White Sands	2006	121	182
4807027	White Sands	2007	117	182
4807027	White Sands	2008	113	182
4807027	White Sands	2009	106	182
4807027	White Sands	2010	99	182
4807027	White Sands	2011	92	182
4807027	White Sands	2012	99	182
4807027	White Sands	2013	104	182
4807027	White Sands	2014	110	182
4807027	White Sands	2015	116	182
4807027	White Sands	2016	121	182
4807027	White Sands	2017	108	182
4807027	White Sands	2018	104	182
4807027	White Sands	2019	112	182
4807027	White Sands	2020	112	182
4807027	White Sands	2021	178	182
4807027	White Sands	2022	182	182
4807027	White Sands	2023	185	182
4807027	White Sands	2024	186	182
4807027	White Sands	2025	183	182
4807028	Rochon Sands	2001	59	182
4807028	Rochon Sands	2002	61	182
4807028	Rochon Sands	2003	62	182
4807028	Rochon Sands	2004	63	182
4807028	Rochon Sands	2005	65	182
4807028	Rochon Sands	2006	66	182
4807028	Rochon Sands	2007	66	182
4807028	Rochon Sands	2008	67	182
4807028	Rochon Sands	2009	66	182
4807028	Rochon Sands	2010	67	182
4807028	Rochon Sands	2011	66	182
4807028	Rochon Sands	2012	71	182
4807028	Rochon Sands	2013	75	182
4807028	Rochon Sands	2014	80	182
4807028	Rochon Sands	2015	84	182
4807028	Rochon Sands	2016	87	182
4807028	Rochon Sands	2017	75	182
4807028	Rochon Sands	2018	70	182
4807028	Rochon Sands	2019	75	182
4807028	Rochon Sands	2020	70	182
4807028	Rochon Sands	2021	99	182
4807028	Rochon Sands	2022	102	182
4807028	Rochon Sands	2023	105	182
4807028	Rochon Sands	2024	109	182
4807028	Rochon Sands	2025	115	182
4807029	Donalda	2001	236	182
4807029	Donalda	2002	237	182
4807029	Donalda	2003	234	182
4807029	Donalda	2004	231	182
4807029	Donalda	2005	228	182
4807029	Donalda	2006	229	182
4807029	Donalda	2007	237	182
4807029	Donalda	2008	245	182
4807029	Donalda	2009	254	182
4807029	Donalda	2010	261	182
4807029	Donalda	2011	265	182
4807029	Donalda	2012	259	182
4807029	Donalda	2013	254	182
4807029	Donalda	2014	244	182
4807029	Donalda	2015	233	182
4807029	Donalda	2016	222	182
4807029	Donalda	2017	168	182
4807029	Donalda	2018	171	182
4807029	Donalda	2019	168	182
4807029	Donalda	2020	168	182
4807029	Donalda	2021	231	182
4807029	Donalda	2022	233	182
4807029	Donalda	2023	235	182
4807029	Donalda	2024	237	182
4807029	Donalda	2025	239	182
4807031	Flagstaff County	2001	4210	182
4807031	Flagstaff County	2002	4129	182
4807031	Flagstaff County	2003	4065	182
4807031	Flagstaff County	2004	4021	182
4807031	Flagstaff County	2005	3996	182
4807031	Flagstaff County	2006	3963	182
4807031	Flagstaff County	2007	4005	182
4807031	Flagstaff County	2008	3932	182
4807031	Flagstaff County	2009	3960	182
4807031	Flagstaff County	2010	3778	182
4807031	Flagstaff County	2011	3675	182
4807031	Flagstaff County	2012	3791	182
4807031	Flagstaff County	2013	3745	182
4807031	Flagstaff County	2014	3717	182
4807031	Flagstaff County	2015	3770	182
4807031	Flagstaff County	2016	3808	182
4807031	Flagstaff County	2017	3910	182
4807031	Flagstaff County	2018	3930	182
4807031	Flagstaff County	2019	3920	182
4807031	Flagstaff County	2020	3868	182
4807031	Flagstaff County	2021	3794	182
4807031	Flagstaff County	2022	3736	182
4807031	Flagstaff County	2023	3712	182
4807031	Flagstaff County	2024	3678	182
4807031	Flagstaff County	2025	3729	182
4807032	Alliance	2001	175	182
4807032	Alliance	2002	173	182
4807032	Alliance	2003	169	182
4807032	Alliance	2004	165	182
4807032	Alliance	2005	164	182
4807032	Alliance	2006	162	182
4807032	Alliance	2007	167	182
4807032	Alliance	2008	171	182
4807032	Alliance	2009	174	182
4807032	Alliance	2010	176	182
4807032	Alliance	2011	178	182
4807032	Alliance	2012	174	182
4807032	Alliance	2013	171	182
4807032	Alliance	2014	166	182
4807032	Alliance	2015	160	182
4807032	Alliance	2016	155	182
4807032	Alliance	2017	150	182
4807032	Alliance	2018	140	182
4807032	Alliance	2019	142	182
4807032	Alliance	2020	145	182
4807032	Alliance	2021	170	182
4807032	Alliance	2022	173	182
4807032	Alliance	2023	176	182
4807032	Alliance	2024	158	182
4807032	Alliance	2025	158	182
4807036	Forestburg	2001	892	182
4807036	Forestburg	2002	879	182
4807036	Forestburg	2003	886	182
4807036	Forestburg	2004	898	182
4807036	Forestburg	2005	912	182
4807036	Forestburg	2006	919	182
4807036	Forestburg	2007	915	182
4807036	Forestburg	2008	905	182
4807036	Forestburg	2009	892	182
4807036	Forestburg	2010	870	182
4807036	Forestburg	2011	856	182
4807036	Forestburg	2012	868	182
4807036	Forestburg	2013	880	182
4807036	Forestburg	2014	887	182
4807036	Forestburg	2015	892	182
4807036	Forestburg	2016	891	182
4807036	Forestburg	2017	841	182
4807036	Forestburg	2018	818	182
4807036	Forestburg	2019	842	182
4807036	Forestburg	2020	826	182
4807036	Forestburg	2021	827	182
4807036	Forestburg	2022	856	182
4807036	Forestburg	2023	846	182
4807036	Forestburg	2024	835	182
4807036	Forestburg	2025	833	182
4807038	Heisler	2001	187	182
4807038	Heisler	2002	180	182
4807038	Heisler	2003	175	182
4807038	Heisler	2004	167	182
4807038	Heisler	2005	164	182
4807038	Heisler	2006	156	182
4807038	Heisler	2007	156	182
4807038	Heisler	2008	156	182
4807038	Heisler	2009	155	182
4807038	Heisler	2010	152	182
4807038	Heisler	2011	154	182
4807038	Heisler	2012	156	182
4807038	Heisler	2013	159	182
4807038	Heisler	2014	162	182
4807038	Heisler	2015	163	182
4807038	Heisler	2016	163	182
4807038	Heisler	2017	145	182
4807038	Heisler	2018	141	182
4807038	Heisler	2019	135	182
4807038	Heisler	2020	136	182
4807038	Heisler	2021	138	182
4807038	Heisler	2022	136	182
4807038	Heisler	2023	134	182
4807038	Heisler	2024	132	182
4807038	Heisler	2025	129	182
4807039	Daysland	2001	795	182
4807039	Daysland	2002	785	182
4807039	Daysland	2003	795	182
4807039	Daysland	2004	811	182
4807039	Daysland	2005	818	182
4807039	Daysland	2006	829	182
4807039	Daysland	2007	877	182
4807039	Daysland	2008	903	182
4807039	Daysland	2009	837	182
4807039	Daysland	2010	876	182
4807039	Daysland	2011	823	182
4807039	Daysland	2012	797	182
4807039	Daysland	2013	829	182
4807039	Daysland	2014	803	182
4807039	Daysland	2015	859	182
4807039	Daysland	2016	834	182
4807039	Daysland	2017	781	182
4807039	Daysland	2018	775	182
4807039	Daysland	2019	769	182
4807039	Daysland	2020	813	182
4807039	Daysland	2021	810	182
4807039	Daysland	2022	838	182
4807039	Daysland	2023	857	182
4807039	Daysland	2024	883	182
4807039	Daysland	2025	902	182
4807042	Killam	2001	1027	182
4807042	Killam	2002	1008	182
4807042	Killam	2003	1012	182
4807042	Killam	2004	1019	182
4807042	Killam	2005	1038	182
4807042	Killam	2006	1047	182
4807042	Killam	2007	1049	182
4807042	Killam	2008	1044	182
4807042	Killam	2009	1036	182
4807042	Killam	2010	1020	182
4807042	Killam	2011	1009	182
4807042	Killam	2012	1014	182
4807042	Killam	2013	1021	182
4807042	Killam	2014	1020	182
4807042	Killam	2015	1016	182
4807042	Killam	2016	1010	182
4807042	Killam	2017	959	182
4807042	Killam	2018	956	182
4807042	Killam	2019	933	182
4807042	Killam	2020	931	182
4807042	Killam	2021	943	182
4807042	Killam	2022	926	182
4807042	Killam	2023	935	182
4807042	Killam	2024	915	182
4807042	Killam	2025	887	182
4807044	Sedgewick	2001	885	182
4807044	Sedgewick	2002	878	182
4807044	Sedgewick	2003	874	182
4807044	Sedgewick	2004	884	182
4807044	Sedgewick	2005	899	182
4807044	Sedgewick	2006	919	182
4807044	Sedgewick	2007	899	182
4807044	Sedgewick	2008	926	182
4807044	Sedgewick	2009	900	182
4807044	Sedgewick	2010	939	182
4807044	Sedgewick	2011	873	182
4807044	Sedgewick	2012	871	182
4807044	Sedgewick	2013	837	182
4807044	Sedgewick	2014	847	182
4807044	Sedgewick	2015	831	182
4807044	Sedgewick	2016	830	182
4807044	Sedgewick	2017	773	182
4807044	Sedgewick	2018	780	182
4807044	Sedgewick	2019	772	182
4807044	Sedgewick	2020	789	182
4807044	Sedgewick	2021	787	182
4807044	Sedgewick	2022	771	182
4807044	Sedgewick	2023	781	182
4807044	Sedgewick	2024	797	182
4807044	Sedgewick	2025	793	182
4807046	Lougheed	2001	233	182
4807046	Lougheed	2002	227	182
4807046	Lougheed	2003	227	182
4807046	Lougheed	2004	227	182
4807046	Lougheed	2005	225	182
4807046	Lougheed	2006	224	182
4807046	Lougheed	2007	228	182
4807046	Lougheed	2008	230	182
4807046	Lougheed	2009	232	182
4807046	Lougheed	2010	235	182
4807046	Lougheed	2011	240	182
4807046	Lougheed	2012	245	182
4807046	Lougheed	2013	251	182
4807046	Lougheed	2014	256	182
4807046	Lougheed	2015	260	182
4807046	Lougheed	2016	260	182
4807046	Lougheed	2017	203	182
4807046	Lougheed	2018	212	182
4807046	Lougheed	2019	214	182
4807046	Lougheed	2020	221	182
4807046	Lougheed	2021	231	182
4807046	Lougheed	2022	230	182
4807046	Lougheed	2023	229	182
4807046	Lougheed	2024	228	182
4807046	Lougheed	2025	224	182
4807048	Hardisty	2001	762	182
4807048	Hardisty	2002	758	182
4807048	Hardisty	2003	764	182
4807048	Hardisty	2004	770	182
4807048	Hardisty	2005	779	182
4807048	Hardisty	2006	789	182
4807048	Hardisty	2007	786	182
4807048	Hardisty	2008	745	182
4807048	Hardisty	2009	722	182
4807048	Hardisty	2010	656	182
4807048	Hardisty	2011	654	182
4807048	Hardisty	2012	636	182
4807048	Hardisty	2013	620	182
4807048	Hardisty	2014	601	182
4807048	Hardisty	2015	582	182
4807048	Hardisty	2016	564	182
4807048	Hardisty	2017	520	182
4807048	Hardisty	2018	519	182
4807048	Hardisty	2019	483	182
4807048	Hardisty	2020	490	182
4807048	Hardisty	2021	564	182
4807048	Hardisty	2022	573	182
4807048	Hardisty	2023	593	182
4807048	Hardisty	2024	622	182
4807048	Hardisty	2025	628	182
4807049	Wainwright No. 61	2001	4317	182
4807049	Wainwright No. 61	2002	4142	182
4807049	Wainwright No. 61	2003	3988	182
4807049	Wainwright No. 61	2004	3860	182
4807049	Wainwright No. 61	2005	3762	182
4807049	Wainwright No. 61	2006	3677	182
4807049	Wainwright No. 61	2007	3826	182
4807049	Wainwright No. 61	2008	3947	182
4807049	Wainwright No. 61	2009	4063	182
4807049	Wainwright No. 61	2010	4164	182
4807049	Wainwright No. 61	2011	4276	182
4807049	Wainwright No. 61	2012	4460	182
4807049	Wainwright No. 61	2013	4572	182
4807049	Wainwright No. 61	2014	4622	182
4807049	Wainwright No. 61	2015	4609	182
4807049	Wainwright No. 61	2016	4575	182
4807049	Wainwright No. 61	2017	4704	182
4807049	Wainwright No. 61	2018	4646	182
4807049	Wainwright No. 61	2019	4630	182
4807049	Wainwright No. 61	2020	4605	182
4807049	Wainwright No. 61	2021	4590	182
4807049	Wainwright No. 61	2022	4550	182
4807049	Wainwright No. 61	2023	4528	182
4807049	Wainwright No. 61	2024	4526	182
4807049	Wainwright No. 61	2025	4576	182
4807051	Chauvin	2001	375	182
4807051	Chauvin	2002	364	182
4807051	Chauvin	2003	354	182
4807051	Chauvin	2004	340	182
4807051	Chauvin	2005	328	182
4807051	Chauvin	2006	318	182
4807051	Chauvin	2007	326	182
4807051	Chauvin	2008	332	182
4807051	Chauvin	2009	337	182
4807051	Chauvin	2010	342	182
4807051	Chauvin	2011	344	182
4807051	Chauvin	2012	344	182
4807051	Chauvin	2013	345	182
4807051	Chauvin	2014	345	182
4807051	Chauvin	2015	343	182
4807051	Chauvin	2016	342	182
4807051	Chauvin	2017	298	182
4807051	Chauvin	2018	270	182
4807051	Chauvin	2019	247	182
4807051	Chauvin	2020	242	182
4807051	Chauvin	2021	313	182
4807051	Chauvin	2022	299	182
4807051	Chauvin	2023	289	182
4807051	Chauvin	2024	290	182
4807051	Chauvin	2025	284	182
4807052	Edgerton	2001	411	182
4807052	Edgerton	2002	402	182
4807052	Edgerton	2003	394	182
4807052	Edgerton	2004	387	182
4807052	Edgerton	2005	389	182
4807052	Edgerton	2006	389	182
4807052	Edgerton	2007	384	182
4807052	Edgerton	2008	372	182
4807052	Edgerton	2009	364	182
4807052	Edgerton	2010	338	182
4807052	Edgerton	2011	329	182
4807052	Edgerton	2012	340	182
4807052	Edgerton	2013	353	182
4807052	Edgerton	2014	369	182
4807052	Edgerton	2015	365	182
4807052	Edgerton	2016	396	182
4807052	Edgerton	2017	349	182
4807052	Edgerton	2018	346	182
4807052	Edgerton	2019	346	182
4807052	Edgerton	2020	338	182
4807052	Edgerton	2021	397	182
4807052	Edgerton	2022	408	182
4807052	Edgerton	2023	403	182
4807052	Edgerton	2024	397	182
4807052	Edgerton	2025	383	182
4807054	Wainwright	2001	5232	182
4807054	Wainwright	2002	5245	182
4807054	Wainwright	2003	5306	182
4807054	Wainwright	2004	5372	182
4807054	Wainwright	2005	5490	182
4807054	Wainwright	2006	5626	182
4807054	Wainwright	2007	5733	182
4807054	Wainwright	2008	5805	182
4807054	Wainwright	2009	5929	182
4807054	Wainwright	2010	6087	182
4807054	Wainwright	2011	6157	182
4807054	Wainwright	2012	6295	182
4807054	Wainwright	2013	6406	182
4807054	Wainwright	2014	6579	182
4807054	Wainwright	2015	6463	182
4807054	Wainwright	2016	6421	182
4807054	Wainwright	2017	6696	182
4807054	Wainwright	2018	6710	182
4807054	Wainwright	2019	6801	182
4807054	Wainwright	2020	6783	182
4807054	Wainwright	2021	6860	182
4807054	Wainwright	2022	6745	182
4807054	Wainwright	2023	6769	182
4807054	Wainwright	2024	6929	182
4807054	Wainwright	2025	6997	182
4807056	Irma	2001	445	182
4807056	Irma	2002	436	182
4807056	Irma	2003	441	182
4807056	Irma	2004	441	182
4807056	Irma	2005	450	182
4807056	Irma	2006	450	182
4807056	Irma	2007	453	182
4807056	Irma	2008	443	182
4807056	Irma	2009	478	182
4807056	Irma	2010	475	182
4807056	Irma	2011	472	182
4807056	Irma	2012	484	182
4807056	Irma	2013	496	182
4807056	Irma	2014	507	182
4807056	Irma	2015	519	182
4807056	Irma	2016	533	182
4807056	Irma	2017	476	182
4807056	Irma	2018	478	182
4807056	Irma	2019	489	182
4807056	Irma	2020	507	182
4807056	Irma	2021	492	182
4807056	Irma	2022	494	182
4807056	Irma	2023	511	182
4807056	Irma	2024	486	182
4807056	Irma	2025	482	182
4808001	Red Deer County	2001	18409	182
4808001	Red Deer County	2002	18501	182
4808001	Red Deer County	2003	18570	182
4808001	Red Deer County	2004	18640	182
4808001	Red Deer County	2005	18870	182
4808001	Red Deer County	2006	19166	182
4808001	Red Deer County	2007	19286	182
4808001	Red Deer County	2008	19327	182
4808001	Red Deer County	2009	19124	182
4808001	Red Deer County	2010	19130	182
4808001	Red Deer County	2011	18854	182
4808001	Red Deer County	2012	18739	182
4808001	Red Deer County	2013	19054	182
4808001	Red Deer County	2014	19196	182
4808001	Red Deer County	2015	19868	182
4808001	Red Deer County	2016	20015	182
4808001	Red Deer County	2017	20228	182
4808001	Red Deer County	2018	20716	182
4808001	Red Deer County	2019	20921	182
4808001	Red Deer County	2020	21035	182
4808001	Red Deer County	2021	20555	182
4808001	Red Deer County	2022	20917	182
4808001	Red Deer County	2023	21331	182
4808001	Red Deer County	2024	21782	182
4808001	Red Deer County	2025	22076	182
4808002	Elnora	2001	301	182
4808002	Elnora	2002	297	182
4808002	Elnora	2003	293	182
4808002	Elnora	2004	289	182
4808002	Elnora	2005	289	182
4808002	Elnora	2006	287	182
4808002	Elnora	2007	297	182
4808002	Elnora	2008	305	182
4808002	Elnora	2009	312	182
4808002	Elnora	2010	316	182
4808002	Elnora	2011	320	182
4808002	Elnora	2012	318	182
4808002	Elnora	2013	317	182
4808002	Elnora	2014	314	182
4808002	Elnora	2015	308	182
4808002	Elnora	2016	301	182
4808002	Elnora	2017	255	182
4808002	Elnora	2018	266	182
4808002	Elnora	2019	265	182
4808002	Elnora	2020	256	182
4808002	Elnora	2021	294	182
4808002	Elnora	2022	305	182
4808002	Elnora	2023	308	182
4808002	Elnora	2024	313	182
4808002	Elnora	2025	307	182
4808004	Delburne	2001	736	182
4808004	Delburne	2002	744	182
4808004	Delburne	2003	749	182
4808004	Delburne	2004	758	182
4808004	Delburne	2005	773	182
4808004	Delburne	2006	790	182
4808004	Delburne	2007	818	182
4808004	Delburne	2008	840	182
4808004	Delburne	2009	873	182
4808004	Delburne	2010	857	182
4808004	Delburne	2011	853	182
4808004	Delburne	2012	899	182
4808004	Delburne	2013	871	182
4808004	Delburne	2014	909	182
4808004	Delburne	2015	901	182
4808004	Delburne	2016	914	182
4808004	Delburne	2017	866	182
4808004	Delburne	2018	849	182
4808004	Delburne	2019	850	182
4808004	Delburne	2020	853	182
4808004	Delburne	2021	948	182
4808004	Delburne	2022	952	182
4808004	Delburne	2023	936	182
4808004	Delburne	2024	954	182
4808004	Delburne	2025	949	182
4808005	Jarvis Bay	2001	128	182
4808005	Jarvis Bay	2002	141	182
4808005	Jarvis Bay	2003	153	182
4808005	Jarvis Bay	2004	166	182
4808005	Jarvis Bay	2005	178	182
4808005	Jarvis Bay	2006	188	182
4808005	Jarvis Bay	2007	194	182
4808005	Jarvis Bay	2008	198	182
4808005	Jarvis Bay	2009	203	182
4808005	Jarvis Bay	2010	206	182
4808005	Jarvis Bay	2011	208	182
4808005	Jarvis Bay	2012	210	182
4808005	Jarvis Bay	2013	213	182
4808005	Jarvis Bay	2014	215	182
4808005	Jarvis Bay	2015	214	182
4808005	Jarvis Bay	2016	217	182
4808005	Jarvis Bay	2017	184	182
4808005	Jarvis Bay	2018	182	182
4808005	Jarvis Bay	2019	178	182
4808005	Jarvis Bay	2020	196	182
4808005	Jarvis Bay	2021	219	182
4808005	Jarvis Bay	2022	223	182
4808005	Jarvis Bay	2023	224	182
4808005	Jarvis Bay	2024	222	182
4808005	Jarvis Bay	2025	224	182
4808006	Bowden	2001	1202	182
4808006	Bowden	2002	1208	182
4808006	Bowden	2003	1212	182
4808006	Bowden	2004	1221	182
4808006	Bowden	2005	1238	182
4808006	Bowden	2006	1241	182
4808006	Bowden	2007	1233	182
4808006	Bowden	2008	1253	182
4808006	Bowden	2009	1323	182
4808006	Bowden	2010	1273	182
4808006	Bowden	2011	1278	182
4808006	Bowden	2012	1316	182
4808006	Bowden	2013	1291	182
4808006	Bowden	2014	1310	182
4808006	Bowden	2015	1270	182
4808006	Bowden	2016	1273	182
4808006	Bowden	2017	1233	182
4808006	Bowden	2018	1237	182
4808006	Bowden	2019	1271	182
4808006	Bowden	2020	1274	182
4808006	Bowden	2021	1323	182
4808006	Bowden	2022	1297	182
4808006	Bowden	2023	1309	182
4808006	Bowden	2024	1316	182
4808006	Bowden	2025	1315	182
4808008	Innisfail	2001	7106	182
4808008	Innisfail	2002	7148	182
4808008	Innisfail	2003	7194	182
4808008	Innisfail	2004	7251	182
4808008	Innisfail	2005	7385	182
4808008	Innisfail	2006	7561	182
4808008	Innisfail	2007	7800	182
4808008	Innisfail	2008	7879	182
4808008	Innisfail	2009	8106	182
4808008	Innisfail	2010	8113	182
4808008	Innisfail	2011	8084	182
4808008	Innisfail	2012	8113	182
4808008	Innisfail	2013	8130	182
4808008	Innisfail	2014	8251	182
4808008	Innisfail	2015	8114	182
4808008	Innisfail	2016	8014	182
4808008	Innisfail	2017	8006	182
4808008	Innisfail	2018	7922	182
4808008	Innisfail	2019	7906	182
4808008	Innisfail	2020	7836	182
4808008	Innisfail	2021	8224	182
4808008	Innisfail	2022	8339	182
4808008	Innisfail	2023	8518	182
4808008	Innisfail	2024	8731	182
4808008	Innisfail	2025	8736	182
4808009	Penhold	2001	1783	182
4808009	Penhold	2002	1822	182
4808009	Penhold	2003	1858	182
4808009	Penhold	2004	1898	182
4808009	Penhold	2005	1968	182
4808009	Penhold	2006	2040	182
4808009	Penhold	2007	2139	182
4808009	Penhold	2008	2207	182
4808009	Penhold	2009	2271	182
4808009	Penhold	2010	2336	182
4808009	Penhold	2011	2500	182
4808009	Penhold	2012	2634	182
4808009	Penhold	2013	2795	182
4808009	Penhold	2014	3053	182
4808009	Penhold	2015	3298	182
4808009	Penhold	2016	3404	182
4808009	Penhold	2017	3423	182
4808009	Penhold	2018	3540	182
4808009	Penhold	2019	3622	182
4808009	Penhold	2020	3708	182
4808009	Penhold	2021	3640	182
4808009	Penhold	2022	3679	182
4808009	Penhold	2023	3701	182
4808009	Penhold	2024	3731	182
4808009	Penhold	2025	3812	182
4808011	Red Deer	2001	70347	182
4808011	Red Deer	2002	73156	182
4808011	Red Deer	2003	75889	182
4808011	Red Deer	2004	78775	182
4808011	Red Deer	2005	82587	182
4808011	Red Deer	2006	86674	182
4808011	Red Deer	2007	88854	182
4808011	Red Deer	2008	90745	182
4808011	Red Deer	2009	92364	182
4808011	Red Deer	2010	92695	182
4808011	Red Deer	2011	94277	182
4808011	Red Deer	2012	97409	182
4808011	Red Deer	2013	100075	182
4808011	Red Deer	2014	102265	182
4808011	Red Deer	2015	103075	182
4808011	Red Deer	2016	103330	182
4808011	Red Deer	2017	103957	182
4808011	Red Deer	2018	104503	182
4808011	Red Deer	2019	104990	182
4808011	Red Deer	2020	104962	182
4808011	Red Deer	2021	104361	182
4808011	Red Deer	2022	105176	182
4808011	Red Deer	2023	108928	182
4808011	Red Deer	2024	113145	182
4808011	Red Deer	2025	115409	182
4808012	Sylvan Lake	2001	7844	182
4808012	Sylvan Lake	2002	8353	182
4808012	Sylvan Lake	2003	8862	182
4808012	Sylvan Lake	2004	9392	182
4808012	Sylvan Lake	2005	10030	182
4808012	Sylvan Lake	2006	10781	182
4808012	Sylvan Lake	2007	11307	182
4808012	Sylvan Lake	2008	11669	182
4808012	Sylvan Lake	2009	12099	182
4808012	Sylvan Lake	2010	12460	182
4808012	Sylvan Lake	2011	12908	182
4808012	Sylvan Lake	2012	13558	182
4808012	Sylvan Lake	2013	14250	182
4808012	Sylvan Lake	2014	14685	182
4808012	Sylvan Lake	2015	15163	182
4808012	Sylvan Lake	2016	15288	182
4808012	Sylvan Lake	2017	15682	182
4808012	Sylvan Lake	2018	16015	182
4808012	Sylvan Lake	2019	16206	182
4808012	Sylvan Lake	2020	16232	182
4808012	Sylvan Lake	2021	16597	182
4808012	Sylvan Lake	2022	16957	182
4808012	Sylvan Lake	2023	17103	182
4808012	Sylvan Lake	2024	17506	182
4808012	Sylvan Lake	2025	17897	182
4808013	Norglenwold	2001	271	182
4808013	Norglenwold	2002	271	182
4808013	Norglenwold	2003	275	182
4808013	Norglenwold	2004	273	182
4808013	Norglenwold	2005	275	182
4808013	Norglenwold	2006	275	182
4808013	Norglenwold	2007	265	182
4808013	Norglenwold	2008	253	182
4808013	Norglenwold	2009	241	182
4808013	Norglenwold	2010	255	182
4808013	Norglenwold	2011	239	182
4808013	Norglenwold	2012	249	182
4808013	Norglenwold	2013	258	182
4808013	Norglenwold	2014	267	182
4808013	Norglenwold	2015	273	182
4808013	Norglenwold	2016	281	182
4808013	Norglenwold	2017	253	182
4808013	Norglenwold	2018	241	182
4808013	Norglenwold	2019	248	182
4808013	Norglenwold	2020	249	182
4808013	Norglenwold	2021	313	182
4808013	Norglenwold	2022	320	182
4808013	Norglenwold	2023	327	182
4808013	Norglenwold	2024	334	182
4808013	Norglenwold	2025	339	182
4808022	Lacombe County	2001	10705	182
4808022	Lacombe County	2002	10672	182
4808022	Lacombe County	2003	10606	182
4808022	Lacombe County	2004	10554	182
4808022	Lacombe County	2005	10607	182
4808022	Lacombe County	2006	10702	182
4808022	Lacombe County	2007	10811	182
4808022	Lacombe County	2008	10734	182
4808022	Lacombe County	2009	10695	182
4808022	Lacombe County	2010	10647	182
4808022	Lacombe County	2011	10604	182
4808022	Lacombe County	2012	10757	182
4808022	Lacombe County	2013	10853	182
4808022	Lacombe County	2014	10981	182
4808022	Lacombe County	2015	11104	182
4808022	Lacombe County	2016	10486	182
4808022	Lacombe County	2017	10514	182
4808022	Lacombe County	2018	10610	182
4808022	Lacombe County	2019	10589	182
4808022	Lacombe County	2020	10634	182
4808022	Lacombe County	2021	10598	182
4808022	Lacombe County	2022	10603	182
4808022	Lacombe County	2023	10796	182
4808022	Lacombe County	2024	10922	182
4808022	Lacombe County	2025	11072	182
4808023	Birchcliff	2001	106	182
4808023	Birchcliff	2002	112	182
4808023	Birchcliff	2003	116	182
4808023	Birchcliff	2004	121	182
4808023	Birchcliff	2005	125	182
4808023	Birchcliff	2006	128	182
4808023	Birchcliff	2007	126	182
4808023	Birchcliff	2008	123	182
4808023	Birchcliff	2009	121	182
4808023	Birchcliff	2010	117	182
4808023	Birchcliff	2011	115	182
4808023	Birchcliff	2012	116	182
4808023	Birchcliff	2013	118	182
4808023	Birchcliff	2014	119	182
4808023	Birchcliff	2015	120	182
4808023	Birchcliff	2016	119	182
4808023	Birchcliff	2017	109	182
4808023	Birchcliff	2018	124	182
4808023	Birchcliff	2019	129	182
4808023	Birchcliff	2020	136	182
4808023	Birchcliff	2021	216	182
4808023	Birchcliff	2022	233	182
4808023	Birchcliff	2023	252	182
4808023	Birchcliff	2024	272	182
4808023	Birchcliff	2025	301	182
4808024	Eckville	2001	1038	182
4808024	Eckville	2002	1012	182
4808024	Eckville	2003	995	182
4808024	Eckville	2004	986	182
4808024	Eckville	2005	983	182
4808024	Eckville	2006	983	182
4808024	Eckville	2007	1027	182
4808024	Eckville	2008	1061	182
4808024	Eckville	2009	1096	182
4808024	Eckville	2010	1125	182
4808024	Eckville	2011	1158	182
4808024	Eckville	2012	1162	182
4808024	Eckville	2013	1168	182
4808024	Eckville	2014	1170	182
4808024	Eckville	2015	1164	182
4808024	Eckville	2016	1154	182
4808024	Eckville	2017	1067	182
4808024	Eckville	2018	1044	182
4808024	Eckville	2019	1031	182
4808024	Eckville	2020	1057	182
4808024	Eckville	2021	1048	182
4808024	Eckville	2022	1080	182
4808024	Eckville	2023	1107	182
4808024	Eckville	2024	1115	182
4808024	Eckville	2025	1088	182
4808025	Half Moon Bay	2001	35	182
4808025	Half Moon Bay	2002	33	182
4808025	Half Moon Bay	2003	33	182
4808025	Half Moon Bay	2004	33	182
4808025	Half Moon Bay	2005	34	182
4808025	Half Moon Bay	2006	32	182
4808025	Half Moon Bay	2007	34	182
4808025	Half Moon Bay	2008	36	182
4808025	Half Moon Bay	2009	38	182
4808025	Half Moon Bay	2010	38	182
4808025	Half Moon Bay	2011	39	182
4808025	Half Moon Bay	2012	40	182
4808025	Half Moon Bay	2013	41	182
4808025	Half Moon Bay	2014	41	182
4808025	Half Moon Bay	2015	43	182
4808025	Half Moon Bay	2016	42	182
4808025	Half Moon Bay	2017	37	182
4808025	Half Moon Bay	2018	41	182
4808025	Half Moon Bay	2019	45	182
4808025	Half Moon Bay	2020	38	182
4808025	Half Moon Bay	2021	66	182
4808025	Half Moon Bay	2022	61	182
4808025	Half Moon Bay	2023	58	182
4808025	Half Moon Bay	2024	66	182
4808025	Half Moon Bay	2025	68	182
4808026	Bentley	2001	1058	182
4808026	Bentley	2002	1059	182
4808026	Bentley	2003	1075	182
4808026	Bentley	2004	1084	182
4808026	Bentley	2005	1094	182
4808026	Bentley	2006	1114	182
4808026	Bentley	2007	1126	182
4808026	Bentley	2008	1126	182
4808026	Bentley	2009	1124	182
4808026	Bentley	2010	1112	182
4808026	Bentley	2011	1105	182
4808026	Bentley	2012	1111	182
4808026	Bentley	2013	1120	182
4808026	Bentley	2014	1124	182
4808026	Bentley	2015	1118	182
4808026	Bentley	2016	1108	182
4808026	Bentley	2017	1016	182
4808026	Bentley	2018	1014	182
4808026	Bentley	2019	1018	182
4808026	Bentley	2020	1010	182
4808026	Bentley	2021	1074	182
4808026	Bentley	2022	1101	182
4808026	Bentley	2023	1101	182
4808026	Bentley	2024	1118	182
4808026	Bentley	2025	1153	182
4808027	Sunbreaker Cove	2001	87	182
4808027	Sunbreaker Cove	2002	97	182
4808027	Sunbreaker Cove	2003	108	182
4808027	Sunbreaker Cove	2004	119	182
4808027	Sunbreaker Cove	2005	130	182
4808027	Sunbreaker Cove	2006	139	182
4808027	Sunbreaker Cove	2007	127	182
4808027	Sunbreaker Cove	2008	113	182
4808027	Sunbreaker Cove	2009	99	182
4808027	Sunbreaker Cove	2010	83	182
4808027	Sunbreaker Cove	2011	70	182
4808027	Sunbreaker Cove	2012	73	182
4808027	Sunbreaker Cove	2013	75	182
4808027	Sunbreaker Cove	2014	78	182
4808027	Sunbreaker Cove	2015	80	182
4808027	Sunbreaker Cove	2016	82	182
4808027	Sunbreaker Cove	2017	82	182
4808027	Sunbreaker Cove	2018	81	182
4808027	Sunbreaker Cove	2019	86	182
4808027	Sunbreaker Cove	2020	85	182
4808027	Sunbreaker Cove	2021	132	182
4808027	Sunbreaker Cove	2022	131	182
4808027	Sunbreaker Cove	2023	136	182
4808027	Sunbreaker Cove	2024	136	182
4808027	Sunbreaker Cove	2025	137	182
4808028	Gull Lake	2001	148	182
4808028	Gull Lake	2002	156	182
4808028	Gull Lake	2003	166	182
4808028	Gull Lake	2004	176	182
4808028	Gull Lake	2005	191	182
4808028	Gull Lake	2006	209	182
4808028	Gull Lake	2007	198	182
4808028	Gull Lake	2008	184	182
4808028	Gull Lake	2009	169	182
4808028	Gull Lake	2010	149	182
4808028	Gull Lake	2011	127	182
4808028	Gull Lake	2012	137	182
4808028	Gull Lake	2013	148	182
4808028	Gull Lake	2014	159	182
4808028	Gull Lake	2015	168	182
4808028	Gull Lake	2016	179	182
4808028	Gull Lake	2017	160	182
4808028	Gull Lake	2018	170	182
4808028	Gull Lake	2019	177	182
4808028	Gull Lake	2020	174	182
4808028	Gull Lake	2021	230	182
4808028	Gull Lake	2022	239	182
4808028	Gull Lake	2023	249	182
4808028	Gull Lake	2024	259	182
4808028	Gull Lake	2025	274	182
4808029	Blackfalds	2001	3289	182
4808029	Blackfalds	2002	3546	182
4808029	Blackfalds	2003	3815	182
4808029	Blackfalds	2004	4096	182
4808029	Blackfalds	2005	4451	182
4808029	Blackfalds	2006	4850	182
4808029	Blackfalds	2007	5125	182
4808029	Blackfalds	2008	5396	182
4808029	Blackfalds	2009	5809	182
4808029	Blackfalds	2010	6206	182
4808029	Blackfalds	2011	6623	182
4808029	Blackfalds	2012	6969	182
4808029	Blackfalds	2013	7252	182
4808029	Blackfalds	2014	7842	182
4808029	Blackfalds	2015	8272	182
4808029	Blackfalds	2016	9929	182
4808029	Blackfalds	2017	10274	182
4808029	Blackfalds	2018	10680	182
4808029	Blackfalds	2019	10956	182
4808029	Blackfalds	2020	11179	182
4808029	Blackfalds	2021	11084	182
4808029	Blackfalds	2022	11364	182
4808029	Blackfalds	2023	11672	182
4808029	Blackfalds	2024	12002	182
4808029	Blackfalds	2025	12258	182
4808031	Lacombe	2001	9630	182
4808031	Lacombe	2002	9859	182
4808031	Lacombe	2003	10069	182
4808031	Lacombe	2004	10312	182
4808031	Lacombe	2005	10666	182
4808031	Lacombe	2006	11132	182
4808031	Lacombe	2007	11498	182
4808031	Lacombe	2008	11641	182
4808031	Lacombe	2009	11866	182
4808031	Lacombe	2010	12067	182
4808031	Lacombe	2011	12082	182
4808031	Lacombe	2012	12613	182
4808031	Lacombe	2013	13060	182
4808031	Lacombe	2014	13382	182
4808031	Lacombe	2015	13484	182
4808031	Lacombe	2016	13366	182
4808031	Lacombe	2017	13399	182
4808031	Lacombe	2018	13566	182
4808031	Lacombe	2019	13683	182
4808031	Lacombe	2020	13854	182
4808031	Lacombe	2021	13827	182
4808031	Lacombe	2022	14127	182
4808031	Lacombe	2023	14299	182
4808031	Lacombe	2024	14586	182
4808031	Lacombe	2025	14733	182
4808032	Clive	2001	603	182
4808032	Clive	2002	601	182
4808032	Clive	2003	597	182
4808032	Clive	2004	597	182
4808032	Clive	2005	590	182
4808032	Clive	2006	582	182
4808032	Clive	2007	609	182
4808032	Clive	2008	630	182
4808032	Clive	2009	680	182
4808032	Clive	2010	686	182
4808032	Clive	2011	696	182
4808032	Clive	2012	667	182
4808032	Clive	2013	736	182
4808032	Clive	2014	673	182
4808032	Clive	2015	726	182
4808032	Clive	2016	735	182
4808032	Clive	2017	684	182
4808032	Clive	2018	711	182
4808032	Clive	2019	712	182
4808032	Clive	2020	713	182
4808032	Clive	2021	811	182
4808032	Clive	2022	836	182
4808032	Clive	2023	862	182
4808032	Clive	2024	889	182
4808032	Clive	2025	907	182
4808034	Alix	2001	840	182
4808034	Alix	2002	838	182
4808034	Alix	2003	843	182
4808034	Alix	2004	839	182
4808034	Alix	2005	851	182
4808034	Alix	2006	878	182
4808034	Alix	2007	913	182
4808034	Alix	2008	920	182
4808034	Alix	2009	873	182
4808034	Alix	2010	893	182
4808034	Alix	2011	842	182
4808034	Alix	2012	866	182
4808034	Alix	2013	844	182
4808034	Alix	2014	747	182
4808034	Alix	2015	785	182
4808034	Alix	2016	751	182
4808034	Alix	2017	697	182
4808034	Alix	2018	697	182
4808034	Alix	2019	729	182
4808034	Alix	2020	738	182
4808034	Alix	2021	796	182
4808034	Alix	2022	817	182
4808034	Alix	2023	822	182
4808034	Alix	2024	860	182
4808034	Alix	2025	877	182
4808038	Ponoka County	2001	8960	182
4808038	Ponoka County	2002	8926	182
4808038	Ponoka County	2003	8862	182
4808038	Ponoka County	2004	8802	182
4808038	Ponoka County	2005	8810	182
4808038	Ponoka County	2006	8889	182
4808038	Ponoka County	2007	9081	182
4808038	Ponoka County	2008	9164	182
4808038	Ponoka County	2009	9119	182
4808038	Ponoka County	2010	9253	182
4808038	Ponoka County	2011	9087	182
4808038	Ponoka County	2012	9117	182
4808038	Ponoka County	2013	9315	182
4808038	Ponoka County	2014	9544	182
4808038	Ponoka County	2015	9750	182
4808038	Ponoka County	2016	10053	182
4808038	Ponoka County	2017	10202	182
4808038	Ponoka County	2018	10224	182
4808038	Ponoka County	2019	10273	182
4808038	Ponoka County	2020	10240	182
4808038	Ponoka County	2021	10314	182
4808038	Ponoka County	2022	10371	182
4808038	Ponoka County	2023	10357	182
4808038	Ponoka County	2024	10469	182
4808038	Ponoka County	2025	10670	182
4808039	Ponoka	2001	6494	182
4808039	Ponoka	2002	6510	182
4808039	Ponoka	2003	6525	182
4808039	Ponoka	2004	6545	182
4808039	Ponoka	2005	6641	182
4808039	Ponoka	2006	6777	182
4808039	Ponoka	2007	6928	182
4808039	Ponoka	2008	6976	182
4808039	Ponoka	2009	7034	182
4808039	Ponoka	2010	6995	182
4808039	Ponoka	2011	6966	182
4808039	Ponoka	2012	7020	182
4808039	Ponoka	2013	7162	182
4808039	Ponoka	2014	7217	182
4808039	Ponoka	2015	7387	182
4808039	Ponoka	2016	7404	182
4808039	Ponoka	2017	7409	182
4808039	Ponoka	2018	7362	182
4808039	Ponoka	2019	7393	182
4808039	Ponoka	2020	7377	182
4808039	Ponoka	2021	7559	182
4808039	Ponoka	2022	7723	182
4808039	Ponoka	2023	7957	182
4808039	Ponoka	2024	8011	182
4808039	Ponoka	2025	8212	182
4808042	Parkland Beach	2001	100	182
4808042	Parkland Beach	2002	107	182
4808042	Parkland Beach	2003	114	182
4808042	Parkland Beach	2004	121	182
4808042	Parkland Beach	2005	130	182
4808042	Parkland Beach	2006	138	182
4808042	Parkland Beach	2007	136	182
4808042	Parkland Beach	2008	134	182
4808042	Parkland Beach	2009	132	182
4808042	Parkland Beach	2010	129	182
4808042	Parkland Beach	2011	127	182
4808042	Parkland Beach	2012	134	182
4808042	Parkland Beach	2013	139	182
4808042	Parkland Beach	2014	145	182
4808042	Parkland Beach	2015	150	182
4808042	Parkland Beach	2016	155	182
4808042	Parkland Beach	2017	137	182
4808042	Parkland Beach	2018	135	182
4808042	Parkland Beach	2019	128	182
4808042	Parkland Beach	2020	132	182
4808042	Parkland Beach	2021	170	182
4808042	Parkland Beach	2022	168	182
4808042	Parkland Beach	2023	172	182
4808042	Parkland Beach	2024	175	182
4808042	Parkland Beach	2025	175	182
4808044	Rimbey	2001	2187	182
4808044	Rimbey	2002	2190	182
4808044	Rimbey	2003	2197	182
4808044	Rimbey	2004	2216	182
4808044	Rimbey	2005	2258	182
4808044	Rimbey	2006	2319	182
4808044	Rimbey	2007	2370	182
4808044	Rimbey	2008	2398	182
4808044	Rimbey	2009	2422	182
4808044	Rimbey	2010	2427	182
4808044	Rimbey	2011	2442	182
4808044	Rimbey	2012	2484	182
4808044	Rimbey	2013	2532	182
4808044	Rimbey	2014	2575	182
4808044	Rimbey	2015	2600	182
4808044	Rimbey	2016	2622	182
4808044	Rimbey	2017	2570	182
4808044	Rimbey	2018	2509	182
4808044	Rimbey	2019	2540	182
4808044	Rimbey	2020	2576	182
4808044	Rimbey	2021	2534	182
4808044	Rimbey	2022	2517	182
4808044	Rimbey	2023	2563	182
4808044	Rimbey	2024	2574	182
4808044	Rimbey	2025	2502	182
4808811	Samson 137	2001	3141	182
4808811	Samson 137	2002	3170	182
4808811	Samson 137	2003	3176	182
4808811	Samson 137	2004	3201	182
4808811	Samson 137	2005	3292	182
4808811	Samson 137	2006	3435	182
4808811	Samson 137	2007	3567	182
4808811	Samson 137	2008	3669	182
4808811	Samson 137	2009	3761	182
4808811	Samson 137	2010	3819	182
4808811	Samson 137	2011	3896	182
4808811	Samson 137	2012	3835	182
4808811	Samson 137	2013	3802	182
4808811	Samson 137	2014	3729	182
4808811	Samson 137	2015	3667	182
4808811	Samson 137	2016	3473	182
4808811	Samson 137	2017	3423	182
4808811	Samson 137	2018	3439	182
4808811	Samson 137	2019	3450	182
4808811	Samson 137	2020	3477	182
4808811	Samson 137	2021	3365	182
4808811	Samson 137	2022	3391	182
4808811	Samson 137	2023	3397	182
4808811	Samson 137	2024	3426	182
4808811	Samson 137	2025	3427	182
4808812	Samson 137A	2001	16	182
4808812	Samson 137A	2002	20	182
4808812	Samson 137A	2003	23	182
4808812	Samson 137A	2004	26	182
4808812	Samson 137A	2005	29	182
4808812	Samson 137A	2006	33	182
4808812	Samson 137A	2007	35	182
4808812	Samson 137A	2008	37	182
4808812	Samson 137A	2009	39	182
4808812	Samson 137A	2010	39	182
4808812	Samson 137A	2011	39	182
4808812	Samson 137A	2012	36	182
4808812	Samson 137A	2013	34	182
4808812	Samson 137A	2014	32	182
4808812	Samson 137A	2015	29	182
4808812	Samson 137A	2016	27	182
4808812	Samson 137A	2017	24	182
4808812	Samson 137A	2018	25	182
4808812	Samson 137A	2019	22	182
4808812	Samson 137A	2020	24	182
4808812	Samson 137A	2021	20	182
4808812	Samson 137A	2022	20	182
4808812	Samson 137A	2023	20	182
4808812	Samson 137A	2024	20	182
4808812	Samson 137A	2025	20	182
4808813	Montana 139	2001	596	182
4808813	Montana 139	2002	608	182
4808813	Montana 139	2003	617	182
4808813	Montana 139	2004	628	182
4808813	Montana 139	2005	648	182
4808813	Montana 139	2006	660	182
4808813	Montana 139	2007	678	182
4808813	Montana 139	2008	687	182
4808813	Montana 139	2009	690	182
4808813	Montana 139	2010	678	182
4808813	Montana 139	2011	676	182
4808813	Montana 139	2012	676	182
4808813	Montana 139	2013	677	182
4808813	Montana 139	2014	676	182
4808813	Montana 139	2015	670	182
4808813	Montana 139	2016	648	182
4808813	Montana 139	2017	600	182
4808813	Montana 139	2018	608	182
4808813	Montana 139	2019	617	182
4808813	Montana 139	2020	624	182
4808813	Montana 139	2021	619	182
4808813	Montana 139	2022	621	182
4808813	Montana 139	2023	623	182
4808813	Montana 139	2024	626	182
4808813	Montana 139	2025	628	182
4809002	Clearwater County	2022	12023	182
4809002	Clearwater County	2023	11949	182
4809002	Clearwater County	2024	11875	182
4809002	Clearwater County	2025	12326	182
4809005	Burnstick Lake	2001	9	182
4809005	Burnstick Lake	2002	16	182
4809005	Burnstick Lake	2003	24	182
4809005	Burnstick Lake	2004	31	182
4809005	Burnstick Lake	2005	38	182
4809005	Burnstick Lake	2006	44	182
4809005	Burnstick Lake	2007	39	182
4809005	Burnstick Lake	2008	34	182
4809005	Burnstick Lake	2009	28	182
4809005	Burnstick Lake	2010	22	182
4809005	Burnstick Lake	2011	16	182
4809005	Burnstick Lake	2012	16	182
4809005	Burnstick Lake	2013	16	182
4809005	Burnstick Lake	2014	16	182
4809005	Burnstick Lake	2015	16	182
4809005	Burnstick Lake	2016	16	182
4809005	Burnstick Lake	2017	13	182
4809005	Burnstick Lake	2018	10	182
4809005	Burnstick Lake	2019	10	182
4809005	Burnstick Lake	2020	11	182
4809005	Burnstick Lake	2021	21	182
4809005	Burnstick Lake	2022	28	182
4809005	Burnstick Lake	2023	29	182
4809005	Burnstick Lake	2024	29	182
4809005	Burnstick Lake	2025	29	182
4809010	Caroline	2001	569	182
4809010	Caroline	2002	553	182
4809010	Caroline	2003	540	182
4809010	Caroline	2004	532	182
4809010	Caroline	2005	529	182
4809010	Caroline	2006	534	182
4809010	Caroline	2007	539	182
4809010	Caroline	2008	538	182
4809010	Caroline	2009	535	182
4809010	Caroline	2010	522	182
4809010	Caroline	2011	517	182
4809010	Caroline	2012	508	182
4809010	Caroline	2013	517	182
4809010	Caroline	2014	521	182
4809010	Caroline	2015	523	182
4809010	Caroline	2016	521	182
4809010	Caroline	2017	475	182
4809010	Caroline	2018	444	182
4809010	Caroline	2019	449	182
4809010	Caroline	2020	433	182
4809010	Caroline	2021	489	182
4809010	Caroline	2022	498	182
4809010	Caroline	2023	506	182
4809010	Caroline	2024	513	182
4809015	Rocky Mountain House	2001	6378	182
4809015	Rocky Mountain House	2002	6496	182
4809015	Rocky Mountain House	2003	6625	182
4809015	Rocky Mountain House	2004	6757	182
4809015	Rocky Mountain House	2005	6896	182
4809015	Rocky Mountain House	2006	7128	182
4809015	Rocky Mountain House	2007	7274	182
4809015	Rocky Mountain House	2008	7287	182
4809015	Rocky Mountain House	2009	7191	182
4809015	Rocky Mountain House	2010	7189	182
4809015	Rocky Mountain House	2011	7161	182
4809015	Rocky Mountain House	2012	6923	182
4809015	Rocky Mountain House	2013	7016	182
4809015	Rocky Mountain House	2014	7041	182
4809015	Rocky Mountain House	2015	6994	182
4809015	Rocky Mountain House	2016	6771	182
4809015	Rocky Mountain House	2017	6814	182
4809015	Rocky Mountain House	2018	6738	182
4809015	Rocky Mountain House	2019	6661	182
4809015	Rocky Mountain House	2020	6595	182
4809015	Rocky Mountain House	2021	6993	182
4809015	Rocky Mountain House	2022	7133	182
4809015	Rocky Mountain House	2023	7527	182
4809015	Rocky Mountain House	2024	7845	182
4809015	Rocky Mountain House	2025	8144	182
4809806	O'Chiese 203	2001	516	182
4809806	O'Chiese 203	2002	511	182
4809806	O'Chiese 203	2003	499	182
4809806	O'Chiese 203	2004	476	182
4809806	O'Chiese 203	2005	462	182
4809806	O'Chiese 203	2006	473	182
4809806	O'Chiese 203	2007	531	182
4809806	O'Chiese 203	2008	588	182
4809806	O'Chiese 203	2009	649	182
4809806	O'Chiese 203	2010	711	182
4809806	O'Chiese 203	2011	779	182
4809806	O'Chiese 203	2012	782	182
4809806	O'Chiese 203	2013	808	182
4809806	O'Chiese 203	2014	825	182
4809806	O'Chiese 203	2015	826	182
4809806	O'Chiese 203	2016	811	182
4809806	O'Chiese 203	2017	772	182
4809806	O'Chiese 203	2018	765	182
4809806	O'Chiese 203	2019	797	182
4809806	O'Chiese 203	2020	812	182
4809806	O'Chiese 203	2021	834	182
4809806	O'Chiese 203	2022	843	182
4809806	O'Chiese 203	2023	854	182
4809806	O'Chiese 203	2024	857	182
4809806	O'Chiese 203	2025	856	182
4809809	Sunchild 202	2001	612	182
4809809	Sunchild 202	2002	589	182
4809809	Sunchild 202	2003	572	182
4809809	Sunchild 202	2004	548	182
4809809	Sunchild 202	2005	524	182
4809809	Sunchild 202	2006	504	182
4809809	Sunchild 202	2007	543	182
4809809	Sunchild 202	2008	590	182
4809809	Sunchild 202	2009	637	182
4809809	Sunchild 202	2010	646	182
4809809	Sunchild 202	2011	705	182
4809809	Sunchild 202	2012	708	182
4809809	Sunchild 202	2013	732	182
4809809	Sunchild 202	2014	753	182
4809809	Sunchild 202	2015	763	182
4809809	Sunchild 202	2016	768	182
4809809	Sunchild 202	2017	695	182
4809809	Sunchild 202	2018	707	182
4809809	Sunchild 202	2019	722	182
4809809	Sunchild 202	2020	722	182
4809809	Sunchild 202	2021	668	182
4809809	Sunchild 202	2022	658	182
4809809	Sunchild 202	2023	661	182
4809809	Sunchild 202	2024	660	182
4809809	Sunchild 202	2025	660	182
4809810	Big Horn 144A	2001	198	182
4809810	Big Horn 144A	2002	195	182
4809810	Big Horn 144A	2003	185	182
4809810	Big Horn 144A	2004	179	182
4809810	Big Horn 144A	2005	170	182
4809810	Big Horn 144A	2006	168	182
4809810	Big Horn 144A	2007	167	182
4809810	Big Horn 144A	2008	163	182
4809810	Big Horn 144A	2009	159	182
4809810	Big Horn 144A	2010	148	182
4809810	Big Horn 144A	2011	140	182
4809810	Big Horn 144A	2012	154	182
4809810	Big Horn 144A	2013	175	182
4809810	Big Horn 144A	2014	196	182
4809810	Big Horn 144A	2015	219	182
4809810	Big Horn 144A	2016	244	182
4809810	Big Horn 144A	2017	209	182
4809810	Big Horn 144A	2018	218	182
4809810	Big Horn 144A	2019	217	182
4809810	Big Horn 144A	2020	219	182
4809810	Big Horn 144A	2021	248	182
4809810	Big Horn 144A	2022	248	182
4809810	Big Horn 144A	2023	248	182
4809810	Big Horn 144A	2024	248	182
4809810	Big Horn 144A	2025	248	182
4810001	Camrose County	2001	7721	182
4810001	Camrose County	2002	7744	182
4810001	Camrose County	2003	7736	182
4810001	Camrose County	2004	7697	182
4810001	Camrose County	2005	7657	182
4810001	Camrose County	2006	7669	182
4810001	Camrose County	2007	7885	182
4810001	Camrose County	2008	8004	182
4810001	Camrose County	2009	8111	182
4810001	Camrose County	2010	8164	182
4810001	Camrose County	2011	8252	182
4810001	Camrose County	2012	8241	182
4810001	Camrose County	2013	8295	182
4810001	Camrose County	2014	8349	182
4810001	Camrose County	2015	8494	182
4810001	Camrose County	2016	8665	182
4810001	Camrose County	2017	8712	182
4810001	Camrose County	2018	8789	182
4810001	Camrose County	2019	8763	182
4810001	Camrose County	2020	8990	182
4810001	Camrose County	2021	8746	182
4810001	Camrose County	2022	8817	182
4810001	Camrose County	2023	8806	182
4810001	Camrose County	2024	8914	182
4810001	Camrose County	2025	8951	182
4810002	Bashaw	2001	840	182
4810002	Bashaw	2002	837	182
4810002	Bashaw	2003	833	182
4810002	Bashaw	2004	827	182
4810002	Bashaw	2005	814	182
4810002	Bashaw	2006	815	182
4810002	Bashaw	2007	843	182
4810002	Bashaw	2008	860	182
4810002	Bashaw	2009	876	182
4810002	Bashaw	2010	886	182
4810002	Bashaw	2011	890	182
4810002	Bashaw	2012	876	182
4810002	Bashaw	2013	871	182
4810002	Bashaw	2014	866	182
4810002	Bashaw	2015	858	182
4810002	Bashaw	2016	844	182
4810002	Bashaw	2017	772	182
4810002	Bashaw	2018	781	182
4810002	Bashaw	2019	774	182
4810002	Bashaw	2020	755	182
4810002	Bashaw	2021	868	182
4810002	Bashaw	2022	880	182
4810002	Bashaw	2023	893	182
4810002	Bashaw	2024	905	182
4810002	Bashaw	2025	905	182
4810003	Rosalind	2001	194	182
4810003	Rosalind	2002	194	182
4810003	Rosalind	2003	195	182
4810003	Rosalind	2004	194	182
4810003	Rosalind	2005	195	182
4810003	Rosalind	2006	196	182
4810003	Rosalind	2007	198	182
4810003	Rosalind	2008	197	182
4810003	Rosalind	2009	195	182
4810003	Rosalind	2010	195	182
4810003	Rosalind	2011	195	182
4810003	Rosalind	2012	196	182
4810003	Rosalind	2013	198	182
4810003	Rosalind	2014	199	182
4810003	Rosalind	2015	196	182
4810003	Rosalind	2016	191	182
4810003	Rosalind	2017	157	182
4810003	Rosalind	2018	158	182
4810003	Rosalind	2019	148	182
4810003	Rosalind	2020	154	182
4810003	Rosalind	2021	166	182
4810003	Rosalind	2022	176	182
4810003	Rosalind	2023	183	182
4810003	Rosalind	2024	185	182
4810003	Rosalind	2025	192	182
4810004	Ferintosh	2001	153	182
4810004	Ferintosh	2002	153	182
4810004	Ferintosh	2003	155	182
4810004	Ferintosh	2004	155	182
4810004	Ferintosh	2005	156	182
4810004	Ferintosh	2006	156	182
4810004	Ferintosh	2007	166	182
4810004	Ferintosh	2008	172	182
4810004	Ferintosh	2009	178	182
4810004	Ferintosh	2010	182	182
4810004	Ferintosh	2011	185	182
4810004	Ferintosh	2012	187	182
4810004	Ferintosh	2013	190	182
4810004	Ferintosh	2014	195	182
4810004	Ferintosh	2015	200	182
4810006	Edberg	2001	154	182
4810006	Edberg	2002	156	182
4810006	Edberg	2003	157	182
4810006	Edberg	2004	156	182
4810006	Edberg	2005	158	182
4810006	Edberg	2006	159	182
4810006	Edberg	2007	166	182
4810006	Edberg	2008	170	182
4810006	Edberg	2009	174	182
4810006	Edberg	2010	175	182
4810006	Edberg	2011	173	182
4810006	Edberg	2012	169	182
4810006	Edberg	2013	166	182
4810006	Edberg	2014	163	182
4810006	Edberg	2015	159	182
4810006	Edberg	2016	154	182
4810006	Edberg	2017	126	182
4810006	Edberg	2018	122	182
4810006	Edberg	2019	121	182
4810006	Edberg	2020	123	182
4810006	Edberg	2021	130	182
4810006	Edberg	2022	128	182
4810006	Edberg	2023	127	182
4810006	Edberg	2024	126	182
4810006	Edberg	2025	123	182
4810009	Bawlf	2001	370	182
4810009	Bawlf	2002	372	182
4810009	Bawlf	2003	372	182
4810009	Bawlf	2004	371	182
4810009	Bawlf	2005	376	182
4810009	Bawlf	2006	379	182
4810009	Bawlf	2007	369	182
4810009	Bawlf	2008	378	182
4810009	Bawlf	2009	400	182
4810009	Bawlf	2010	414	182
4810009	Bawlf	2011	416	182
4810009	Bawlf	2012	405	182
4810009	Bawlf	2013	436	182
4810009	Bawlf	2014	414	182
4810009	Bawlf	2015	409	182
4810009	Bawlf	2016	436	182
4810009	Bawlf	2017	373	182
4810009	Bawlf	2018	381	182
4810009	Bawlf	2019	386	182
4810009	Bawlf	2020	389	182
4810009	Bawlf	2021	425	182
4810009	Bawlf	2022	428	182
4810009	Bawlf	2023	421	182
4810009	Bawlf	2024	400	182
4810009	Bawlf	2025	390	182
4810011	Camrose	2001	15312	182
4810011	Camrose	2002	15512	182
4810011	Camrose	2003	15683	182
4810011	Camrose	2004	15765	182
4810011	Camrose	2005	15933	182
4810011	Camrose	2006	16179	182
4810011	Camrose	2007	16567	182
4810011	Camrose	2008	17054	182
4810011	Camrose	2009	17444	182
4810011	Camrose	2010	17736	182
4810011	Camrose	2011	17846	182
4810011	Camrose	2012	18192	182
4810011	Camrose	2013	18358	182
4810011	Camrose	2014	18806	182
4810011	Camrose	2015	18941	182
4810011	Camrose	2016	19234	182
4810011	Camrose	2017	19490	182
4810011	Camrose	2018	19559	182
4810011	Camrose	2019	19759	182
4810011	Camrose	2020	19697	182
4810011	Camrose	2021	19361	182
4810011	Camrose	2022	19620	182
4810011	Camrose	2023	20142	182
4810011	Camrose	2024	20671	182
4810011	Camrose	2025	20801	182
4810012	Bittern Lake	2001	226	182
4810012	Bittern Lake	2002	228	182
4810012	Bittern Lake	2003	228	182
4810012	Bittern Lake	2004	229	182
4810012	Bittern Lake	2005	229	182
4810012	Bittern Lake	2006	232	182
4810012	Bittern Lake	2007	236	182
4810012	Bittern Lake	2008	237	182
4810012	Bittern Lake	2009	238	182
4810012	Bittern Lake	2010	237	182
4810012	Bittern Lake	2011	231	182
4810012	Bittern Lake	2012	228	182
4810012	Bittern Lake	2013	227	182
4810012	Bittern Lake	2014	225	182
4810012	Bittern Lake	2015	226	182
4810012	Bittern Lake	2016	226	182
4810012	Bittern Lake	2017	185	182
4810012	Bittern Lake	2018	196	182
4810012	Bittern Lake	2019	190	182
4810012	Bittern Lake	2020	187	182
4810012	Bittern Lake	2021	222	182
4810012	Bittern Lake	2022	226	182
4810012	Bittern Lake	2023	226	182
4810012	Bittern Lake	2024	224	182
4810012	Bittern Lake	2025	224	182
4810014	Hay Lakes	2001	355	182
4810014	Hay Lakes	2002	355	182
4810014	Hay Lakes	2003	361	182
4810014	Hay Lakes	2004	360	182
4810014	Hay Lakes	2005	363	182
4810014	Hay Lakes	2006	376	182
4810014	Hay Lakes	2007	393	182
4810014	Hay Lakes	2008	407	182
4810014	Hay Lakes	2009	422	182
4810014	Hay Lakes	2010	434	182
4810014	Hay Lakes	2011	439	182
4810014	Hay Lakes	2012	450	182
4810014	Hay Lakes	2013	467	182
4810014	Hay Lakes	2014	484	182
4810014	Hay Lakes	2015	498	182
4810014	Hay Lakes	2016	509	182
4810014	Hay Lakes	2017	445	182
4810014	Hay Lakes	2018	460	182
4810014	Hay Lakes	2019	472	182
4810014	Hay Lakes	2020	469	182
4810014	Hay Lakes	2021	468	182
4810014	Hay Lakes	2022	458	182
4810014	Hay Lakes	2023	448	182
4810014	Hay Lakes	2024	438	182
4810014	Hay Lakes	2025	430	182
4810016	Beaver County	2001	5769	182
4810016	Beaver County	2002	5800	182
4810016	Beaver County	2003	5813	182
4810016	Beaver County	2004	5801	182
4810016	Beaver County	2005	5807	182
4810016	Beaver County	2006	5828	182
4810016	Beaver County	2007	5922	182
4810016	Beaver County	2008	5931	182
4810016	Beaver County	2009	5925	182
4810016	Beaver County	2010	5890	182
4810016	Beaver County	2011	5851	182
4810016	Beaver County	2012	5852	182
4810016	Beaver County	2013	5909	182
4810016	Beaver County	2014	5979	182
4810016	Beaver County	2015	6010	182
4810016	Beaver County	2016	6029	182
4810016	Beaver County	2017	6118	182
4810016	Beaver County	2018	6073	182
4810016	Beaver County	2019	6062	182
4810016	Beaver County	2020	6013	182
4810016	Beaver County	2021	6044	182
4810016	Beaver County	2022	6101	182
4810016	Beaver County	2023	6060	182
4810016	Beaver County	2024	6175	182
4810016	Beaver County	2025	6245	182
4810018	Tofield	2001	1850	182
4810018	Tofield	2002	1862	182
4810018	Tofield	2003	1876	182
4810018	Tofield	2004	1882	182
4810018	Tofield	2005	1894	182
4810018	Tofield	2006	1932	182
4810018	Tofield	2007	2020	182
4810018	Tofield	2008	2083	182
4810018	Tofield	2009	2140	182
4810018	Tofield	2010	2191	182
4810018	Tofield	2011	2241	182
4810018	Tofield	2012	2207	182
4810018	Tofield	2013	2195	182
4810018	Tofield	2014	2186	182
4810018	Tofield	2015	2164	182
4810018	Tofield	2016	2126	182
4810018	Tofield	2017	2057	182
4810018	Tofield	2018	1989	182
4810018	Tofield	2019	1968	182
4810018	Tofield	2020	1946	182
4810018	Tofield	2021	2104	182
4810018	Tofield	2022	2113	182
4810018	Tofield	2023	2138	182
4810018	Tofield	2024	2126	182
4810018	Tofield	2025	2122	182
4810019	Ryley	2001	448	182
4810019	Ryley	2002	455	182
4810019	Ryley	2003	459	182
4810019	Ryley	2004	461	182
4810019	Ryley	2005	465	182
4810019	Ryley	2006	470	182
4810019	Ryley	2007	482	182
4810019	Ryley	2008	488	182
4810019	Ryley	2009	494	182
4810019	Ryley	2010	500	182
4810019	Ryley	2011	509	182
4810019	Ryley	2012	504	182
4810019	Ryley	2013	503	182
4810019	Ryley	2014	501	182
4810019	Ryley	2015	497	182
4810019	Ryley	2016	494	182
4810019	Ryley	2017	460	182
4810019	Ryley	2018	462	182
4810019	Ryley	2019	457	182
4810019	Ryley	2020	432	182
4810019	Ryley	2021	497	182
4810019	Ryley	2022	506	182
4810019	Ryley	2023	509	182
4810019	Ryley	2024	489	182
4810019	Ryley	2025	486	182
4810021	Holden	2001	381	182
4810021	Holden	2002	389	182
4810021	Holden	2003	396	182
4810021	Holden	2004	400	182
4810021	Holden	2005	407	182
4810021	Holden	2006	406	182
4810021	Holden	2007	408	182
4810021	Holden	2008	404	182
4810021	Holden	2009	400	182
4810021	Holden	2010	393	182
4810021	Holden	2011	390	182
4810021	Holden	2012	382	182
4810021	Holden	2013	376	182
4810021	Holden	2014	372	182
4810021	Holden	2015	365	182
4810021	Holden	2016	355	182
4810021	Holden	2017	286	182
4810021	Holden	2018	301	182
4810021	Holden	2019	299	182
4810021	Holden	2020	309	182
4810021	Holden	2021	346	182
4810021	Holden	2022	352	182
4810021	Holden	2023	342	182
4810021	Holden	2024	368	182
4810021	Holden	2025	381	182
4810022	Viking	2001	1073	182
4810022	Viking	2002	1084	182
4810022	Viking	2003	1107	182
4810022	Viking	2004	1102	182
4810022	Viking	2005	1109	182
4810022	Viking	2006	1103	182
4810022	Viking	2007	1133	182
4810022	Viking	2008	1146	182
4810022	Viking	2009	1023	182
4810022	Viking	2010	1052	182
4810022	Viking	2011	1067	182
4810022	Viking	2012	1066	182
4810022	Viking	2013	1076	182
4810022	Viking	2014	1087	182
4810022	Viking	2015	1092	182
4810022	Viking	2016	1101	182
4810022	Viking	2017	1013	182
4810022	Viking	2018	975	182
4810022	Viking	2019	958	182
4810022	Viking	2020	937	182
4810022	Viking	2021	1012	182
4810022	Viking	2022	994	182
4810022	Viking	2023	967	182
4810022	Viking	2024	972	182
4810022	Viking	2025	964	182
4810026	Minburn County No. 27	2001	3599	182
4810026	Minburn County No. 27	2002	3590	182
4810026	Minburn County No. 27	2003	3552	182
4810026	Minburn County No. 27	2004	3504	182
4810026	Minburn County No. 27	2005	3478	182
4810026	Minburn County No. 27	2006	3473	182
4810026	Minburn County No. 27	2007	3531	182
4810026	Minburn County No. 27	2008	3537	182
4810026	Minburn County No. 27	2009	3526	182
4810026	Minburn County No. 27	2010	3499	182
4810026	Minburn County No. 27	2011	3469	182
4810026	Minburn County No. 27	2012	3400	182
4810026	Minburn County No. 27	2013	3364	182
4810026	Minburn County No. 27	2014	3343	182
4810026	Minburn County No. 27	2015	3303	182
4810026	Minburn County No. 27	2016	3255	182
4810026	Minburn County No. 27	2017	3246	182
4810026	Minburn County No. 27	2018	3227	182
4810026	Minburn County No. 27	2019	3144	182
4810026	Minburn County No. 27	2020	3107	182
4810026	Minburn County No. 27	2021	3102	182
4810026	Minburn County No. 27	2022	3069	182
4810026	Minburn County No. 27	2023	3125	182
4810026	Minburn County No. 27	2024	3131	182
4810026	Minburn County No. 27	2025	3142	182
4810028	Vegreville	2001	5481	182
4810028	Vegreville	2002	5526	182
4810028	Vegreville	2003	5563	182
4810028	Vegreville	2004	5577	182
4810028	Vegreville	2005	5606	182
4810028	Vegreville	2006	5648	182
4810028	Vegreville	2007	5874	182
4810028	Vegreville	2008	5884	182
4810028	Vegreville	2009	5906	182
4810028	Vegreville	2010	5818	182
4810028	Vegreville	2011	5879	182
4810028	Vegreville	2012	5833	182
4810028	Vegreville	2013	5835	182
4810028	Vegreville	2014	5867	182
4810028	Vegreville	2015	5865	182
4810028	Vegreville	2016	5817	182
4810028	Vegreville	2017	5882	182
4810028	Vegreville	2018	5875	182
4810028	Vegreville	2019	5768	182
4810028	Vegreville	2020	5754	182
4810028	Vegreville	2021	5848	182
4810028	Vegreville	2022	5827	182
4810028	Vegreville	2023	6043	182
4810028	Vegreville	2024	6136	182
4810028	Vegreville	2025	6153	182
4810031	Innisfree	2001	223	182
4810031	Innisfree	2002	226	182
4810031	Innisfree	2003	229	182
4810031	Innisfree	2004	231	182
4810031	Innisfree	2005	234	182
4810031	Innisfree	2006	238	182
4810031	Innisfree	2007	238	182
4810031	Innisfree	2008	233	182
4810031	Innisfree	2009	229	182
4810031	Innisfree	2010	226	182
4810031	Innisfree	2011	225	182
4810031	Innisfree	2012	220	182
4810031	Innisfree	2013	216	182
4810031	Innisfree	2014	213	182
4810031	Innisfree	2015	207	182
4810031	Innisfree	2016	196	182
4810031	Innisfree	2017	170	182
4810031	Innisfree	2018	173	182
4810031	Innisfree	2019	170	182
4810031	Innisfree	2020	160	182
4810031	Innisfree	2021	191	182
4810031	Innisfree	2022	193	182
4810031	Innisfree	2023	194	182
4810031	Innisfree	2024	201	182
4810031	Innisfree	2025	205	182
4810034	Mannville	2001	739	182
4810034	Mannville	2002	747	182
4810034	Mannville	2003	761	182
4810034	Mannville	2004	773	182
4810034	Mannville	2005	790	182
4810034	Mannville	2006	803	182
4810034	Mannville	2007	762	182
4810034	Mannville	2008	791	182
4810034	Mannville	2009	804	182
4810034	Mannville	2010	813	182
4810034	Mannville	2011	827	182
4810034	Mannville	2012	763	182
4810034	Mannville	2013	795	182
4810034	Mannville	2014	828	182
4810034	Mannville	2015	870	182
4810034	Mannville	2016	844	182
4810034	Mannville	2017	737	182
4810034	Mannville	2018	737	182
4810034	Mannville	2019	729	182
4810034	Mannville	2020	720	182
4810034	Mannville	2021	787	182
4810034	Mannville	2022	797	182
4810034	Mannville	2023	774	182
4810034	Mannville	2024	812	182
4810034	Mannville	2025	829	182
4810036	Vermilion River County	2001	7683	182
4810036	Vermilion River County	2002	7685	182
4810036	Vermilion River County	2003	7705	182
4810036	Vermilion River County	2004	7666	182
4810036	Vermilion River County	2005	7661	182
4810036	Vermilion River County	2006	7689	182
4810036	Vermilion River County	2007	7972	182
4810036	Vermilion River County	2008	8036	182
4810036	Vermilion River County	2009	8151	182
4810036	Vermilion River County	2010	8088	182
4810036	Vermilion River County	2011	8153	182
4810036	Vermilion River County	2012	8177	182
4810036	Vermilion River County	2013	8273	182
4810036	Vermilion River County	2014	8382	182
4810036	Vermilion River County	2015	8444	182
4810036	Vermilion River County	2016	8442	182
4810036	Vermilion River County	2017	8472	182
4810036	Vermilion River County	2018	8392	182
4810036	Vermilion River County	2019	8352	182
4810036	Vermilion River County	2020	8332	182
4810036	Vermilion River County	2021	8272	182
4810036	Vermilion River County	2022	8246	182
4810036	Vermilion River County	2023	8142	182
4810036	Vermilion River County	2024	8147	182
4810036	Vermilion River County	2025	8215	182
4810038	Paradise Valley	2001	157	182
4810038	Paradise Valley	2002	163	182
4810038	Paradise Valley	2003	170	182
4810038	Paradise Valley	2004	176	182
4810038	Paradise Valley	2005	185	182
4810038	Paradise Valley	2006	188	182
4810038	Paradise Valley	2007	187	182
4810038	Paradise Valley	2008	183	182
4810038	Paradise Valley	2009	179	182
4810038	Paradise Valley	2010	177	182
4810038	Paradise Valley	2011	180	182
4810038	Paradise Valley	2012	180	182
4810038	Paradise Valley	2013	182	182
4810038	Paradise Valley	2014	185	182
4810038	Paradise Valley	2015	187	182
4810038	Paradise Valley	2016	184	182
4810038	Paradise Valley	2017	150	182
4810038	Paradise Valley	2018	154	182
4810038	Paradise Valley	2019	159	182
4810038	Paradise Valley	2020	167	182
4810038	Paradise Valley	2021	158	182
4810038	Paradise Valley	2022	158	182
4810038	Paradise Valley	2023	158	182
4810038	Paradise Valley	2024	181	182
4810038	Paradise Valley	2025	205	182
4810039	Lloydminster (Part)	2001	13619	182
4810039	Lloydminster (Part)	2002	14191	182
4810039	Lloydminster (Part)	2003	14750	182
4810039	Lloydminster (Part)	2004	15227	182
4810039	Lloydminster (Part)	2005	15890	182
4810039	Lloydminster (Part)	2006	16564	182
4810039	Lloydminster (Part)	2007	17383	182
4810039	Lloydminster (Part)	2008	17690	182
4810039	Lloydminster (Part)	2009	18023	182
4810039	Lloydminster (Part)	2010	18387	182
4810039	Lloydminster (Part)	2011	18717	182
4810039	Lloydminster (Part)	2012	19222	182
4810039	Lloydminster (Part)	2013	19905	182
4810039	Lloydminster (Part)	2014	20411	182
4810039	Lloydminster (Part)	2015	20354	182
4810039	Lloydminster (Part)	2016	20127	182
4810039	Lloydminster (Part)	2017	20609	182
4810039	Lloydminster (Part)	2018	20695	182
4810039	Lloydminster (Part)	2019	20865	182
4810039	Lloydminster (Part)	2020	20783	182
4810039	Lloydminster (Part)	2021	20423	182
4810039	Lloydminster (Part)	2022	20475	182
4810039	Lloydminster (Part)	2023	20750	182
4810039	Lloydminster (Part)	2024	21188	182
4810039	Lloydminster (Part)	2025	21295	182
4810041	Kitscoty	2001	690	182
4810041	Kitscoty	2002	702	182
4810041	Kitscoty	2003	715	182
4810041	Kitscoty	2004	716	182
4810041	Kitscoty	2005	726	182
4810041	Kitscoty	2006	735	182
4810041	Kitscoty	2007	772	182
4810041	Kitscoty	2008	797	182
4810041	Kitscoty	2009	819	182
4810041	Kitscoty	2010	844	182
4810041	Kitscoty	2011	878	182
4810041	Kitscoty	2012	886	182
4810041	Kitscoty	2013	904	182
4810041	Kitscoty	2014	928	182
4810041	Kitscoty	2015	941	182
4810041	Kitscoty	2016	951	182
4810041	Kitscoty	2017	927	182
4810041	Kitscoty	2018	896	182
4810041	Kitscoty	2019	852	182
4810041	Kitscoty	2020	831	182
4810041	Kitscoty	2021	881	182
4810041	Kitscoty	2022	923	182
4810041	Kitscoty	2023	939	182
4810041	Kitscoty	2024	960	182
4810041	Kitscoty	2025	964	182
4810042	Vermilion	2001	4040	182
4810042	Vermilion	2002	4075	182
4810042	Vermilion	2003	4100	182
4810042	Vermilion	2004	4105	182
4810042	Vermilion	2005	4132	182
4810042	Vermilion	2006	4159	182
4810042	Vermilion	2007	4156	182
4810042	Vermilion	2008	4163	182
4810042	Vermilion	2009	4125	182
4810042	Vermilion	2010	4074	182
4810042	Vermilion	2011	4061	182
4810042	Vermilion	2012	4187	182
4810042	Vermilion	2013	4205	182
4810042	Vermilion	2014	4312	182
4810042	Vermilion	2015	4271	182
4810042	Vermilion	2016	4166	182
4810042	Vermilion	2017	4104	182
4810042	Vermilion	2018	4076	182
4810042	Vermilion	2019	4098	182
4810042	Vermilion	2020	4159	182
4810042	Vermilion	2021	4078	182
4810042	Vermilion	2022	3982	182
4810042	Vermilion	2023	4069	182
4810042	Vermilion	2024	4151	182
4810042	Vermilion	2025	4192	182
4810044	Marwayne	2001	512	182
4810044	Marwayne	2002	514	182
4810044	Marwayne	2003	519	182
4810044	Marwayne	2004	526	182
4810044	Marwayne	2005	530	182
4810044	Marwayne	2006	542	182
4810044	Marwayne	2007	565	182
4810044	Marwayne	2008	585	182
4810044	Marwayne	2009	640	182
4810044	Marwayne	2010	599	182
4810044	Marwayne	2011	631	182
4810044	Marwayne	2012	620	182
4810044	Marwayne	2013	612	182
4810044	Marwayne	2014	604	182
4810044	Marwayne	2015	593	182
4810044	Marwayne	2016	583	182
4810044	Marwayne	2017	530	182
4810044	Marwayne	2018	532	182
4810044	Marwayne	2019	492	182
4810044	Marwayne	2020	485	182
4810044	Marwayne	2021	566	182
4810044	Marwayne	2022	565	182
4810044	Marwayne	2023	576	182
4810044	Marwayne	2024	551	182
4810044	Marwayne	2025	547	182
4810046	Dewberry	2001	205	182
4810046	Dewberry	2002	205	182
4810046	Dewberry	2003	205	182
4810046	Dewberry	2004	204	182
4810046	Dewberry	2005	203	182
4810046	Dewberry	2006	202	182
4810046	Dewberry	2007	205	182
4810046	Dewberry	2008	204	182
4810046	Dewberry	2009	203	182
4810046	Dewberry	2010	202	182
4810046	Dewberry	2011	207	182
4810046	Dewberry	2012	203	182
4810046	Dewberry	2013	201	182
4810046	Dewberry	2014	200	182
4810046	Dewberry	2015	196	182
4810048	Two Hills County No. 21	2001	2786	182
4810048	Two Hills County No. 21	2002	2830	182
4810048	Two Hills County No. 21	2003	2872	182
4810048	Two Hills County No. 21	2004	2910	182
4810048	Two Hills County No. 21	2005	2943	182
4810048	Two Hills County No. 21	2006	2997	182
4810048	Two Hills County No. 21	2007	3046	182
4810048	Two Hills County No. 21	2008	3113	182
4810048	Two Hills County No. 21	2009	3166	182
4810048	Two Hills County No. 21	2010	3259	182
4810048	Two Hills County No. 21	2011	3229	182
4810048	Two Hills County No. 21	2012	3340	182
4810048	Two Hills County No. 21	2013	3335	182
4810048	Two Hills County No. 21	2014	3295	182
4810048	Two Hills County No. 21	2015	3361	182
4810048	Two Hills County No. 21	2016	3403	182
4810048	Two Hills County No. 21	2017	3357	182
4810048	Two Hills County No. 21	2018	3637	182
4810048	Two Hills County No. 21	2019	3641	182
4810048	Two Hills County No. 21	2020	3623	182
4810048	Two Hills County No. 21	2021	3514	182
4810048	Two Hills County No. 21	2022	3575	182
4810048	Two Hills County No. 21	2023	3553	182
4810048	Two Hills County No. 21	2024	3594	182
4810048	Two Hills County No. 21	2025	3626	182
4810051	Myrnam	2001	329	182
4810051	Myrnam	2002	336	182
4810051	Myrnam	2003	342	182
4810051	Myrnam	2004	353	182
4810051	Myrnam	2005	359	182
4810051	Myrnam	2006	373	182
4810051	Myrnam	2007	377	182
4810051	Myrnam	2008	376	182
4810051	Myrnam	2009	375	182
4810051	Myrnam	2010	392	182
4810051	Myrnam	2011	376	182
4810051	Myrnam	2012	349	182
4810051	Myrnam	2013	368	182
4810051	Myrnam	2014	364	182
4810051	Myrnam	2015	357	182
4810051	Myrnam	2016	345	182
4810051	Myrnam	2017	297	182
4810051	Myrnam	2018	293	182
4810051	Myrnam	2019	286	182
4810051	Myrnam	2020	276	182
4810051	Myrnam	2021	263	182
4810051	Myrnam	2022	256	182
4810051	Myrnam	2023	249	182
4810051	Myrnam	2024	242	182
4810051	Myrnam	2025	246	182
4810052	Two Hills	2001	1109	182
4810052	Two Hills	2002	1098	182
4810052	Two Hills	2003	1096	182
4810052	Two Hills	2004	1081	182
4810052	Two Hills	2005	1082	182
4810052	Two Hills	2006	1080	182
4810052	Two Hills	2007	1147	182
4810052	Two Hills	2008	1202	182
4810052	Two Hills	2009	1296	182
4810052	Two Hills	2010	1294	182
4810052	Two Hills	2011	1424	182
4810052	Two Hills	2012	1412	182
4810052	Two Hills	2013	1472	182
4810052	Two Hills	2014	1499	182
4810052	Two Hills	2015	1481	182
4810052	Two Hills	2016	1382	182
4810052	Two Hills	2017	1301	182
4810052	Two Hills	2018	1336	182
4810052	Two Hills	2019	1392	182
4810052	Two Hills	2020	1362	182
4810052	Two Hills	2021	1461	182
4810052	Two Hills	2022	1521	182
4810052	Two Hills	2023	1552	182
4810052	Two Hills	2024	1596	182
4810052	Two Hills	2025	1698	182
4810056	Willingdon	2001	292	182
4810056	Willingdon	2002	296	182
4810056	Willingdon	2003	299	182
4810056	Willingdon	2004	292	182
4810056	Willingdon	2005	298	182
4810056	Willingdon	2006	300	182
4810056	Willingdon	2007	299	182
4810056	Willingdon	2008	294	182
4810056	Willingdon	2009	289	182
4810056	Willingdon	2010	283	182
4810056	Willingdon	2011	280	182
4810056	Willingdon	2012	285	182
4810056	Willingdon	2013	294	182
4810056	Willingdon	2014	304	182
4810056	Willingdon	2015	314	182
4810058	Lamont County	2001	4214	182
4810058	Lamont County	2002	4191	182
4810058	Lamont County	2003	4154	182
4810058	Lamont County	2004	4092	182
4810058	Lamont County	2005	4054	182
4810058	Lamont County	2006	4011	182
4810058	Lamont County	2007	3995	182
4810058	Lamont County	2008	3973	182
4810058	Lamont County	2009	4014	182
4810058	Lamont County	2010	4037	182
4810058	Lamont County	2011	3966	182
4810058	Lamont County	2012	3973	182
4810058	Lamont County	2013	4078	182
4810058	Lamont County	2014	3974	182
4810058	Lamont County	2015	4135	182
4810058	Lamont County	2016	3936	182
4810058	Lamont County	2017	3913	182
4810058	Lamont County	2018	3859	182
4810058	Lamont County	2019	3859	182
4810058	Lamont County	2020	3866	182
4810058	Lamont County	2021	3855	182
4810058	Lamont County	2022	3849	182
4810058	Lamont County	2023	3871	182
4810058	Lamont County	2024	3891	182
4810058	Lamont County	2025	3918	182
4810059	Andrew	2001	494	182
4810059	Andrew	2002	490	182
4810059	Andrew	2003	489	182
4810059	Andrew	2004	485	182
4810059	Andrew	2005	480	182
4810059	Andrew	2006	467	182
4810059	Andrew	2007	443	182
4810059	Andrew	2008	448	182
4810059	Andrew	2009	425	182
4810059	Andrew	2010	375	182
4810059	Andrew	2011	388	182
4810059	Andrew	2012	395	182
4810059	Andrew	2013	404	182
4810059	Andrew	2014	414	182
4810059	Andrew	2015	423	182
4810059	Andrew	2016	432	182
4810059	Andrew	2017	373	182
4810059	Andrew	2018	369	182
4810059	Andrew	2019	357	182
4810059	Andrew	2020	364	182
4810059	Andrew	2021	374	182
4810059	Andrew	2022	378	182
4810059	Andrew	2023	376	182
4810059	Andrew	2024	403	182
4810059	Andrew	2025	414	182
4810061	Mundare	2001	672	182
4810061	Mundare	2002	680	182
4810061	Mundare	2003	697	182
4810061	Mundare	2004	705	182
4810061	Mundare	2005	714	182
4810061	Mundare	2006	727	182
4810061	Mundare	2007	774	182
4810061	Mundare	2008	811	182
4810061	Mundare	2009	846	182
4810061	Mundare	2010	816	182
4810061	Mundare	2011	882	182
4810061	Mundare	2012	950	182
4810061	Mundare	2013	910	182
4810061	Mundare	2014	953	182
4810061	Mundare	2015	872	182
4810061	Mundare	2016	868	182
4810061	Mundare	2017	777	182
4810061	Mundare	2018	793	182
4810061	Mundare	2019	782	182
4810061	Mundare	2020	785	182
4810061	Mundare	2021	812	182
4810061	Mundare	2022	867	182
4810061	Mundare	2023	883	182
4810061	Mundare	2024	871	182
4810061	Mundare	2025	875	182
4810062	Chipman	2001	269	182
4810062	Chipman	2002	269	182
4810062	Chipman	2003	264	182
4810062	Chipman	2004	265	182
4810062	Chipman	2005	262	182
4810062	Chipman	2006	259	182
4810062	Chipman	2007	269	182
4810062	Chipman	2008	277	182
4810062	Chipman	2009	283	182
4810062	Chipman	2010	286	182
4810062	Chipman	2011	292	182
4810062	Chipman	2012	288	182
4810062	Chipman	2013	285	182
4810062	Chipman	2014	283	182
4810062	Chipman	2015	282	182
4810062	Chipman	2016	280	182
4810062	Chipman	2017	255	182
4810062	Chipman	2018	246	182
4810062	Chipman	2019	228	182
4810062	Chipman	2020	233	182
4810062	Chipman	2021	253	182
4810062	Chipman	2022	269	182
4810062	Chipman	2023	278	182
4810062	Chipman	2024	283	182
4810062	Chipman	2025	286	182
4810064	Lamont	2001	1728	182
4810064	Lamont	2002	1721	182
4810064	Lamont	2003	1714	182
4810064	Lamont	2004	1709	182
4810064	Lamont	2005	1702	182
4810064	Lamont	2006	1711	182
4810064	Lamont	2007	1753	182
4810064	Lamont	2008	1771	182
4810064	Lamont	2009	1783	182
4810064	Lamont	2010	1788	182
4810064	Lamont	2011	1797	182
4810064	Lamont	2012	1785	182
4810064	Lamont	2013	1793	182
4810064	Lamont	2014	1806	182
4810064	Lamont	2015	1812	182
4810064	Lamont	2016	1808	182
4810064	Lamont	2017	1712	182
4810064	Lamont	2018	1691	182
4810064	Lamont	2019	1696	182
4810064	Lamont	2020	1718	182
4810064	Lamont	2021	1789	182
4810064	Lamont	2022	1768	182
4810064	Lamont	2023	1789	182
4810064	Lamont	2024	1807	182
4810064	Lamont	2025	1856	182
4810066	Bruderheim	2001	1231	182
4810066	Bruderheim	2002	1241	182
4810066	Bruderheim	2003	1251	182
4810066	Bruderheim	2004	1247	182
4810066	Bruderheim	2005	1253	182
4810066	Bruderheim	2006	1254	182
4810066	Bruderheim	2007	1249	182
4810066	Bruderheim	2008	1208	182
4810066	Bruderheim	2009	1179	182
4810066	Bruderheim	2010	1246	182
4810066	Bruderheim	2011	1194	182
4810066	Bruderheim	2012	1224	182
4810066	Bruderheim	2013	1279	182
4810066	Bruderheim	2014	1300	182
4810066	Bruderheim	2015	1350	182
4810066	Bruderheim	2016	1338	182
4810066	Bruderheim	2017	1305	182
4810066	Bruderheim	2018	1320	182
4810066	Bruderheim	2019	1292	182
4810066	Bruderheim	2020	1288	182
4810066	Bruderheim	2021	1379	182
4810066	Bruderheim	2022	1392	182
4810066	Bruderheim	2023	1403	182
4810066	Bruderheim	2024	1419	182
4810066	Bruderheim	2025	1439	182
4810068	Improvement District No. 13 Elk Island	2001	27	182
4810068	Improvement District No. 13 Elk Island	2002	26	182
4810068	Improvement District No. 13 Elk Island	2003	25	182
4810068	Improvement District No. 13 Elk Island	2004	23	182
4810068	Improvement District No. 13 Elk Island	2005	22	182
4810068	Improvement District No. 13 Elk Island	2006	21	182
4810068	Improvement District No. 13 Elk Island	2007	20	182
4810068	Improvement District No. 13 Elk Island	2008	17	182
4810068	Improvement District No. 13 Elk Island	2009	14	182
4810068	Improvement District No. 13 Elk Island	2010	12	182
4810068	Improvement District No. 13 Elk Island	2011	10	182
4810068	Improvement District No. 13 Elk Island	2012	7	182
4810068	Improvement District No. 13 Elk Island	2013	6	182
4810068	Improvement District No. 13 Elk Island	2014	4	182
4810068	Improvement District No. 13 Elk Island	2015	2	182
4810068	Improvement District No. 13 Elk Island	2016	0	182
4810068	Improvement District No. 13 Elk Island	2017	0	182
4810068	Improvement District No. 13 Elk Island	2018	1	182
4810068	Improvement District No. 13 Elk Island	2019	1	182
4810068	Improvement District No. 13 Elk Island	2020	1	182
4810068	Improvement District No. 13 Elk Island	2021	0	182
4810068	Improvement District No. 13 Elk Island	2022	0	182
4810068	Improvement District No. 13 Elk Island	2023	0	182
4810068	Improvement District No. 13 Elk Island	2024	0	182
4810068	Improvement District No. 13 Elk Island	2025	0	182
4810805	Makaoo (Part) 120	2001	180	182
4810805	Makaoo (Part) 120	2002	178	182
4810805	Makaoo (Part) 120	2003	175	182
4810805	Makaoo (Part) 120	2004	169	182
4810805	Makaoo (Part) 120	2005	166	182
4810805	Makaoo (Part) 120	2006	160	182
4810805	Makaoo (Part) 120	2007	165	182
4810805	Makaoo (Part) 120	2008	170	182
4810805	Makaoo (Part) 120	2009	175	182
4810805	Makaoo (Part) 120	2010	180	182
4810805	Makaoo (Part) 120	2011	186	182
4810805	Makaoo (Part) 120	2012	190	182
4810805	Makaoo (Part) 120	2013	194	182
4810805	Makaoo (Part) 120	2014	201	182
4810805	Makaoo (Part) 120	2015	207	182
4810805	Makaoo (Part) 120	2016	214	182
4810805	Makaoo (Part) 120	2017	176	182
4810805	Makaoo (Part) 120	2018	178	182
4810805	Makaoo (Part) 120	2019	174	182
4810805	Makaoo (Part) 120	2020	180	182
4810805	Makaoo (Part) 120	2021	178	182
4810805	Makaoo (Part) 120	2022	178	182
4810805	Makaoo (Part) 120	2023	180	182
4810805	Makaoo (Part) 120	2024	180	182
4810805	Makaoo (Part) 120	2025	183	182
4811001	Wetaskiwin County No. 10	2001	10864	182
4811001	Wetaskiwin County No. 10	2002	10869	182
4811001	Wetaskiwin County No. 10	2003	10806	182
4811001	Wetaskiwin County No. 10	2004	10733	182
4811001	Wetaskiwin County No. 10	2005	10737	182
4811001	Wetaskiwin County No. 10	2006	10776	182
4811001	Wetaskiwin County No. 10	2007	10804	182
4811001	Wetaskiwin County No. 10	2008	10963	182
4811001	Wetaskiwin County No. 10	2009	10991	182
4811001	Wetaskiwin County No. 10	2010	11060	182
4811001	Wetaskiwin County No. 10	2011	11182	182
4811001	Wetaskiwin County No. 10	2012	11068	182
4811001	Wetaskiwin County No. 10	2013	11195	182
4811001	Wetaskiwin County No. 10	2014	11254	182
4811001	Wetaskiwin County No. 10	2015	11293	182
4811001	Wetaskiwin County No. 10	2016	11425	182
4811001	Wetaskiwin County No. 10	2017	11510	182
4811001	Wetaskiwin County No. 10	2018	11495	182
4811001	Wetaskiwin County No. 10	2019	11506	182
4811001	Wetaskiwin County No. 10	2020	11483	182
4811001	Wetaskiwin County No. 10	2021	11514	182
4811001	Wetaskiwin County No. 10	2022	11531	182
4811001	Wetaskiwin County No. 10	2023	11645	182
4811001	Wetaskiwin County No. 10	2024	11863	182
4811001	Wetaskiwin County No. 10	2025	12148	182
4811002	Wetaskiwin	2001	11411	182
4811002	Wetaskiwin	2002	11539	182
4811002	Wetaskiwin	2003	11599	182
4811002	Wetaskiwin	2004	11654	182
4811002	Wetaskiwin	2005	11820	182
4811002	Wetaskiwin	2006	12043	182
4811002	Wetaskiwin	2007	12336	182
4811002	Wetaskiwin	2008	12630	182
4811002	Wetaskiwin	2009	12756	182
4811002	Wetaskiwin	2010	12845	182
4811002	Wetaskiwin	2011	12882	182
4811002	Wetaskiwin	2012	13068	182
4811002	Wetaskiwin	2013	13203	182
4811002	Wetaskiwin	2014	13338	182
4811002	Wetaskiwin	2015	13014	182
4811002	Wetaskiwin	2016	12958	182
4811002	Wetaskiwin	2017	12915	182
4811002	Wetaskiwin	2018	12800	182
4811002	Wetaskiwin	2019	12736	182
4811002	Wetaskiwin	2020	12536	182
4811002	Wetaskiwin	2021	12957	182
4811002	Wetaskiwin	2022	12966	182
4811002	Wetaskiwin	2023	13160	182
4811002	Wetaskiwin	2024	13498	182
4811002	Wetaskiwin	2025	13703	182
4811003	Argentia Beach	2001	24	182
4811003	Argentia Beach	2002	30	182
4811003	Argentia Beach	2003	36	182
4811003	Argentia Beach	2004	41	182
4811003	Argentia Beach	2005	48	182
4811003	Argentia Beach	2006	52	182
4811003	Argentia Beach	2007	45	182
4811003	Argentia Beach	2008	37	182
4811003	Argentia Beach	2009	30	182
4811003	Argentia Beach	2010	22	182
4811003	Argentia Beach	2011	15	182
4811003	Argentia Beach	2012	18	182
4811003	Argentia Beach	2013	20	182
4811003	Argentia Beach	2014	22	182
4811003	Argentia Beach	2015	25	182
4811003	Argentia Beach	2016	27	182
4811003	Argentia Beach	2017	24	182
4811003	Argentia Beach	2018	24	182
4811003	Argentia Beach	2019	26	182
4811003	Argentia Beach	2020	22	182
4811003	Argentia Beach	2021	39	182
4811003	Argentia Beach	2022	39	182
4811003	Argentia Beach	2023	38	182
4811003	Argentia Beach	2024	36	182
4811003	Argentia Beach	2025	36	182
4811004	Grandview	2001	88	182
4811004	Grandview	2002	96	182
4811004	Grandview	2003	103	182
4811004	Grandview	2004	112	182
4811004	Grandview	2005	120	182
4811004	Grandview	2006	130	182
4811004	Grandview	2007	126	182
4811004	Grandview	2008	123	182
4811004	Grandview	2009	120	182
4811004	Grandview	2010	115	182
4811004	Grandview	2011	109	182
4811004	Grandview	2012	109	182
4811004	Grandview	2013	112	182
4811004	Grandview	2014	115	182
4811004	Grandview	2015	115	182
4811004	Grandview	2016	115	182
4811004	Grandview	2017	101	182
4811004	Grandview	2018	103	182
4811004	Grandview	2019	107	182
4811004	Grandview	2020	111	182
4811004	Grandview	2021	145	182
4811004	Grandview	2022	153	182
4811004	Grandview	2023	160	182
4811004	Grandview	2024	172	182
4811004	Grandview	2025	181	182
4811005	Poplar Bay	2001	86	182
4811005	Poplar Bay	2002	86	182
4811005	Poplar Bay	2003	85	182
4811005	Poplar Bay	2004	86	182
4811005	Poplar Bay	2005	85	182
4811005	Poplar Bay	2006	85	182
4811005	Poplar Bay	2007	84	182
4811005	Poplar Bay	2008	83	182
4811005	Poplar Bay	2009	82	182
4811005	Poplar Bay	2010	82	182
4811005	Poplar Bay	2011	81	182
4811005	Poplar Bay	2012	84	182
4811005	Poplar Bay	2013	90	182
4811005	Poplar Bay	2014	95	182
4811005	Poplar Bay	2015	99	182
4811005	Poplar Bay	2016	104	182
4811005	Poplar Bay	2017	96	182
4811005	Poplar Bay	2018	91	182
4811005	Poplar Bay	2019	96	182
4811005	Poplar Bay	2020	92	182
4811005	Poplar Bay	2021	114	182
4811005	Poplar Bay	2022	117	182
4811005	Poplar Bay	2023	117	182
4811005	Poplar Bay	2024	97	182
4811005	Poplar Bay	2025	96	182
4811006	Crystal Springs	2001	74	182
4811006	Crystal Springs	2002	81	182
4811006	Crystal Springs	2003	89	182
4811006	Crystal Springs	2004	95	182
4811006	Crystal Springs	2005	105	182
4811006	Crystal Springs	2006	115	182
4811006	Crystal Springs	2007	112	182
4811006	Crystal Springs	2008	108	182
4811006	Crystal Springs	2009	105	182
4811006	Crystal Springs	2010	99	182
4811006	Crystal Springs	2011	89	182
4811006	Crystal Springs	2012	81	182
4811006	Crystal Springs	2013	73	182
4811006	Crystal Springs	2014	66	182
4811006	Crystal Springs	2015	57	182
4811006	Crystal Springs	2016	51	182
4811006	Crystal Springs	2017	49	182
4811006	Crystal Springs	2018	47	182
4811006	Crystal Springs	2019	57	182
4811006	Crystal Springs	2020	49	182
4811006	Crystal Springs	2021	75	182
4811006	Crystal Springs	2022	76	182
4811006	Crystal Springs	2023	76	182
4811006	Crystal Springs	2024	76	182
4811006	Crystal Springs	2025	82	182
4811007	Norris Beach	2001	29	182
4811007	Norris Beach	2002	32	182
4811007	Norris Beach	2003	34	182
4811007	Norris Beach	2004	36	182
4811007	Norris Beach	2005	38	182
4811007	Norris Beach	2006	40	182
4811007	Norris Beach	2007	42	182
4811007	Norris Beach	2008	42	182
4811007	Norris Beach	2009	44	182
4811007	Norris Beach	2010	46	182
4811007	Norris Beach	2011	47	182
4811007	Norris Beach	2012	44	182
4811007	Norris Beach	2013	43	182
4811007	Norris Beach	2014	41	182
4811007	Norris Beach	2015	39	182
4811007	Norris Beach	2016	38	182
4811007	Norris Beach	2017	40	182
4811007	Norris Beach	2018	42	182
4811007	Norris Beach	2019	43	182
4811007	Norris Beach	2020	46	182
4811007	Norris Beach	2021	73	182
4811007	Norris Beach	2022	69	182
4811007	Norris Beach	2023	68	182
4811007	Norris Beach	2024	70	182
4811007	Norris Beach	2025	71	182
4811008	Ma-Me-O Beach	2001	85	182
4811008	Ma-Me-O Beach	2002	100	182
4811008	Ma-Me-O Beach	2003	113	182
4811008	Ma-Me-O Beach	2004	127	182
4811008	Ma-Me-O Beach	2005	143	182
4811008	Ma-Me-O Beach	2006	156	182
4811008	Ma-Me-O Beach	2007	149	182
4811008	Ma-Me-O Beach	2008	140	182
4811008	Ma-Me-O Beach	2009	132	182
4811008	Ma-Me-O Beach	2010	122	182
4811008	Ma-Me-O Beach	2011	113	182
4811008	Ma-Me-O Beach	2012	112	182
4811008	Ma-Me-O Beach	2013	112	182
4811008	Ma-Me-O Beach	2014	112	182
4811008	Ma-Me-O Beach	2015	112	182
4811008	Ma-Me-O Beach	2016	111	182
4811008	Ma-Me-O Beach	2017	98	182
4811008	Ma-Me-O Beach	2018	104	182
4811008	Ma-Me-O Beach	2019	103	182
4811008	Ma-Me-O Beach	2020	93	182
4811008	Ma-Me-O Beach	2021	129	182
4811008	Ma-Me-O Beach	2022	127	182
4811008	Ma-Me-O Beach	2023	125	182
4811008	Ma-Me-O Beach	2024	123	182
4811008	Ma-Me-O Beach	2025	125	182
4811009	Silver Beach	2001	39	182
4811009	Silver Beach	2002	40	182
4811009	Silver Beach	2003	41	182
4811009	Silver Beach	2004	42	182
4811009	Silver Beach	2005	44	182
4811009	Silver Beach	2006	47	182
4811009	Silver Beach	2007	48	182
4811009	Silver Beach	2008	51	182
4811009	Silver Beach	2009	52	182
4811009	Silver Beach	2010	53	182
4811009	Silver Beach	2011	52	182
4811009	Silver Beach	2012	54	182
4811009	Silver Beach	2013	58	182
4811009	Silver Beach	2014	61	182
4811009	Silver Beach	2015	63	182
4811009	Silver Beach	2016	65	182
4811009	Silver Beach	2017	50	182
4811009	Silver Beach	2018	55	182
4811009	Silver Beach	2019	53	182
4811009	Silver Beach	2020	54	182
4811009	Silver Beach	2021	56	182
4811009	Silver Beach	2022	56	182
4811009	Silver Beach	2023	54	182
4811009	Silver Beach	2024	54	182
4811009	Silver Beach	2025	54	182
4811011	Millet	2001	2077	182
4811011	Millet	2002	2096	182
4811011	Millet	2003	2091	182
4811011	Millet	2004	2087	182
4811011	Millet	2005	2097	182
4811011	Millet	2006	2141	182
4811011	Millet	2007	2104	182
4811011	Millet	2008	2144	182
4811011	Millet	2009	2073	182
4811011	Millet	2010	2155	182
4811011	Millet	2011	2157	182
4811011	Millet	2012	2110	182
4811011	Millet	2013	2034	182
4811011	Millet	2014	2011	182
4811011	Millet	2015	2063	182
4811011	Millet	2016	1985	182
4811011	Millet	2017	1885	182
4811011	Millet	2018	1879	182
4811011	Millet	2019	1873	182
4811011	Millet	2020	1838	182
4811011	Millet	2021	1951	182
4811011	Millet	2022	1924	182
4811011	Millet	2023	1958	182
4811011	Millet	2024	1979	182
4811011	Millet	2025	1967	182
4811012	Leduc County	2001	13132	182
4811012	Leduc County	2002	13230	182
4811012	Leduc County	2003	13255	182
4811012	Leduc County	2004	13269	182
4811012	Leduc County	2005	13369	182
4811012	Leduc County	2006	13472	182
4811012	Leduc County	2007	13784	182
4811012	Leduc County	2008	13790	182
4811012	Leduc County	2009	13818	182
4811012	Leduc County	2010	13949	182
4811012	Leduc County	2011	13857	182
4811012	Leduc County	2012	14405	182
4811012	Leduc County	2013	14552	182
4811012	Leduc County	2014	14265	182
4811012	Leduc County	2015	14317	182
4811012	Leduc County	2016	14122	182
4811012	Leduc County	2017	14427	182
4811012	Leduc County	2018	14574	182
4811012	Leduc County	2019	14122	182
4811012	Leduc County	2020	14138	182
4811012	Leduc County	2021	14886	182
4811012	Leduc County	2022	15114	182
4811012	Leduc County	2023	15408	182
4811012	Leduc County	2024	15672	182
4811012	Leduc County	2025	16400	182
4811013	Beaumont	2001	7199	182
4811013	Beaumont	2002	7606	182
4811013	Beaumont	2003	7970	182
4811013	Beaumont	2004	8336	182
4811013	Beaumont	2005	8799	182
4811013	Beaumont	2006	9381	182
4811013	Beaumont	2007	10220	182
4811013	Beaumont	2008	11243	182
4811013	Beaumont	2009	12253	182
4811013	Beaumont	2010	13111	182
4811013	Beaumont	2011	13873	182
4811013	Beaumont	2012	14914	182
4811013	Beaumont	2013	15771	182
4811013	Beaumont	2014	16747	182
4811013	Beaumont	2015	17260	182
4811013	Beaumont	2016	18049	182
4811013	Beaumont	2017	18794	182
4811013	Beaumont	2018	19411	182
4811013	Beaumont	2019	19998	182
4811013	Beaumont	2020	20569	182
4811013	Beaumont	2021	21688	182
4811013	Beaumont	2022	22288	182
4811013	Beaumont	2023	23261	182
4811013	Beaumont	2024	24742	182
4811013	Beaumont	2025	26305	182
4811016	Leduc	2001	15433	182
4811016	Leduc	2002	15854	182
4811016	Leduc	2003	16182	182
4811016	Leduc	2004	16518	182
4811016	Leduc	2005	17008	182
4811016	Leduc	2006	17688	182
4811016	Leduc	2007	18906	182
4811016	Leduc	2008	20238	182
4811016	Leduc	2009	22121	182
4811016	Leduc	2010	23708	182
4811016	Leduc	2011	25385	182
4811016	Leduc	2012	26767	182
4811016	Leduc	2013	28130	182
4811016	Leduc	2014	29442	182
4811016	Leduc	2015	30548	182
4811016	Leduc	2016	30973	182
4811016	Leduc	2017	31986	182
4811016	Leduc	2018	32650	182
4811016	Leduc	2019	33313	182
4811016	Leduc	2020	34126	182
4811016	Leduc	2021	35368	182
4811016	Leduc	2022	36054	182
4811016	Leduc	2023	37196	182
4811016	Leduc	2024	38798	182
4811016	Leduc	2025	39966	182
4811018	Devon	2001	5116	182
4811018	Devon	2002	5375	182
4811018	Devon	2003	5608	182
4811018	Devon	2004	5853	182
4811018	Devon	2005	6157	182
4811018	Devon	2006	6510	182
4811018	Devon	2007	6580	182
4811018	Devon	2008	6601	182
4811018	Devon	2009	6666	182
4811018	Devon	2010	6724	182
4811018	Devon	2011	6751	182
4811018	Devon	2012	6842	182
4811018	Devon	2013	6910	182
4811018	Devon	2014	6956	182
4811018	Devon	2015	6862	182
4811018	Devon	2016	6736	182
4811018	Devon	2017	6679	182
4811018	Devon	2018	6635	182
4811018	Devon	2019	6579	182
4811018	Devon	2020	6643	182
4811018	Devon	2021	6740	182
4811018	Devon	2022	6787	182
4811018	Devon	2023	6786	182
4811018	Devon	2024	6865	182
4811018	Devon	2025	6965	182
4811019	Calmar	2001	1947	182
4811019	Calmar	2002	1964	182
4811019	Calmar	2003	1978	182
4811019	Calmar	2004	1982	182
4811019	Calmar	2005	2004	182
4811019	Calmar	2006	2017	182
4811019	Calmar	2007	2091	182
4811019	Calmar	2008	2188	182
4811019	Calmar	2009	2114	182
4811019	Calmar	2010	2082	182
4811019	Calmar	2011	2042	182
4811019	Calmar	2012	2085	182
4811019	Calmar	2013	2144	182
4811019	Calmar	2014	2204	182
4811019	Calmar	2015	2242	182
4811019	Calmar	2016	2312	182
4811019	Calmar	2017	2266	182
4811019	Calmar	2018	2286	182
4811019	Calmar	2019	2305	182
4811019	Calmar	2020	2319	182
4811019	Calmar	2021	2264	182
4811019	Calmar	2022	2286	182
4811019	Calmar	2023	2327	182
4811019	Calmar	2024	2341	182
4811019	Calmar	2025	2345	182
4811020	Sundance Beach	2001	37	182
4811020	Sundance Beach	2002	50	182
4811020	Sundance Beach	2003	63	182
4811020	Sundance Beach	2004	77	182
4811020	Sundance Beach	2005	92	182
4811020	Sundance Beach	2006	105	182
4811020	Sundance Beach	2007	101	182
4811020	Sundance Beach	2008	97	182
4811020	Sundance Beach	2009	93	182
4811020	Sundance Beach	2010	87	182
4811020	Sundance Beach	2011	83	182
4811020	Sundance Beach	2012	80	182
4811020	Sundance Beach	2013	79	182
4811020	Sundance Beach	2014	79	182
4811020	Sundance Beach	2015	76	182
4811020	Sundance Beach	2016	74	182
4811020	Sundance Beach	2017	54	182
4811020	Sundance Beach	2018	60	182
4811020	Sundance Beach	2019	63	182
4811020	Sundance Beach	2020	65	182
4811020	Sundance Beach	2021	42	182
4811020	Sundance Beach	2022	41	182
4811020	Sundance Beach	2023	42	182
4811020	Sundance Beach	2024	43	182
4811020	Sundance Beach	2025	44	182
4811021	Thorsby	2001	818	182
4811021	Thorsby	2002	845	182
4811021	Thorsby	2003	869	182
4811021	Thorsby	2004	899	182
4811021	Thorsby	2005	933	182
4811021	Thorsby	2006	978	182
4811021	Thorsby	2007	987	182
4811021	Thorsby	2008	992	182
4811021	Thorsby	2009	1000	182
4811021	Thorsby	2010	1000	182
4811021	Thorsby	2011	980	182
4811021	Thorsby	2012	980	182
4811021	Thorsby	2013	990	182
4811021	Thorsby	2014	1003	182
4811021	Thorsby	2015	1005	182
4811021	Thorsby	2016	1017	182
4811021	Thorsby	2017	914	182
4811021	Thorsby	2018	940	182
4811021	Thorsby	2019	940	182
4811021	Thorsby	2020	923	182
4811021	Thorsby	2021	998	182
4811021	Thorsby	2022	1003	182
4811021	Thorsby	2023	992	182
4811021	Thorsby	2024	981	182
4811021	Thorsby	2025	928	182
4811022	Itaska Beach	2001	8	182
4811022	Itaska Beach	2002	15	182
4811022	Itaska Beach	2003	20	182
4811022	Itaska Beach	2004	26	182
4811022	Itaska Beach	2005	31	182
4811022	Itaska Beach	2006	36	182
4811022	Itaska Beach	2007	33	182
4811022	Itaska Beach	2008	29	182
4811022	Itaska Beach	2009	26	182
4811022	Itaska Beach	2010	23	182
4811022	Itaska Beach	2011	20	182
4811022	Itaska Beach	2012	21	182
4811022	Itaska Beach	2013	22	182
4811022	Itaska Beach	2014	21	182
4811022	Itaska Beach	2015	22	182
4811022	Itaska Beach	2016	23	182
4811022	Itaska Beach	2017	21	182
4811022	Itaska Beach	2018	25	182
4811022	Itaska Beach	2019	23	182
4811022	Itaska Beach	2020	24	182
4811022	Itaska Beach	2021	30	182
4811022	Itaska Beach	2022	30	182
4811022	Itaska Beach	2023	30	182
4811022	Itaska Beach	2024	29	182
4811022	Itaska Beach	2025	29	182
4811023	Golden Days	2001	129	182
4811023	Golden Days	2002	146	182
4811023	Golden Days	2003	163	182
4811023	Golden Days	2004	180	182
4811023	Golden Days	2005	196	182
4811023	Golden Days	2006	210	182
4811023	Golden Days	2007	197	182
4811023	Golden Days	2008	182	182
4811023	Golden Days	2009	170	182
4811023	Golden Days	2010	156	182
4811023	Golden Days	2011	143	182
4811023	Golden Days	2012	146	182
4811023	Golden Days	2013	150	182
4811023	Golden Days	2014	155	182
4811023	Golden Days	2015	158	182
4811023	Golden Days	2016	163	182
4811023	Golden Days	2017	157	182
4811023	Golden Days	2018	161	182
4811023	Golden Days	2019	160	182
4811023	Golden Days	2020	163	182
4811023	Golden Days	2021	253	182
4811023	Golden Days	2022	251	182
4811023	Golden Days	2023	250	182
4811023	Golden Days	2024	252	182
4811023	Golden Days	2025	257	182
4811024	Warburg	2001	573	182
4811024	Warburg	2002	585	182
4811024	Warburg	2003	597	182
4811024	Warburg	2004	607	182
4811024	Warburg	2005	622	182
4811024	Warburg	2006	642	182
4811024	Warburg	2007	677	182
4811024	Warburg	2008	711	182
4811024	Warburg	2009	748	182
4811024	Warburg	2010	780	182
4811024	Warburg	2011	813	182
4811024	Warburg	2012	822	182
4811024	Warburg	2013	781	182
4811024	Warburg	2014	757	182
4811024	Warburg	2015	782	182
4811024	Warburg	2016	785	182
4811024	Warburg	2017	701	182
4811024	Warburg	2018	703	182
4811024	Warburg	2019	710	182
4811024	Warburg	2020	708	182
4811024	Warburg	2021	695	182
4811024	Warburg	2022	702	182
4811024	Warburg	2023	695	182
4811024	Warburg	2024	684	182
4811024	Warburg	2025	684	182
4811026	Breton	2001	585	182
4811026	Breton	2002	581	182
4811026	Breton	2003	580	182
4811026	Breton	2004	577	182
4811026	Breton	2005	570	182
4811026	Breton	2006	568	182
4811026	Breton	2007	563	182
4811026	Breton	2008	540	182
4811026	Breton	2009	518	182
4811026	Breton	2010	527	182
4811026	Breton	2011	515	182
4811026	Breton	2012	545	182
4811026	Breton	2013	579	182
4811026	Breton	2014	558	182
4811026	Breton	2015	563	182
4811026	Breton	2016	588	182
4811026	Breton	2017	527	182
4811026	Breton	2018	520	182
4811026	Breton	2019	479	182
4811026	Breton	2020	476	182
4811026	Breton	2021	583	182
4811026	Breton	2022	576	182
4811026	Breton	2023	569	182
4811026	Breton	2024	553	182
4811026	Breton	2025	549	182
4811031	Drayton Valley	2001	6310	182
4811031	Drayton Valley	2002	6488	182
4811031	Drayton Valley	2003	6632	182
4811031	Drayton Valley	2004	6778	182
4811031	Drayton Valley	2005	6981	182
4811031	Drayton Valley	2006	7242	182
4811031	Drayton Valley	2007	7387	182
4811031	Drayton Valley	2008	7548	182
4811031	Drayton Valley	2009	7546	182
4811031	Drayton Valley	2010	7436	182
4811031	Drayton Valley	2011	7389	182
4811031	Drayton Valley	2012	7517	182
4811031	Drayton Valley	2013	7772	182
4811031	Drayton Valley	2014	7737	182
4811031	Drayton Valley	2015	7662	182
4811031	Drayton Valley	2016	7428	182
4811031	Drayton Valley	2017	7345	182
4811031	Drayton Valley	2018	7325	182
4811031	Drayton Valley	2019	7212	182
4811031	Drayton Valley	2020	7124	182
4811031	Drayton Valley	2021	7545	182
4811031	Drayton Valley	2022	7481	182
4811031	Drayton Valley	2023	7675	182
4811031	Drayton Valley	2024	7939	182
4811031	Drayton Valley	2025	8047	182
4811032	Brazeau County	2001	6687	182
4811032	Brazeau County	2002	6793	182
4811032	Brazeau County	2003	6865	182
4811032	Brazeau County	2004	6929	182
4811032	Brazeau County	2005	7043	182
4811032	Brazeau County	2006	7197	182
4811032	Brazeau County	2007	7258	182
4811032	Brazeau County	2008	7313	182
4811032	Brazeau County	2009	7383	182
4811032	Brazeau County	2010	7395	182
4811032	Brazeau County	2011	7370	182
4811032	Brazeau County	2012	7478	182
4811032	Brazeau County	2013	7638	182
4811032	Brazeau County	2014	7812	182
4811032	Brazeau County	2015	7894	182
4811032	Brazeau County	2016	7990	182
4811032	Brazeau County	2017	7831	182
4811032	Brazeau County	2018	7828	182
4811032	Brazeau County	2019	7785	182
4811032	Brazeau County	2020	7753	182
4811032	Brazeau County	2021	7410	182
4811032	Brazeau County	2022	7427	182
4811032	Brazeau County	2023	7441	182
4811032	Brazeau County	2024	7566	182
4811032	Brazeau County	2025	7685	182
4811034	Parkland County	2001	27771	182
4811034	Parkland County	2002	28271	182
4811034	Parkland County	2003	28606	182
4811034	Parkland County	2004	28933	182
4811034	Parkland County	2005	29449	182
4811034	Parkland County	2006	30107	182
4811034	Parkland County	2007	30692	182
4811034	Parkland County	2008	31220	182
4811034	Parkland County	2009	31326	182
4811034	Parkland County	2010	31616	182
4811034	Parkland County	2011	31488	182
4811034	Parkland County	2012	31632	182
4811034	Parkland County	2013	32183	182
4811034	Parkland County	2014	32782	182
4811034	Parkland County	2015	32661	182
4811034	Parkland County	2016	32840	182
4811034	Parkland County	2017	33063	182
4811034	Parkland County	2018	33128	182
4811034	Parkland County	2019	33259	182
4811034	Parkland County	2020	33144	182
4811034	Parkland County	2021	33151	182
4811034	Parkland County	2022	33312	182
4811034	Parkland County	2023	33484	182
4811034	Parkland County	2024	33897	182
4811034	Parkland County	2025	34286	182
4811038	Seba Beach	2001	112	182
4811038	Seba Beach	2002	131	182
4811038	Seba Beach	2003	151	182
4811038	Seba Beach	2004	170	182
4811038	Seba Beach	2005	190	182
4811038	Seba Beach	2006	206	182
4811038	Seba Beach	2007	194	182
4811038	Seba Beach	2008	184	182
4811038	Seba Beach	2009	172	182
4811038	Seba Beach	2010	158	182
4811038	Seba Beach	2011	146	182
4811038	Seba Beach	2012	151	182
4811038	Seba Beach	2013	157	182
4811038	Seba Beach	2014	164	182
4811038	Seba Beach	2015	168	182
4811038	Seba Beach	2016	173	182
4811038	Seba Beach	2017	156	182
4811038	Seba Beach	2018	164	182
4811038	Seba Beach	2019	144	182
4811038	Seba Beach	2020	140	182
4811038	Seba Beach	2021	232	182
4811038	Seba Beach	2022	233	182
4811038	Seba Beach	2023	236	182
4811038	Seba Beach	2024	242	182
4811038	Seba Beach	2025	244	182
4811039	Betula Beach	2001	8	182
4811039	Betula Beach	2002	10	182
4811039	Betula Beach	2003	11	182
4811039	Betula Beach	2004	13	182
4811039	Betula Beach	2005	13	182
4811039	Betula Beach	2006	15	182
4811039	Betula Beach	2007	14	182
4811039	Betula Beach	2008	13	182
4811039	Betula Beach	2009	12	182
4811039	Betula Beach	2010	11	182
4811039	Betula Beach	2011	10	182
4811039	Betula Beach	2012	12	182
4811039	Betula Beach	2013	12	182
4811039	Betula Beach	2014	14	182
4811039	Betula Beach	2015	14	182
4811039	Betula Beach	2016	16	182
4811039	Betula Beach	2017	16	182
4811039	Betula Beach	2018	14	182
4811039	Betula Beach	2019	16	182
4811039	Betula Beach	2020	15	182
4811039	Betula Beach	2021	28	182
4811039	Betula Beach	2022	28	182
4811039	Betula Beach	2023	25	182
4811039	Betula Beach	2024	26	182
4811039	Betula Beach	2025	25	182
4811041	Point Alison	2001	10	182
4811041	Point Alison	2002	11	182
4811041	Point Alison	2003	13	182
4811041	Point Alison	2004	13	182
4811041	Point Alison	2005	15	182
4811041	Point Alison	2006	15	182
4811041	Point Alison	2007	15	182
4811041	Point Alison	2008	15	182
4811041	Point Alison	2009	15	182
4811041	Point Alison	2010	15	182
4811041	Point Alison	2011	15	182
4811041	Point Alison	2012	14	182
4811041	Point Alison	2013	13	182
4811041	Point Alison	2014	12	182
4811041	Point Alison	2015	11	182
4811041	Point Alison	2016	10	182
4811041	Point Alison	2017	10	182
4811041	Point Alison	2018	10	182
4811041	Point Alison	2019	10	182
4811041	Point Alison	2020	10	182
4811041	Point Alison	2021	18	182
4811041	Point Alison	2022	18	182
4811041	Point Alison	2023	19	182
4811041	Point Alison	2024	19	182
4811041	Point Alison	2025	19	182
4811042	Lakeview	2001	15	182
4811042	Lakeview	2002	19	182
4811042	Lakeview	2003	24	182
4811042	Lakeview	2004	28	182
4811042	Lakeview	2005	32	182
4811042	Lakeview	2006	37	182
4811042	Lakeview	2007	35	182
4811042	Lakeview	2008	32	182
4811042	Lakeview	2009	30	182
4811042	Lakeview	2010	29	182
4811042	Lakeview	2011	26	182
4811042	Lakeview	2012	27	182
4811042	Lakeview	2013	28	182
4811042	Lakeview	2014	28	182
4811042	Lakeview	2015	29	182
4811042	Lakeview	2016	30	182
4811042	Lakeview	2017	27	182
4811042	Lakeview	2018	30	182
4811042	Lakeview	2019	31	182
4811042	Lakeview	2020	32	182
4811042	Lakeview	2021	29	182
4811042	Lakeview	2022	28	182
4811042	Lakeview	2023	29	182
4811042	Lakeview	2024	29	182
4811042	Lakeview	2025	26	182
4811044	Kapasiwin	2001	15	182
4811044	Kapasiwin	2002	15	182
4811044	Kapasiwin	2003	15	182
4811044	Kapasiwin	2004	14	182
4811044	Kapasiwin	2005	14	182
4811044	Kapasiwin	2006	14	182
4811044	Kapasiwin	2007	14	182
4811044	Kapasiwin	2008	12	182
4811044	Kapasiwin	2009	12	182
4811044	Kapasiwin	2010	10	182
4811044	Kapasiwin	2011	10	182
4811044	Kapasiwin	2012	10	182
4811044	Kapasiwin	2013	10	182
4811044	Kapasiwin	2014	10	182
4811044	Kapasiwin	2015	10	182
4811044	Kapasiwin	2016	10	182
4811044	Kapasiwin	2017	10	182
4811044	Kapasiwin	2018	11	182
4811044	Kapasiwin	2019	11	182
4811044	Kapasiwin	2020	12	182
4811044	Kapasiwin	2021	24	182
4811044	Kapasiwin	2022	26	182
4811044	Kapasiwin	2023	31	182
4811044	Kapasiwin	2024	28	182
4811044	Kapasiwin	2025	34	182
4811045	Wabamun	2001	614	182
4811045	Wabamun	2002	614	182
4811045	Wabamun	2003	612	182
4811045	Wabamun	2004	611	182
4811045	Wabamun	2005	612	182
4811045	Wabamun	2006	621	182
4811045	Wabamun	2007	633	182
4811045	Wabamun	2008	644	182
4811045	Wabamun	2009	659	182
4811045	Wabamun	2010	671	182
4811045	Wabamun	2011	677	182
4811045	Wabamun	2012	722	182
4811045	Wabamun	2013	683	182
4811045	Wabamun	2014	692	182
4811045	Wabamun	2015	716	182
4811046	Spring Lake	2001	466	182
4811046	Spring Lake	2002	476	182
4811046	Spring Lake	2003	487	182
4811046	Spring Lake	2004	496	182
4811046	Spring Lake	2005	507	182
4811046	Spring Lake	2006	515	182
4811046	Spring Lake	2007	547	182
4811046	Spring Lake	2008	551	182
4811046	Spring Lake	2009	554	182
4811046	Spring Lake	2010	553	182
4811046	Spring Lake	2011	556	182
4811046	Spring Lake	2012	586	182
4811046	Spring Lake	2013	623	182
4811046	Spring Lake	2014	664	182
4811046	Spring Lake	2015	699	182
4811046	Spring Lake	2016	724	182
4811046	Spring Lake	2017	660	182
4811046	Spring Lake	2018	662	182
4811046	Spring Lake	2019	687	182
4811046	Spring Lake	2020	683	182
4811046	Spring Lake	2021	733	182
4811046	Spring Lake	2022	762	182
4811046	Spring Lake	2023	773	182
4811046	Spring Lake	2024	769	182
4811046	Spring Lake	2025	772	182
4811048	Stony Plain	2001	9885	182
4811048	Stony Plain	2002	10448	182
4811048	Stony Plain	2003	10953	182
4811048	Stony Plain	2004	11479	182
4811048	Stony Plain	2005	12113	182
4811048	Stony Plain	2006	12808	182
4811048	Stony Plain	2007	13439	182
4811048	Stony Plain	2008	14023	182
4811048	Stony Plain	2009	14747	182
4811048	Stony Plain	2010	15152	182
4811048	Stony Plain	2011	15618	182
4811048	Stony Plain	2012	16066	182
4811048	Stony Plain	2013	16615	182
4811048	Stony Plain	2014	17062	182
4811048	Stony Plain	2015	17387	182
4811048	Stony Plain	2016	17678	182
4811048	Stony Plain	2017	18008	182
4811048	Stony Plain	2018	18174	182
4811048	Stony Plain	2019	18316	182
4811048	Stony Plain	2020	18273	182
4811048	Stony Plain	2021	18556	182
4811048	Stony Plain	2022	18749	182
4811048	Stony Plain	2023	19081	182
4811048	Stony Plain	2024	19424	182
4811048	Stony Plain	2025	19662	182
4811049	Spruce Grove	2001	16478	182
4811049	Spruce Grove	2002	17204	182
4811049	Spruce Grove	2003	17840	182
4811049	Spruce Grove	2004	18499	182
4811049	Spruce Grove	2005	19338	182
4811049	Spruce Grove	2006	20376	182
4811049	Spruce Grove	2007	21711	182
4811049	Spruce Grove	2008	23070	182
4811049	Spruce Grove	2009	24604	182
4811049	Spruce Grove	2010	26049	182
4811049	Spruce Grove	2011	27314	182
4811049	Spruce Grove	2012	28468	182
4811049	Spruce Grove	2013	30148	182
4811049	Spruce Grove	2014	31785	182
4811049	Spruce Grove	2015	33626	182
4811049	Spruce Grove	2016	35324	182
4811049	Spruce Grove	2017	36395	182
4811049	Spruce Grove	2018	37437	182
4811049	Spruce Grove	2019	38097	182
4811049	Spruce Grove	2020	38883	182
4811049	Spruce Grove	2021	39068	182
4811049	Spruce Grove	2022	40005	182
4811049	Spruce Grove	2023	41032	182
4811049	Spruce Grove	2024	42794	182
4811049	Spruce Grove	2025	44575	182
4811052	Strathcona County	2001	73765	182
4811052	Strathcona County	2002	76033	182
4811052	Strathcona County	2003	77907	182
4811052	Strathcona County	2004	79813	182
4811052	Strathcona County	2005	82375	182
4811052	Strathcona County	2006	85487	182
4811052	Strathcona County	2007	87765	182
4811052	Strathcona County	2008	89835	182
4811052	Strathcona County	2009	92029	182
4811052	Strathcona County	2010	94069	182
4811052	Strathcona County	2011	95663	182
4811052	Strathcona County	2012	97023	182
4811052	Strathcona County	2013	98512	182
4811052	Strathcona County	2014	99832	182
4811052	Strathcona County	2015	99644	182
4811052	Strathcona County	2016	100678	182
4811052	Strathcona County	2017	101448	182
4811052	Strathcona County	2018	101842	182
4811052	Strathcona County	2019	102323	182
4811052	Strathcona County	2020	102572	182
4811052	Strathcona County	2021	102426	182
4811052	Strathcona County	2022	103259	182
4811052	Strathcona County	2023	104104	182
4811052	Strathcona County	2024	105876	182
4811052	Strathcona County	2025	107345	182
4811056	Fort Saskatchewan	2001	13443	182
4811056	Fort Saskatchewan	2002	13847	182
4811056	Fort Saskatchewan	2003	14177	182
4811056	Fort Saskatchewan	2004	14494	182
4811056	Fort Saskatchewan	2005	14936	182
4811056	Fort Saskatchewan	2006	15545	182
4811056	Fort Saskatchewan	2007	16211	182
4811056	Fort Saskatchewan	2008	16862	182
4811056	Fort Saskatchewan	2009	17854	182
4811056	Fort Saskatchewan	2010	18839	182
4811056	Fort Saskatchewan	2011	19883	182
4811056	Fort Saskatchewan	2012	21127	182
4811056	Fort Saskatchewan	2013	22281	182
4811056	Fort Saskatchewan	2014	23089	182
4811056	Fort Saskatchewan	2015	23853	182
4811056	Fort Saskatchewan	2016	25060	182
4811056	Fort Saskatchewan	2017	26087	182
4811056	Fort Saskatchewan	2018	26671	182
4811056	Fort Saskatchewan	2019	27201	182
4811056	Fort Saskatchewan	2020	27549	182
4811056	Fort Saskatchewan	2021	28567	182
4811056	Fort Saskatchewan	2022	28994	182
4811056	Fort Saskatchewan	2023	29303	182
4811056	Fort Saskatchewan	2024	29900	182
4811056	Fort Saskatchewan	2025	30575	182
4811059	Sturgeon County	2001	18453	182
4811059	Sturgeon County	2002	18649	182
4811059	Sturgeon County	2003	18717	182
4811059	Sturgeon County	2004	18765	182
4811059	Sturgeon County	2005	18949	182
4811059	Sturgeon County	2006	19189	182
4811059	Sturgeon County	2007	19453	182
4811059	Sturgeon County	2008	19683	182
4811059	Sturgeon County	2009	19959	182
4811059	Sturgeon County	2010	20101	182
4811059	Sturgeon County	2011	20198	182
4811059	Sturgeon County	2012	20249	182
4811059	Sturgeon County	2013	20705	182
4811059	Sturgeon County	2014	21572	182
4811059	Sturgeon County	2015	21175	182
4811059	Sturgeon County	2016	21081	182
4811059	Sturgeon County	2017	21085	182
4811059	Sturgeon County	2018	21115	182
4811059	Sturgeon County	2019	20962	182
4811059	Sturgeon County	2020	20843	182
4811059	Sturgeon County	2021	20733	182
4811059	Sturgeon County	2022	20798	182
4811059	Sturgeon County	2023	20829	182
4811059	Sturgeon County	2024	21022	182
4811059	Sturgeon County	2025	21035	182
4811061	Edmonton	2001	684092	182
4811061	Edmonton	2002	699229	182
4811061	Edmonton	2003	710000	182
4811061	Edmonton	2004	720652	182
4811061	Edmonton	2005	737596	182
4811061	Edmonton	2006	758721	182
4811061	Edmonton	2007	778434	182
4811061	Edmonton	2008	796176	182
4811061	Edmonton	2009	817073	182
4811061	Edmonton	2010	830604	182
4811061	Edmonton	2011	844981	182
4811061	Edmonton	2012	864734	182
4811061	Edmonton	2013	892692	182
4811061	Edmonton	2014	923355	182
4811061	Edmonton	2015	944268	182
4811061	Edmonton	2016	964639	182
4811061	Edmonton	2017	983238	182
4811061	Edmonton	2018	1002920	182
4811061	Edmonton	2019	1026499	182
4811061	Edmonton	2020	1046556	182
4811061	Edmonton	2021	1050945	182
4811061	Edmonton	2022	1074178	182
4811061	Edmonton	2023	1127183	182
4811061	Edmonton	2024	1197770	182
4811061	Edmonton	2025	1238295	182
4811062	St. Albert	2001	54348	182
4811062	St. Albert	2002	55432	182
4811062	St. Albert	2003	56208	182
4811062	St. Albert	2004	56960	182
4811062	St. Albert	2005	58172	182
4811062	St. Albert	2006	59789	182
4811062	St. Albert	2007	61215	182
4811062	St. Albert	2008	62818	182
4811062	St. Albert	2009	64264	182
4811062	St. Albert	2010	62994	182
4811062	St. Albert	2011	63397	182
4811062	St. Albert	2012	63677	182
4811062	St. Albert	2013	64459	182
4811062	St. Albert	2014	65658	182
4811062	St. Albert	2015	66252	182
4811062	St. Albert	2016	67342	182
4811062	St. Albert	2017	68244	182
4811062	St. Albert	2018	68769	182
4811062	St. Albert	2019	69154	182
4811062	St. Albert	2020	69650	182
4811062	St. Albert	2021	70389	182
4811062	St. Albert	2022	70824	182
4811062	St. Albert	2023	71965	182
4811062	St. Albert	2024	73567	182
4811062	St. Albert	2025	74730	182
4811064	Gibbons	2001	2709	182
4811064	Gibbons	2002	2705	182
4811064	Gibbons	2003	2687	182
4811064	Gibbons	2004	2674	182
4811064	Gibbons	2005	2694	182
4811064	Gibbons	2006	2743	182
4811064	Gibbons	2007	2833	182
4811064	Gibbons	2008	2921	182
4811064	Gibbons	2009	3016	182
4811064	Gibbons	2010	3086	182
4811064	Gibbons	2011	3142	182
4811064	Gibbons	2012	3165	182
4811064	Gibbons	2013	3206	182
4811064	Gibbons	2014	3247	182
4811064	Gibbons	2015	3245	182
4811064	Gibbons	2016	3261	182
4811064	Gibbons	2017	3227	182
4811064	Gibbons	2018	3168	182
4811064	Gibbons	2019	3143	182
4811064	Gibbons	2020	3098	182
4811064	Gibbons	2021	3332	182
4811064	Gibbons	2022	3305	182
4811064	Gibbons	2023	3294	182
4811064	Gibbons	2024	3305	182
4811064	Gibbons	2025	3352	182
4811065	Redwater	2001	2221	182
4811065	Redwater	2002	2232	182
4811065	Redwater	2003	2235	182
4811065	Redwater	2004	2229	182
4811065	Redwater	2005	2242	182
4811065	Redwater	2006	2255	182
4811065	Redwater	2007	2285	182
4811065	Redwater	2008	2214	182
4811065	Redwater	2009	2124	182
4811065	Redwater	2010	2080	182
4811065	Redwater	2011	1976	182
4811065	Redwater	2012	1998	182
4811065	Redwater	2013	2034	182
4811065	Redwater	2014	2072	182
4811065	Redwater	2015	2086	182
4811065	Redwater	2016	2111	182
4811065	Redwater	2017	2027	182
4811065	Redwater	2018	2058	182
4811065	Redwater	2019	2078	182
4811065	Redwater	2020	2106	182
4811065	Redwater	2021	2189	182
4811065	Redwater	2022	2185	182
4811065	Redwater	2023	2186	182
4811065	Redwater	2024	2212	182
4811065	Redwater	2025	2301	182
4811066	Bon Accord	2001	1567	182
4811066	Bon Accord	2002	1573	182
4811066	Bon Accord	2003	1560	182
4811066	Bon Accord	2004	1549	182
4811066	Bon Accord	2005	1559	182
4811066	Bon Accord	2006	1576	182
4811066	Bon Accord	2007	1637	182
4811066	Bon Accord	2008	1572	182
4811066	Bon Accord	2009	1583	182
4811066	Bon Accord	2010	1586	182
4811066	Bon Accord	2011	1541	182
4811066	Bon Accord	2012	1546	182
4811066	Bon Accord	2013	1563	182
4811066	Bon Accord	2014	1580	182
4811066	Bon Accord	2015	1575	182
4811066	Bon Accord	2016	1566	182
4811066	Bon Accord	2017	1526	182
4811066	Bon Accord	2018	1532	182
4811066	Bon Accord	2019	1501	182
4811066	Bon Accord	2020	1466	182
4811066	Bon Accord	2021	1514	182
4811066	Bon Accord	2022	1524	182
4811066	Bon Accord	2023	1475	182
4811066	Bon Accord	2024	1440	182
4811066	Bon Accord	2025	1457	182
4811068	Morinville	2001	6685	182
4811068	Morinville	2002	6748	182
4811068	Morinville	2003	6770	182
4811068	Morinville	2004	6793	182
4811068	Morinville	2005	6879	182
4811068	Morinville	2006	7023	182
4811068	Morinville	2007	7335	182
4811068	Morinville	2008	7536	182
4811068	Morinville	2009	7982	182
4811068	Morinville	2010	8385	182
4811068	Morinville	2011	8963	182
4811068	Morinville	2012	9205	182
4811068	Morinville	2013	9375	182
4811068	Morinville	2014	9620	182
4811068	Morinville	2015	10076	182
4811068	Morinville	2016	10167	182
4811068	Morinville	2017	10283	182
4811068	Morinville	2018	10337	182
4811068	Morinville	2019	10485	182
4811068	Morinville	2020	10462	182
4811068	Morinville	2021	10753	182
4811068	Morinville	2022	10762	182
4811068	Morinville	2023	10761	182
4811068	Morinville	2024	10819	182
4811068	Morinville	2025	10763	182
4811069	Legal	2001	1084	182
4811069	Legal	2002	1117	182
4811069	Legal	2003	1147	182
4811069	Legal	2004	1177	182
4811069	Legal	2005	1211	182
4811069	Legal	2006	1229	182
4811069	Legal	2007	1234	182
4811069	Legal	2008	1237	182
4811069	Legal	2009	1245	182
4811069	Legal	2010	1251	182
4811069	Legal	2011	1267	182
4811069	Legal	2012	1289	182
4811069	Legal	2013	1324	182
4811069	Legal	2014	1360	182
4811069	Legal	2015	1378	182
4811069	Legal	2016	1385	182
4811069	Legal	2017	1318	182
4811069	Legal	2018	1324	182
4811069	Legal	2019	1299	182
4811069	Legal	2020	1257	182
4811069	Legal	2021	1276	182
4811069	Legal	2022	1295	182
4811069	Legal	2023	1282	182
4811069	Legal	2024	1293	182
4811069	Legal	2025	1253	182
4811801	Ermineskin 138	2001	1701	182
4811801	Ermineskin 138	2002	1664	182
4811801	Ermineskin 138	2003	1615	182
4811801	Ermineskin 138	2004	1566	182
4811801	Ermineskin 138	2005	1534	182
4811801	Ermineskin 138	2006	1523	182
4811801	Ermineskin 138	2007	1601	182
4811801	Ermineskin 138	2008	1676	182
4811801	Ermineskin 138	2009	1755	182
4811801	Ermineskin 138	2010	1840	182
4811801	Ermineskin 138	2011	1957	182
4811801	Ermineskin 138	2012	2080	182
4811801	Ermineskin 138	2013	2215	182
4811801	Ermineskin 138	2014	2352	182
4811801	Ermineskin 138	2015	2457	182
4811801	Ermineskin 138	2016	2536	182
4811801	Ermineskin 138	2017	2409	182
4811801	Ermineskin 138	2018	2434	182
4811801	Ermineskin 138	2019	2456	182
4811801	Ermineskin 138	2020	2452	182
4811801	Ermineskin 138	2021	2340	182
4811801	Ermineskin 138	2022	2308	182
4811801	Ermineskin 138	2023	2296	182
4811801	Ermineskin 138	2024	2231	182
4811801	Ermineskin 138	2025	2359	182
4811802	Pigeon Lake 138A	2001	380	182
4811802	Pigeon Lake 138A	2002	380	182
4811802	Pigeon Lake 138A	2003	375	182
4811802	Pigeon Lake 138A	2004	371	182
4811802	Pigeon Lake 138A	2005	367	182
4811802	Pigeon Lake 138A	2006	368	182
4811802	Pigeon Lake 138A	2007	392	182
4811802	Pigeon Lake 138A	2008	417	182
4811802	Pigeon Lake 138A	2009	445	182
4811802	Pigeon Lake 138A	2010	475	182
4811802	Pigeon Lake 138A	2011	501	182
4811802	Pigeon Lake 138A	2012	480	182
4811802	Pigeon Lake 138A	2013	453	182
4811802	Pigeon Lake 138A	2014	470	182
4811802	Pigeon Lake 138A	2015	506	182
4811802	Pigeon Lake 138A	2016	436	182
4811802	Pigeon Lake 138A	2017	354	182
4811802	Pigeon Lake 138A	2018	354	182
4811802	Pigeon Lake 138A	2019	358	182
4811802	Pigeon Lake 138A	2020	359	182
4811802	Pigeon Lake 138A	2021	299	182
4811802	Pigeon Lake 138A	2022	298	182
4811802	Pigeon Lake 138A	2023	302	182
4811802	Pigeon Lake 138A	2024	317	182
4811802	Pigeon Lake 138A	2025	321	182
4811803	Louis Bull 138B	2001	918	182
4811803	Louis Bull 138B	2002	968	182
4811803	Louis Bull 138B	2003	1015	182
4811803	Louis Bull 138B	2004	1067	182
4811803	Louis Bull 138B	2005	1135	182
4811803	Louis Bull 138B	2006	1228	182
4811803	Louis Bull 138B	2007	1266	182
4811803	Louis Bull 138B	2008	1303	182
4811803	Louis Bull 138B	2009	1340	182
4811803	Louis Bull 138B	2010	1357	182
4811803	Louis Bull 138B	2011	1346	182
4811803	Louis Bull 138B	2012	1428	182
4811803	Louis Bull 138B	2013	1417	182
4811803	Louis Bull 138B	2014	1361	182
4811803	Louis Bull 138B	2015	1296	182
4811803	Louis Bull 138B	2016	1215	182
4811803	Louis Bull 138B	2017	1218	182
4811803	Louis Bull 138B	2018	1252	182
4811803	Louis Bull 138B	2019	1280	182
4811803	Louis Bull 138B	2020	1304	182
4811803	Louis Bull 138B	2021	1370	182
4811803	Louis Bull 138B	2022	1382	182
4811803	Louis Bull 138B	2023	1377	182
4811803	Louis Bull 138B	2024	1394	182
4811803	Louis Bull 138B	2025	1394	182
4811804	Stony Plain 135	2001	1135	182
4811804	Stony Plain 135	2002	1198	182
4811804	Stony Plain 135	2003	1259	182
4811804	Stony Plain 135	2004	1318	182
4811804	Stony Plain 135	2005	1392	182
4811804	Stony Plain 135	2006	1465	182
4811804	Stony Plain 135	2007	1400	182
4811804	Stony Plain 135	2008	1323	182
4811804	Stony Plain 135	2009	1246	182
4811804	Stony Plain 135	2010	1148	182
4811804	Stony Plain 135	2011	1040	182
4811804	Stony Plain 135	2012	1169	182
4811804	Stony Plain 135	2013	1306	182
4811804	Stony Plain 135	2014	1453	182
4811804	Stony Plain 135	2015	1600	182
4811804	Enoch Cree Nation	2016	1762	182
4811804	Enoch Cree Nation	2017	1721	182
4811804	Enoch Cree Nation	2018	1748	182
4811804	Enoch Cree Nation	2019	1766	182
4811804	Enoch Cree Nation	2020	1792	182
4811804	Enoch Cree Nation	2021	1897	182
4811804	Enoch Cree Nation	2022	1918	182
4811804	Enoch Cree Nation	2023	1944	182
4811804	Enoch Cree Nation	2024	1940	182
4811804	Enoch Cree Nation	2025	1947	182
4811805	Alexander 134	2001	860	182
4811805	Alexander 134	2002	888	182
4811805	Alexander 134	2003	907	182
4811805	Alexander 134	2004	930	182
4811805	Alexander 134	2005	959	182
4811805	Alexander 134	2006	998	182
4811805	Alexander 134	2007	1018	182
4811805	Alexander 134	2008	1035	182
4811805	Alexander 134	2009	1052	182
4811805	Alexander 134	2010	1060	182
4811805	Alexander 134	2011	1065	182
4811805	Alexander 134	2012	1083	182
4811805	Alexander 134	2013	1111	182
4811805	Alexander 134	2014	1139	182
4811805	Alexander 134	2015	1144	182
4811805	Alexander 134	2016	1129	182
4811805	Alexander 134	2017	1075	182
4811805	Alexander 134	2018	1062	182
4811805	Alexander 134	2019	1072	182
4811805	Alexander 134	2020	1086	182
4811805	Alexander 134	2021	1112	182
4811805	Alexander 134	2022	1112	182
4811805	Alexander 134	2023	1116	182
4811805	Alexander 134	2024	1123	182
4811805	Alexander 134	2025	1139	182
4811806	Wabamun 133A	2001	1023	182
4811806	Wabamun 133A	2002	1044	182
4811806	Wabamun 133A	2003	1057	182
4811806	Wabamun 133A	2004	1079	182
4811806	Wabamun 133A	2005	1108	182
4811806	Wabamun 133A	2006	1128	182
4811806	Wabamun 133A	2007	1133	182
4811806	Wabamun 133A	2008	1134	182
4811806	Wabamun 133A	2009	1135	182
4811806	Wabamun 133A	2010	1119	182
4811806	Wabamun 133A	2011	1120	182
4811806	Wabamun 133A	2012	1231	182
4811806	Wabamun 133A	2013	1348	182
4811806	Wabamun 133A	2014	1465	182
4811806	Wabamun 133A	2015	1562	182
4811806	Wabamun 133A	2016	1635	182
4811806	Wabamun 133A	2017	1432	182
4811806	Wabamun 133A	2018	1442	182
4811806	Wabamun 133A	2019	1451	182
4811806	Wabamun 133A	2020	1461	182
4811806	Wabamun 133A	2021	1018	182
4811806	Wabamun 133A	2022	1014	182
4811806	Wabamun 133A	2023	1014	182
4811806	Wabamun 133A	2024	1005	182
4811806	Wabamun 133A	2025	1005	182
4811807	Wabamun 133B	2001	0	182
4811807	Wabamun 133B	2002	4	182
4811807	Wabamun 133B	2003	9	182
4811807	Wabamun 133B	2004	13	182
4811807	Wabamun 133B	2005	17	182
4811807	Wabamun 133B	2006	21	182
4811807	Wabamun 133B	2007	21	182
4811807	Wabamun 133B	2008	19	182
4811807	Wabamun 133B	2009	19	182
4811807	Wabamun 133B	2010	19	182
4811807	Wabamun 133B	2011	17	182
4811807	Wabamun 133B	2012	19	182
4811807	Wabamun 133B	2013	21	182
4811807	Wabamun 133B	2014	25	182
4811807	Wabamun 133B	2015	27	182
4811807	Wabamun 133B	2016	31	182
4811807	Wabamun 133B	2017	27	182
4811807	Wabamun 133B	2018	26	182
4811807	Wabamun 133B	2019	26	182
4811807	Wabamun 133B	2020	27	182
4811807	Wabamun 133B	2021	21	182
4811807	Wabamun 133B	2022	22	182
4811807	Wabamun 133B	2023	22	182
4811807	Wabamun 133B	2024	23	182
4811807	Wabamun 133B	2025	23	182
4812002	Cold Lake	2001	11876	182
4812002	Cold Lake	2002	12000	182
4812002	Cold Lake	2003	12122	182
4812002	Cold Lake	2004	12166	182
4812002	Cold Lake	2005	12334	182
4812002	Cold Lake	2006	12489	182
4812002	Cold Lake	2007	12891	182
4812002	Cold Lake	2008	13348	182
4812002	Cold Lake	2009	13750	182
4812002	Cold Lake	2010	14158	182
4812002	Cold Lake	2011	14448	182
4812002	Cold Lake	2012	14814	182
4812002	Cold Lake	2013	15029	182
4812002	Cold Lake	2014	15423	182
4812002	Cold Lake	2015	15361	182
4812002	Cold Lake	2016	15549	182
4812002	Cold Lake	2017	15929	182
4812002	Cold Lake	2018	15978	182
4812002	Cold Lake	2019	16088	182
4812002	Cold Lake	2020	16182	182
4812002	Cold Lake	2021	16345	182
4812002	Cold Lake	2022	16363	182
4812002	Cold Lake	2023	16935	182
4812002	Cold Lake	2024	17734	182
4812002	Cold Lake	2025	17815	182
4812004	Bonnyville No. 87	2001	9690	182
4812004	Bonnyville No. 87	2002	9851	182
4812004	Bonnyville No. 87	2003	10013	182
4812004	Bonnyville No. 87	2004	10118	182
4812004	Bonnyville No. 87	2005	10314	182
4812004	Bonnyville No. 87	2006	10536	182
4812004	Bonnyville No. 87	2007	10791	182
4812004	Bonnyville No. 87	2008	11066	182
4812004	Bonnyville No. 87	2009	11225	182
4812004	Bonnyville No. 87	2010	11385	182
4812004	Bonnyville No. 87	2011	11599	182
4812004	Bonnyville No. 87	2012	11937	182
4812004	Bonnyville No. 87	2013	12319	182
4812004	Bonnyville No. 87	2014	12759	182
4812004	Bonnyville No. 87	2015	12964	182
4812004	Bonnyville No. 87	2016	13078	182
4812004	Bonnyville No. 87	2017	13261	182
4812004	Bonnyville No. 87	2018	13411	182
4812004	Bonnyville No. 87	2019	13522	182
4812004	Bonnyville No. 87	2020	13665	182
4812004	Bonnyville No. 87	2021	13250	182
4812004	Bonnyville No. 87	2022	13096	182
4812004	Bonnyville No. 87	2023	12921	182
4812004	Bonnyville No. 87	2024	13048	182
4812004	Bonnyville No. 87	2025	13192	182
4812009	Bonnyville	2001	5846	182
4812009	Bonnyville	2002	5870	182
4812009	Bonnyville	2003	5898	182
4812009	Bonnyville	2004	5889	182
4812009	Bonnyville	2005	5968	182
4812009	Bonnyville	2006	6076	182
4812009	Bonnyville	2007	6217	182
4812009	Bonnyville	2008	6287	182
4812009	Bonnyville	2009	6409	182
4812009	Bonnyville	2010	6479	182
4812009	Bonnyville	2011	6451	182
4812009	Bonnyville	2012	6413	182
4812009	Bonnyville	2013	6580	182
4812009	Bonnyville	2014	6579	182
4812009	Bonnyville	2015	6519	182
4812009	Bonnyville	2016	6118	182
4812009	Bonnyville	2017	6167	182
4812009	Bonnyville	2018	6168	182
4812009	Bonnyville	2019	6204	182
4812009	Bonnyville	2020	6156	182
4812009	Bonnyville	2021	6624	182
4812009	Bonnyville	2022	6628	182
4812009	Bonnyville	2023	6882	182
4812009	Bonnyville	2024	7160	182
4812009	Bonnyville	2025	7366	182
4812011	Bonnyville Beach	2001	75	182
4812011	Bonnyville Beach	2002	81	182
4812011	Bonnyville Beach	2003	86	182
4812011	Bonnyville Beach	2004	90	182
4812011	Bonnyville Beach	2005	95	182
4812011	Bonnyville Beach	2006	100	182
4812011	Bonnyville Beach	2007	99	182
4812011	Bonnyville Beach	2008	98	182
4812011	Bonnyville Beach	2009	97	182
4812011	Bonnyville Beach	2010	97	182
4812011	Bonnyville Beach	2011	98	182
4812011	Bonnyville Beach	2012	96	182
4812011	Bonnyville Beach	2013	95	182
4812011	Bonnyville Beach	2014	93	182
4812011	Bonnyville Beach	2015	89	182
4812011	Bonnyville Beach	2016	86	182
4812011	Bonnyville Beach	2017	66	182
4812011	Bonnyville Beach	2018	71	182
4812011	Bonnyville Beach	2019	77	182
4812011	Bonnyville Beach	2020	73	182
4812011	Bonnyville Beach	2021	72	182
4812011	Bonnyville Beach	2022	70	182
4812011	Bonnyville Beach	2023	69	182
4812011	Bonnyville Beach	2024	69	182
4812011	Bonnyville Beach	2025	70	182
4812012	Glendon	2001	468	182
4812012	Glendon	2002	458	182
4812012	Glendon	2003	454	182
4812012	Glendon	2004	450	182
4812012	Glendon	2005	438	182
4812012	Glendon	2006	437	182
4812012	Glendon	2007	450	182
4812012	Glendon	2008	465	182
4812012	Glendon	2009	475	182
4812012	Glendon	2010	486	182
4812012	Glendon	2011	503	182
4812012	Glendon	2012	505	182
4812012	Glendon	2013	512	182
4812012	Glendon	2014	519	182
4812012	Glendon	2015	512	182
4812012	Glendon	2016	506	182
4812012	Glendon	2017	464	182
4812012	Glendon	2018	463	182
4812012	Glendon	2019	441	182
4812012	Glendon	2020	434	182
4812012	Glendon	2021	533	182
4812012	Glendon	2022	574	182
4812012	Glendon	2023	573	182
4812012	Glendon	2024	576	182
4812012	Glendon	2025	532	182
4812013	Pelican Narrows	2001	115	182
4812013	Pelican Narrows	2002	121	182
4812013	Pelican Narrows	2003	127	182
4812013	Pelican Narrows	2004	132	182
4812013	Pelican Narrows	2005	138	182
4812013	Pelican Narrows	2006	145	182
4812013	Pelican Narrows	2007	151	182
4812013	Pelican Narrows	2008	155	182
4812013	Pelican Narrows	2009	160	182
4812013	Pelican Narrows	2010	163	182
4812013	Pelican Narrows	2011	166	182
4812013	Pelican Narrows	2012	163	182
4812013	Pelican Narrows	2013	161	182
4812013	Pelican Narrows	2014	161	182
4812013	Pelican Narrows	2015	159	182
4812013	Pelican Narrows	2016	154	182
4812013	Pelican Narrows	2017	137	182
4812013	Pelican Narrows	2018	139	182
4812013	Pelican Narrows	2019	131	182
4812013	Pelican Narrows	2020	135	182
4812013	Pelican Narrows	2021	161	182
4812013	Pelican Narrows	2022	161	182
4812013	Pelican Narrows	2023	161	182
4812013	Pelican Narrows	2024	159	182
4812013	Pelican Narrows	2025	162	182
4812014	St. Paul County No. 19	2001	6243	182
4812014	St. Paul County No. 19	2002	6206	182
4812014	St. Paul County No. 19	2003	6174	182
4812014	St. Paul County No. 19	2004	6112	182
4812014	St. Paul County No. 19	2005	6092	182
4812014	St. Paul County No. 19	2006	6074	182
4812014	St. Paul County No. 19	2007	6082	182
4812014	St. Paul County No. 19	2008	6106	182
4812014	St. Paul County No. 19	2009	6064	182
4812014	St. Paul County No. 19	2010	6010	182
4812014	St. Paul County No. 19	2011	5991	182
4812014	St. Paul County No. 19	2012	6042	182
4812014	St. Paul County No. 19	2013	6135	182
4812014	St. Paul County No. 19	2014	6233	182
4812014	St. Paul County No. 19	2015	6207	182
4812014	St. Paul County No. 19	2016	6159	182
4812014	St. Paul County No. 19	2017	6304	182
4812014	St. Paul County No. 19	2018	6335	182
4812014	St. Paul County No. 19	2019	6362	182
4812014	St. Paul County No. 19	2020	6393	182
4812014	St. Paul County No. 19	2021	6477	182
4812014	St. Paul County No. 19	2022	6434	182
4812014	St. Paul County No. 19	2023	6433	182
4812014	St. Paul County No. 19	2024	6442	182
4812014	St. Paul County No. 19	2025	6462	182
4812016	Elk Point	2001	1482	182
4812016	Elk Point	2002	1475	182
4812016	Elk Point	2003	1481	182
4812016	Elk Point	2004	1485	182
4812016	Elk Point	2005	1513	182
4812016	Elk Point	2006	1536	182
4812016	Elk Point	2007	1531	182
4812016	Elk Point	2008	1530	182
4812016	Elk Point	2009	1513	182
4812016	Elk Point	2010	1490	182
4812016	Elk Point	2011	1462	182
4812016	Elk Point	2012	1477	182
4812016	Elk Point	2013	1499	182
4812016	Elk Point	2014	1519	182
4812016	Elk Point	2015	1507	182
4812016	Elk Point	2016	1489	182
4812016	Elk Point	2017	1422	182
4812016	Elk Point	2018	1391	182
4812016	Elk Point	2019	1316	182
4812016	Elk Point	2020	1248	182
4812016	Elk Point	2021	1442	182
4812016	Elk Point	2022	1455	182
4812016	Elk Point	2023	1438	182
4812016	Elk Point	2024	1458	182
4812016	Elk Point	2025	1481	182
4812018	St. Paul	2001	5180	182
4812018	St. Paul	2002	5178	182
4812018	St. Paul	2003	5205	182
4812018	St. Paul	2004	5208	182
4812018	St. Paul	2005	5242	182
4812018	St. Paul	2006	5270	182
4812018	St. Paul	2007	5353	182
4812018	St. Paul	2008	5453	182
4812018	St. Paul	2009	5496	182
4812018	St. Paul	2010	5530	182
4812018	St. Paul	2011	5592	182
4812018	St. Paul	2012	5679	182
4812018	St. Paul	2013	5803	182
4812018	St. Paul	2014	5938	182
4812018	St. Paul	2015	5966	182
4812018	St. Paul	2016	5983	182
4812018	St. Paul	2017	6007	182
4812018	St. Paul	2018	6127	182
4812018	St. Paul	2019	6178	182
4812018	St. Paul	2020	6191	182
4812018	St. Paul	2021	6052	182
4812018	St. Paul	2022	5808	182
4812018	St. Paul	2023	5899	182
4812018	St. Paul	2024	6057	182
4812018	St. Paul	2025	6218	182
4812020	Horseshoe Bay	2001	56	182
4812020	Horseshoe Bay	2002	88	182
4812020	Horseshoe Bay	2003	120	182
4812020	Horseshoe Bay	2004	154	182
4812020	Horseshoe Bay	2005	188	182
4812020	Horseshoe Bay	2006	215	182
4812020	Horseshoe Bay	2007	181	182
4812020	Horseshoe Bay	2008	147	182
4812020	Horseshoe Bay	2009	110	182
4812020	Horseshoe Bay	2010	71	182
4812020	Horseshoe Bay	2011	38	182
4812020	Horseshoe Bay	2012	40	182
4812020	Horseshoe Bay	2013	42	182
4812020	Horseshoe Bay	2014	45	182
4812020	Horseshoe Bay	2015	48	182
4812020	Horseshoe Bay	2016	50	182
4812020	Horseshoe Bay	2017	46	182
4812020	Horseshoe Bay	2018	44	182
4812020	Horseshoe Bay	2019	47	182
4812020	Horseshoe Bay	2020	51	182
4812020	Horseshoe Bay	2021	84	182
4812020	Horseshoe Bay	2022	85	182
4812020	Horseshoe Bay	2023	81	182
4812020	Horseshoe Bay	2024	85	182
4812020	Horseshoe Bay	2025	82	182
4812022	Smoky Lake County	2001	4487	182
4812022	Smoky Lake County	2002	4292	182
4812022	Smoky Lake County	2003	4107	182
4812022	Smoky Lake County	2004	3877	182
4812022	Smoky Lake County	2005	3668	182
4812022	Smoky Lake County	2006	3455	182
4812022	Smoky Lake County	2007	3572	182
4812022	Smoky Lake County	2008	3702	182
4812022	Smoky Lake County	2009	3799	182
4812022	Smoky Lake County	2010	3896	182
4812022	Smoky Lake County	2011	4003	182
4812022	Smoky Lake County	2012	4112	182
4812022	Smoky Lake County	2013	4165	182
4812022	Smoky Lake County	2014	4212	182
4812022	Smoky Lake County	2015	4169	182
4812022	Smoky Lake County	2016	4196	182
4812022	Smoky Lake County	2017	4152	182
4812022	Smoky Lake County	2018	4144	182
4812022	Smoky Lake County	2019	4175	182
4812022	Smoky Lake County	2020	4195	182
4812022	Smoky Lake County	2021	3983	182
4812022	Smoky Lake County	2022	3981	182
4812022	Smoky Lake County	2023	3952	182
4812022	Smoky Lake County	2024	3979	182
4812022	Smoky Lake County	2025	4043	182
4812024	Vilna	2001	273	182
4812024	Vilna	2002	268	182
4812024	Vilna	2003	270	182
4812024	Vilna	2004	270	182
4812024	Vilna	2005	275	182
4812024	Vilna	2006	278	182
4812024	Vilna	2007	274	182
4812024	Vilna	2008	271	182
4812024	Vilna	2009	264	182
4812024	Vilna	2010	258	182
4812024	Vilna	2011	255	182
4812024	Vilna	2012	263	182
4812024	Vilna	2013	274	182
4812024	Vilna	2014	286	182
4812024	Vilna	2015	291	182
4812024	Vilna	2016	295	182
4812024	Vilna	2017	239	182
4812024	Vilna	2018	229	182
4812024	Vilna	2019	240	182
4812024	Vilna	2020	239	182
4812024	Vilna	2021	274	182
4812024	Vilna	2022	275	182
4812024	Vilna	2023	274	182
4812024	Vilna	2024	272	182
4812024	Vilna	2025	269	182
4812026	Waskatenau	2001	257	182
4812026	Waskatenau	2002	261	182
4812026	Waskatenau	2003	267	182
4812026	Waskatenau	2004	273	182
4812026	Waskatenau	2005	279	182
4812026	Waskatenau	2006	284	182
4812026	Waskatenau	2007	279	182
4812026	Waskatenau	2008	276	182
4812026	Waskatenau	2009	269	182
4812026	Waskatenau	2010	263	182
4812026	Waskatenau	2011	260	182
4812026	Waskatenau	2012	250	182
4812026	Waskatenau	2013	242	182
4812026	Waskatenau	2014	224	182
4812026	Waskatenau	2015	208	182
4812026	Waskatenau	2016	191	182
4812026	Waskatenau	2017	177	182
4812026	Waskatenau	2018	169	182
4812026	Waskatenau	2019	170	182
4812026	Waskatenau	2020	184	182
4812026	Waskatenau	2021	256	182
4812026	Waskatenau	2022	272	182
4812026	Waskatenau	2023	289	182
4812026	Waskatenau	2024	307	182
4812026	Waskatenau	2025	324	182
4812029	Smoky Lake	2001	1026	182
4812029	Smoky Lake	2002	1023	182
4812029	Smoky Lake	2003	1014	182
4812029	Smoky Lake	2004	1015	182
4812029	Smoky Lake	2005	1016	182
4812029	Smoky Lake	2006	1042	182
4812029	Smoky Lake	2007	1059	182
4812029	Smoky Lake	2008	1041	182
4812029	Smoky Lake	2009	1012	182
4812029	Smoky Lake	2010	1047	182
4812029	Smoky Lake	2011	1043	182
4812029	Smoky Lake	2012	999	182
4812029	Smoky Lake	2013	972	182
4812029	Smoky Lake	2014	961	182
4812029	Smoky Lake	2015	975	182
4812029	Smoky Lake	2016	979	182
4812029	Smoky Lake	2017	919	182
4812029	Smoky Lake	2018	923	182
4812029	Smoky Lake	2019	916	182
4812029	Smoky Lake	2020	924	182
4812029	Smoky Lake	2021	1052	182
4812029	Smoky Lake	2022	1074	182
4812029	Smoky Lake	2023	1086	182
4812029	Smoky Lake	2024	1149	182
4812029	Smoky Lake	2025	1159	182
4812037	Lac la Biche County	2001	8291	182
4812037	Lac la Biche County	2002	8490	182
4812037	Lac la Biche County	2003	8704	182
4812037	Lac la Biche County	2004	8892	182
4812037	Lac la Biche County	2005	9163	182
4812037	Lac la Biche County	2006	9377	182
4812037	Lac la Biche County	2007	9311	182
4812037	Lac la Biche County	2008	9221	182
4812037	Lac la Biche County	2009	9021	182
4812037	Lac la Biche County	2010	8860	182
4812037	Lac la Biche County	2011	8668	182
4812037	Lac la Biche County	2012	8665	182
4812037	Lac la Biche County	2013	8724	182
4812037	Lac la Biche County	2014	8786	182
4812037	Lac la Biche County	2015	8683	182
4812037	Lac la Biche County	2016	8526	182
4812037	Lac la Biche County	2017	8576	182
4812037	Lac la Biche County	2018	8536	182
4812037	Lac la Biche County	2019	8603	182
4812037	Lac la Biche County	2020	8563	182
4812037	Lac la Biche County	2021	8365	182
4812037	Lac la Biche County	2022	8309	182
4812037	Lac la Biche County	2023	8302	182
4812037	Lac la Biche County	2024	8484	182
4812037	Lac la Biche County	2025	8580	182
4812038	Improvement District No. 349	2001	0	182
4812038	Improvement District No. 349	2002	0	182
4812038	Improvement District No. 349	2003	0	182
4812038	Improvement District No. 349	2004	0	182
4812038	Improvement District No. 349	2005	0	182
4812038	Improvement District No. 349	2006	0	182
4812038	Improvement District No. 349	2007	0	182
4812038	Improvement District No. 349	2008	0	182
4812038	Improvement District No. 349	2009	0	182
4812038	Improvement District No. 349	2010	0	182
4812038	Improvement District No. 349	2011	0	182
4812038	Improvement District No. 349	2012	0	182
4812038	Improvement District No. 349	2013	0	182
4812038	Improvement District No. 349	2014	0	182
4812038	Improvement District No. 349	2015	0	182
4812038	Improvement District No. 349	2016	0	182
4812038	Improvement District No. 349	2017	0	182
4812038	Improvement District No. 349	2018	0	182
4812038	Improvement District No. 349	2019	0	182
4812038	Improvement District No. 349	2020	1	182
4812038	Improvement District No. 349	2021	15	182
4812038	Improvement District No. 349	2022	15	182
4812038	Improvement District No. 349	2023	15	182
4812038	Improvement District No. 349	2024	15	182
4812038	Improvement District No. 349	2025	15	182
4812802	Unipouheos 121	2001	605	182
4812802	Unipouheos 121	2002	637	182
4812802	Unipouheos 121	2003	669	182
4812802	Unipouheos 121	2004	704	182
4812802	Unipouheos 121	2005	744	182
4812802	Unipouheos 121	2006	771	182
4812802	Unipouheos 121	2007	774	182
4812802	Unipouheos 121	2008	792	182
4812802	Unipouheos 121	2009	757	182
4812802	Unipouheos 121	2010	777	182
4812802	Unipouheos 121	2011	846	182
4812802	Unipouheos 121	2012	807	182
4812802	Unipouheos 121	2013	855	182
4812802	Unipouheos 121	2014	871	182
4812802	Unipouheos 121	2015	893	182
4812802	Unipouheos 121	2016	935	182
4812802	Unipouheos 121	2017	870	182
4812802	Unipouheos 121	2018	868	182
4812802	Unipouheos 121	2019	852	182
4812802	Unipouheos 121	2020	881	182
4812802	Unipouheos 121	2021	903	182
4812802	Unipouheos 121	2022	914	182
4812802	Unipouheos 121	2023	917	182
4812802	Unipouheos 121	2024	915	182
4812802	Unipouheos 121	2025	932	182
4812804	Puskiakiwenin 122	2001	443	182
4812804	Puskiakiwenin 122	2002	436	182
4812804	Puskiakiwenin 122	2003	431	182
4812804	Puskiakiwenin 122	2004	427	182
4812804	Puskiakiwenin 122	2005	427	182
4812804	Puskiakiwenin 122	2006	424	182
4812804	Puskiakiwenin 122	2007	446	182
4812804	Puskiakiwenin 122	2008	467	182
4812804	Puskiakiwenin 122	2009	480	182
4812804	Puskiakiwenin 122	2010	486	182
4812804	Puskiakiwenin 122	2011	503	182
4812804	Puskiakiwenin 122	2012	498	182
4812804	Puskiakiwenin 122	2013	502	182
4812804	Puskiakiwenin 122	2014	509	182
4812804	Puskiakiwenin 122	2015	505	182
4812804	Puskiakiwenin 122	2016	555	182
4812804	Puskiakiwenin 122	2017	526	182
4812804	Puskiakiwenin 122	2018	532	182
4812804	Puskiakiwenin 122	2019	538	182
4812804	Puskiakiwenin 122	2020	535	182
4812804	Puskiakiwenin 122	2021	583	182
4812804	Puskiakiwenin 122	2022	582	182
4812804	Puskiakiwenin 122	2023	593	182
4812804	Puskiakiwenin 122	2024	597	182
4812804	Puskiakiwenin 122	2025	599	182
4812806	Saddle Lake 125	2001	2996	182
4812806	Saddle Lake 125	2002	3182	182
4812806	Saddle Lake 125	2003	3389	182
4812806	Saddle Lake 125	2004	3594	182
4812806	Saddle Lake 125	2005	3858	182
4812806	Saddle Lake 125	2006	4126	182
4812806	Saddle Lake 125	2007	4146	182
4812806	Saddle Lake 125	2008	4175	182
4812806	Saddle Lake 125	2009	4155	182
4812806	Saddle Lake 125	2010	4120	182
4812806	Saddle Lake 125	2011	4098	182
4812806	Saddle Lake 125	2012	4109	182
4812806	Saddle Lake 125	2013	4146	182
4812806	Saddle Lake 125	2014	4181	182
4812806	Saddle Lake 125	2015	4127	182
4812806	Saddle Lake 125	2016	4042	182
4812806	Saddle Lake 125	2017	4055	182
4812806	Saddle Lake 125	2018	4075	182
4812806	Saddle Lake 125	2019	4079	182
4812806	Saddle Lake 125	2020	4114	182
4812806	Saddle Lake 125	2021	3912	182
4812806	Saddle Lake 125	2022	3903	182
4812806	Saddle Lake 125	2023	3862	182
4812806	Saddle Lake 125	2024	3879	182
4812806	Saddle Lake 125	2025	3871	182
4812808	White Fish Lake 128	2001	1205	182
4812808	White Fish Lake 128	2002	1223	182
4812808	White Fish Lake 128	2003	1243	182
4812808	White Fish Lake 128	2004	1256	182
4812808	White Fish Lake 128	2005	1277	182
4812808	White Fish Lake 128	2006	1273	182
4812808	White Fish Lake 128	2007	1273	182
4812808	White Fish Lake 128	2008	1233	182
4812808	White Fish Lake 128	2009	1230	182
4812808	White Fish Lake 128	2010	1218	182
4812808	White Fish Lake 128	2011	1234	182
4812808	White Fish Lake 128	2012	1263	182
4812808	White Fish Lake 128	2013	1342	182
4812808	White Fish Lake 128	2014	1310	182
4812808	White Fish Lake 128	2015	1344	182
4812808	White Fish Lake 128	2016	1352	182
4812808	White Fish Lake 128	2017	1262	182
4812808	White Fish Lake 128	2018	1238	182
4812808	White Fish Lake 128	2019	1266	182
4812808	White Fish Lake 128	2020	1276	182
4812808	White Fish Lake 128	2021	1130	182
4812808	White Fish Lake 128	2022	1125	182
4812808	White Fish Lake 128	2023	1115	182
4812808	White Fish Lake 128	2024	1118	182
4812808	White Fish Lake 128	2025	1122	182
4812810	Cold Lake 149	2001	448	182
4812810	Cold Lake 149	2002	446	182
4812810	Cold Lake 149	2003	444	182
4812810	Cold Lake 149	2004	442	182
4812810	Cold Lake 149	2005	445	182
4812810	Cold Lake 149	2006	457	182
4812810	Cold Lake 149	2007	487	182
4812810	Cold Lake 149	2008	521	182
4812810	Cold Lake 149	2009	553	182
4812810	Cold Lake 149	2010	585	182
4812810	Cold Lake 149	2011	618	182
4812810	Cold Lake 149	2012	633	182
4812810	Cold Lake 149	2013	652	182
4812810	Cold Lake 149	2014	671	182
4812810	Cold Lake 149	2015	680	182
4812810	Cold Lake 149	2016	689	182
4812810	Cold Lake 149	2017	639	182
4812810	Cold Lake 149	2018	642	182
4812810	Cold Lake 149	2019	653	182
4812810	Cold Lake 149	2020	660	182
4812810	Cold Lake 149	2021	687	182
4812810	Cold Lake 149	2022	687	182
4812810	Cold Lake 149	2023	682	182
4812810	Cold Lake 149	2024	687	182
4812810	Cold Lake 149	2025	688	182
4812811	Kehewin 123	2001	1016	182
4812811	Kehewin 123	2002	1009	182
4812811	Kehewin 123	2003	1008	182
4812811	Kehewin 123	2004	1004	182
4812811	Kehewin 123	2005	1034	182
4812811	Kehewin 123	2006	1045	182
4812811	Kehewin 123	2007	1064	182
4812811	Kehewin 123	2008	1086	182
4812811	Kehewin 123	2009	1094	182
4812811	Kehewin 123	2010	1095	182
4812811	Kehewin 123	2011	1101	182
4812811	Kehewin 123	2012	1095	182
4812811	Kehewin 123	2013	1096	182
4812811	Kehewin 123	2014	1093	182
4812811	Kehewin 123	2015	1057	182
4812811	Kehewin 123	2016	994	182
4812811	Kehewin 123	2017	969	182
4812811	Kehewin 123	2018	950	182
4812811	Kehewin 123	2019	966	182
4812811	Kehewin 123	2020	985	182
4812811	Kehewin 123	2021	1065	182
4812811	Kehewin 123	2022	1055	182
4812811	Kehewin 123	2023	1050	182
4812811	Kehewin 123	2024	1056	182
4812811	Kehewin 123	2025	1064	182
4812813	Cold Lake 149A	2001	41	182
4812813	Cold Lake 149A	2002	44	182
4812813	Cold Lake 149A	2003	46	182
4812813	Cold Lake 149A	2004	48	182
4812813	Cold Lake 149A	2005	49	182
4812813	Cold Lake 149A	2006	50	182
4812813	Cold Lake 149A	2007	49	182
4812813	Cold Lake 149A	2008	49	182
4812813	Cold Lake 149A	2009	48	182
4812813	Cold Lake 149A	2010	46	182
4812813	Cold Lake 149A	2011	46	182
4812813	Cold Lake 149A	2012	45	182
4812813	Cold Lake 149A	2013	44	182
4812813	Cold Lake 149A	2014	44	182
4812813	Cold Lake 149A	2015	43	182
4812813	Cold Lake 149A	2016	41	182
4812813	Cold Lake 149A	2017	39	182
4812813	Cold Lake 149A	2018	37	182
4812813	Cold Lake 149A	2019	38	182
4812813	Cold Lake 149A	2020	40	182
4812813	Cold Lake 149A	2021	70	182
4812813	Cold Lake 149A	2022	70	182
4812813	Cold Lake 149A	2023	70	182
4812813	Cold Lake 149A	2024	70	182
4812813	Cold Lake 149A	2025	70	182
4812815	Cold Lake 149B	2001	113	182
4812815	Cold Lake 149B	2002	111	182
4812815	Cold Lake 149B	2003	110	182
4812815	Cold Lake 149B	2004	108	182
4812815	Cold Lake 149B	2005	107	182
4812815	Cold Lake 149B	2006	110	182
4812815	Cold Lake 149B	2007	119	182
4812815	Cold Lake 149B	2008	130	182
4812815	Cold Lake 149B	2009	138	182
4812815	Cold Lake 149B	2010	148	182
4812815	Cold Lake 149B	2011	155	182
4812815	Cold Lake 149B	2012	159	182
4812815	Cold Lake 149B	2013	163	182
4812815	Cold Lake 149B	2014	168	182
4812815	Cold Lake 149B	2015	168	182
4812815	Cold Lake 149B	2016	167	182
4812815	Cold Lake 149B	2017	145	182
4812815	Cold Lake 149B	2018	142	182
4812815	Cold Lake 149B	2019	141	182
4812815	Cold Lake 149B	2020	143	182
4812815	Cold Lake 149B	2021	186	182
4812815	Cold Lake 149B	2022	187	182
4812815	Cold Lake 149B	2023	185	182
4812815	Cold Lake 149B	2024	185	182
4812815	Cold Lake 149B	2025	185	182
4812828	Beaver Lake 131	2001	400	182
4812828	Beaver Lake 131	2002	398	182
4812828	Beaver Lake 131	2003	400	182
4812828	Beaver Lake 131	2004	399	182
4812828	Beaver Lake 131	2005	398	182
4812828	Beaver Lake 131	2006	395	182
4812828	Beaver Lake 131	2007	405	182
4812828	Beaver Lake 131	2008	417	182
4812828	Beaver Lake 131	2009	425	182
4812828	Beaver Lake 131	2010	429	182
4812828	Beaver Lake 131	2011	438	182
4812828	Beaver Lake 131	2012	437	182
4812828	Beaver Lake 131	2013	439	182
4812828	Beaver Lake 131	2014	443	182
4812828	Beaver Lake 131	2015	438	182
4812828	Beaver Lake 131	2016	427	182
4812828	Beaver Lake 131	2017	387	182
4812828	Beaver Lake 131	2018	387	182
4812828	Beaver Lake 131	2019	390	182
4812828	Beaver Lake 131	2020	392	182
4812828	Beaver Lake 131	2021	416	182
4812828	Beaver Lake 131	2022	409	182
4812828	Beaver Lake 131	2023	404	182
4812828	Beaver Lake 131	2024	405	182
4812828	Beaver Lake 131	2025	409	182
4812840	Heart Lake 167	2001	129	182
4812840	Heart Lake 167	2002	138	182
4812840	Heart Lake 167	2003	148	182
4812840	Heart Lake 167	2004	155	182
4812840	Heart Lake 167	2005	164	182
4812840	Heart Lake 167	2006	171	182
4812840	Heart Lake 167	2007	170	182
4812840	Heart Lake 167	2008	169	182
4812840	Heart Lake 167	2009	167	182
4812840	Heart Lake 167	2010	165	182
4812840	Heart Lake 167	2011	165	182
4812840	Heart Lake 167	2012	169	182
4812840	Heart Lake 167	2013	175	182
4812840	Heart Lake 167	2014	182	182
4812840	Heart Lake 167	2015	187	182
4812840	Heart Lake 167	2016	190	182
4812840	Heart Lake 167	2017	171	182
4812840	Heart Lake 167	2018	170	182
4812840	Heart Lake 167	2019	169	182
4812840	Heart Lake 167	2020	168	182
4812840	Heart Lake 167	2021	219	182
4812840	Heart Lake 167	2022	218	182
4812840	Heart Lake 167	2023	217	182
4812840	Heart Lake 167	2024	216	182
4812840	Heart Lake 167	2025	218	182
4813001	Lac Ste. Anne County	2001	9585	182
4813001	Lac Ste. Anne County	2002	9751	182
4813001	Lac Ste. Anne County	2003	9910	182
4813001	Lac Ste. Anne County	2004	9899	182
4813001	Lac Ste. Anne County	2005	10020	182
4813001	Lac Ste. Anne County	2006	10199	182
4813001	Lac Ste. Anne County	2007	10362	182
4813001	Lac Ste. Anne County	2008	10527	182
4813001	Lac Ste. Anne County	2009	10494	182
4813001	Lac Ste. Anne County	2010	10620	182
4813001	Lac Ste. Anne County	2011	10560	182
4813001	Lac Ste. Anne County	2012	10775	182
4813001	Lac Ste. Anne County	2013	10993	182
4813001	Lac Ste. Anne County	2014	10896	182
4813001	Lac Ste. Anne County	2015	11028	182
4813001	Lac Ste. Anne County	2016	11062	182
4813001	Lac Ste. Anne County	2017	11373	182
4813001	Lac Ste. Anne County	2018	11491	182
4813001	Lac Ste. Anne County	2019	11445	182
4813001	Lac Ste. Anne County	2020	11387	182
4813001	Lac Ste. Anne County	2021	11629	182
4813001	Lac Ste. Anne County	2022	11882	182
4813001	Lac Ste. Anne County	2023	12090	182
4813001	Lac Ste. Anne County	2024	12486	182
4813001	Lac Ste. Anne County	2025	12639	182
4813002	Mayerthorpe	2001	1604	182
4813002	Mayerthorpe	2002	1583	182
4813002	Mayerthorpe	2003	1567	182
4813002	Mayerthorpe	2004	1539	182
4813002	Mayerthorpe	2005	1530	182
4813002	Mayerthorpe	2006	1516	182
4813002	Mayerthorpe	2007	1526	182
4813002	Mayerthorpe	2008	1517	182
4813002	Mayerthorpe	2009	1499	182
4813002	Mayerthorpe	2010	1475	182
4813002	Mayerthorpe	2011	1435	182
4813002	Mayerthorpe	2012	1416	182
4813002	Mayerthorpe	2013	1404	182
4813002	Mayerthorpe	2014	1385	182
4813002	Mayerthorpe	2015	1360	182
4813002	Mayerthorpe	2016	1347	182
4813002	Mayerthorpe	2017	1254	182
4813002	Mayerthorpe	2018	1255	182
4813002	Mayerthorpe	2019	1233	182
4813002	Mayerthorpe	2020	1212	182
4813002	Mayerthorpe	2021	1379	182
4813002	Mayerthorpe	2022	1355	182
4813002	Mayerthorpe	2023	1356	182
4813002	Mayerthorpe	2024	1383	182
4813002	Mayerthorpe	2025	1413	182
4813003	Nakamun Park	2001	35	182
4813003	Nakamun Park	2002	46	182
4813003	Nakamun Park	2003	57	182
4813003	Nakamun Park	2004	68	182
4813003	Nakamun Park	2005	80	182
4813003	Nakamun Park	2006	87	182
4813003	Nakamun Park	2007	79	182
4813003	Nakamun Park	2008	69	182
4813003	Nakamun Park	2009	59	182
4813003	Nakamun Park	2010	48	182
4813003	Nakamun Park	2011	39	182
4813003	Nakamun Park	2012	50	182
4813003	Nakamun Park	2013	62	182
4813003	Nakamun Park	2014	73	182
4813003	Nakamun Park	2015	85	182
4813003	Nakamun Park	2016	97	182
4813003	Nakamun Park	2017	84	182
4813003	Nakamun Park	2018	85	182
4813003	Nakamun Park	2019	84	182
4813003	Nakamun Park	2020	82	182
4813003	Nakamun Park	2021	79	182
4813003	Nakamun Park	2022	78	182
4813003	Nakamun Park	2023	79	182
4813003	Nakamun Park	2024	80	182
4813003	Nakamun Park	2025	80	182
4813005	Val Quentin	2001	146	182
4813005	Val Quentin	2002	153	182
4813005	Val Quentin	2003	160	182
4813005	Val Quentin	2004	166	182
4813005	Val Quentin	2005	173	182
4813005	Val Quentin	2006	185	182
4813005	Val Quentin	2007	183	182
4813005	Val Quentin	2008	181	182
4813005	Val Quentin	2009	175	182
4813005	Val Quentin	2010	169	182
4813005	Val Quentin	2011	162	182
4813005	Val Quentin	2012	182	182
4813005	Val Quentin	2013	200	182
4813005	Val Quentin	2014	220	182
4813005	Val Quentin	2015	238	182
4813005	Val Quentin	2016	256	182
4813005	Val Quentin	2017	211	182
4813005	Val Quentin	2018	215	182
4813005	Val Quentin	2019	215	182
4813005	Val Quentin	2020	213	182
4813005	Val Quentin	2021	161	182
4813005	Val Quentin	2022	164	182
4813005	Val Quentin	2023	166	182
4813005	Val Quentin	2024	170	182
4813005	Val Quentin	2025	169	182
4813006	West Cove	2001	109	182
4813006	West Cove	2002	120	182
4813006	West Cove	2003	134	182
4813006	West Cove	2004	147	182
4813006	West Cove	2005	160	182
4813006	West Cove	2006	171	182
4813006	West Cove	2007	165	182
4813006	West Cove	2008	155	182
4813006	West Cove	2009	144	182
4813006	West Cove	2010	133	182
4813006	West Cove	2011	124	182
4813006	West Cove	2012	130	182
4813006	West Cove	2013	135	182
4813006	West Cove	2014	141	182
4813006	West Cove	2015	147	182
4813006	West Cove	2016	152	182
4813006	West Cove	2017	146	182
4813006	West Cove	2018	152	182
4813006	West Cove	2019	150	182
4813006	West Cove	2020	165	182
4813006	West Cove	2021	228	182
4813006	West Cove	2022	240	182
4813006	West Cove	2023	259	182
4813006	West Cove	2024	280	182
4813006	West Cove	2025	307	182
4813007	Yellowstone	2001	100	182
4813007	Yellowstone	2002	115	182
4813007	Yellowstone	2003	130	182
4813007	Yellowstone	2004	144	182
4813007	Yellowstone	2005	159	182
4813007	Yellowstone	2006	172	182
4813007	Yellowstone	2007	166	182
4813007	Yellowstone	2008	157	182
4813007	Yellowstone	2009	148	182
4813007	Yellowstone	2010	138	182
4813007	Yellowstone	2011	126	182
4813007	Yellowstone	2012	129	182
4813007	Yellowstone	2013	132	182
4813007	Yellowstone	2014	135	182
4813007	Yellowstone	2015	137	182
4813007	Yellowstone	2016	140	182
4813007	Yellowstone	2017	123	182
4813007	Yellowstone	2018	106	182
4813007	Yellowstone	2019	102	182
4813007	Yellowstone	2020	98	182
4813007	Yellowstone	2021	121	182
4813007	Yellowstone	2022	119	182
4813007	Yellowstone	2023	117	182
4813007	Yellowstone	2024	115	182
4813007	Yellowstone	2025	117	182
4813008	Ross Haven	2001	113	182
4813008	Ross Haven	2002	131	182
4813008	Ross Haven	2003	148	182
4813008	Ross Haven	2004	164	182
4813008	Ross Haven	2005	181	182
4813008	Ross Haven	2006	201	182
4813008	Ross Haven	2007	194	182
4813008	Ross Haven	2008	183	182
4813008	Ross Haven	2009	172	182
4813008	Ross Haven	2010	156	182
4813008	Ross Haven	2011	141	182
4813008	Ross Haven	2012	146	182
4813008	Ross Haven	2013	151	182
4813008	Ross Haven	2014	156	182
4813008	Ross Haven	2015	160	182
4813008	Ross Haven	2016	163	182
4813008	Ross Haven	2017	139	182
4813008	Ross Haven	2018	133	182
4813008	Ross Haven	2019	136	182
4813008	Ross Haven	2020	127	182
4813008	Ross Haven	2021	129	182
4813008	Ross Haven	2022	126	182
4813008	Ross Haven	2023	123	182
4813008	Ross Haven	2024	120	182
4813008	Ross Haven	2025	120	182
4813009	Castle Island	2001	12	182
4813009	Castle Island	2002	15	182
4813009	Castle Island	2003	16	182
4813009	Castle Island	2004	18	182
4813009	Castle Island	2005	20	182
4813009	Castle Island	2006	22	182
4813009	Castle Island	2007	21	182
4813009	Castle Island	2008	21	182
4813009	Castle Island	2009	20	182
4813009	Castle Island	2010	20	182
4813009	Castle Island	2011	19	182
4813009	Castle Island	2012	17	182
4813009	Castle Island	2013	15	182
4813009	Castle Island	2014	13	182
4813009	Castle Island	2015	12	182
4813009	Castle Island	2016	10	182
4813009	Castle Island	2017	7	182
4813009	Castle Island	2018	8	182
4813009	Castle Island	2019	7	182
4813009	Castle Island	2020	8	182
4813009	Castle Island	2021	15	182
4813009	Castle Island	2022	15	182
4813009	Castle Island	2023	15	182
4813009	Castle Island	2024	17	182
4813009	Castle Island	2025	17	182
4813010	Silver Sands	2001	128	182
4813010	Silver Sands	2002	136	182
4813010	Silver Sands	2003	147	182
4813010	Silver Sands	2004	157	182
4813010	Silver Sands	2005	168	182
4813010	Silver Sands	2006	175	182
4813010	Silver Sands	2007	159	182
4813010	Silver Sands	2008	141	182
4813010	Silver Sands	2009	122	182
4813010	Silver Sands	2010	103	182
4813010	Silver Sands	2011	88	182
4813010	Silver Sands	2012	104	182
4813010	Silver Sands	2013	120	182
4813010	Silver Sands	2014	135	182
4813010	Silver Sands	2015	150	182
4813010	Silver Sands	2016	163	182
4813010	Silver Sands	2017	161	182
4813010	Silver Sands	2018	164	182
4813010	Silver Sands	2019	159	182
4813010	Silver Sands	2020	147	182
4813010	Silver Sands	2021	219	182
4813010	Silver Sands	2022	227	182
4813010	Silver Sands	2023	235	182
4813010	Silver Sands	2024	243	182
4813010	Silver Sands	2025	244	182
4813011	Sunset Point	2001	181	182
4813011	Sunset Point	2002	195	182
4813011	Sunset Point	2003	205	182
4813011	Sunset Point	2004	217	182
4813011	Sunset Point	2005	233	182
4813011	Sunset Point	2006	247	182
4813011	Sunset Point	2007	246	182
4813011	Sunset Point	2008	243	182
4813011	Sunset Point	2009	238	182
4813011	Sunset Point	2010	232	182
4813011	Sunset Point	2011	224	182
4813011	Sunset Point	2012	215	182
4813011	Sunset Point	2013	206	182
4813011	Sunset Point	2014	196	182
4813011	Sunset Point	2015	184	182
4813011	Sunset Point	2016	172	182
4813011	Sunset Point	2017	168	182
4813011	Sunset Point	2018	167	182
4813011	Sunset Point	2019	155	182
4813011	Sunset Point	2020	151	182
4813011	Sunset Point	2021	263	182
4813011	Sunset Point	2022	265	182
4813011	Sunset Point	2023	267	182
4813011	Sunset Point	2024	269	182
4813011	Sunset Point	2025	270	182
4813012	Alberta Beach	2001	780	182
4813012	Alberta Beach	2002	804	182
4813012	Alberta Beach	2003	840	182
4813012	Alberta Beach	2004	854	182
4813012	Alberta Beach	2005	884	182
4813012	Alberta Beach	2006	906	182
4813012	Alberta Beach	2007	921	182
4813012	Alberta Beach	2008	919	182
4813012	Alberta Beach	2009	902	182
4813012	Alberta Beach	2010	836	182
4813012	Alberta Beach	2011	889	182
4813012	Alberta Beach	2012	915	182
4813012	Alberta Beach	2013	946	182
4813012	Alberta Beach	2014	975	182
4813012	Alberta Beach	2015	1004	182
4813012	Alberta Beach	2016	1043	182
4813012	Alberta Beach	2017	956	182
4813012	Alberta Beach	2018	1008	182
4813012	Alberta Beach	2019	982	182
4813012	Alberta Beach	2020	966	182
4813012	Alberta Beach	2021	887	182
4813012	Alberta Beach	2022	880	182
4813012	Alberta Beach	2023	864	182
4813012	Alberta Beach	2024	850	182
4813012	Alberta Beach	2025	815	182
4813013	Birch Cove	2001	49	182
4813013	Birch Cove	2002	47	182
4813013	Birch Cove	2003	45	182
4813013	Birch Cove	2004	42	182
4813013	Birch Cove	2005	41	182
4813013	Birch Cove	2006	39	182
4813013	Birch Cove	2007	41	182
4813013	Birch Cove	2008	42	182
4813013	Birch Cove	2009	43	182
4813013	Birch Cove	2010	45	182
4813013	Birch Cove	2011	46	182
4813013	Birch Cove	2012	46	182
4813013	Birch Cove	2013	45	182
4813013	Birch Cove	2014	45	182
4813013	Birch Cove	2015	46	182
4813013	Birch Cove	2016	45	182
4813013	Birch Cove	2017	42	182
4813013	Birch Cove	2018	39	182
4813013	Birch Cove	2019	42	182
4813013	Birch Cove	2020	42	182
4813013	Birch Cove	2021	68	182
4813013	Birch Cove	2022	68	182
4813013	Birch Cove	2023	70	182
4813013	Birch Cove	2024	69	182
4813013	Birch Cove	2025	68	182
4813014	Onoway	2001	868	182
4813014	Onoway	2002	883	182
4813014	Onoway	2003	895	182
4813014	Onoway	2004	892	182
4813014	Onoway	2005	893	182
4813014	Onoway	2006	903	182
4813014	Onoway	2007	954	182
4813014	Onoway	2008	1030	182
4813014	Onoway	2009	1061	182
4813014	Onoway	2010	1017	182
4813014	Onoway	2011	1076	182
4813014	Onoway	2012	1047	182
4813014	Onoway	2013	1123	182
4813014	Onoway	2014	1068	182
4813014	Onoway	2015	1088	182
4813014	Onoway	2016	1046	182
4813014	Onoway	2017	972	182
4813014	Onoway	2018	925	182
4813014	Onoway	2019	869	182
4813014	Onoway	2020	837	182
4813014	Onoway	2021	995	182
4813014	Onoway	2022	1020	182
4813014	Onoway	2023	998	182
4813014	Onoway	2024	992	182
4813014	Onoway	2025	957	182
4813015	South View	2001	87	182
4813015	South View	2002	93	182
4813015	South View	2003	100	182
4813015	South View	2004	105	182
4813015	South View	2005	111	182
4813015	South View	2006	116	182
4813015	South View	2007	101	182
4813015	South View	2008	86	182
4813015	South View	2009	68	182
4813015	South View	2010	52	182
4813015	South View	2011	37	182
4813015	South View	2012	43	182
4813015	South View	2013	50	182
4813015	South View	2014	56	182
4813015	South View	2015	63	182
4813015	South View	2016	68	182
4813015	South View	2017	64	182
4813015	South View	2018	65	182
4813015	South View	2019	66	182
4813015	South View	2020	65	182
4813015	South View	2021	73	182
4813015	South View	2022	71	182
4813015	South View	2023	72	182
4813015	South View	2024	74	182
4813015	South View	2025	74	182
4813016	Sandy Beach	2001	207	182
4813016	Sandy Beach	2002	216	182
4813016	Sandy Beach	2003	222	182
4813016	Sandy Beach	2004	230	182
4813016	Sandy Beach	2005	239	182
4813016	Sandy Beach	2006	247	182
4813016	Sandy Beach	2007	245	182
4813016	Sandy Beach	2008	242	182
4813016	Sandy Beach	2009	238	182
4813016	Sandy Beach	2010	233	182
4813016	Sandy Beach	2011	231	182
4813016	Sandy Beach	2012	241	182
4813016	Sandy Beach	2013	252	182
4813016	Sandy Beach	2014	263	182
4813016	Sandy Beach	2015	275	182
4813016	Sandy Beach	2016	284	182
4813016	Sandy Beach	2017	232	182
4813016	Sandy Beach	2018	234	182
4813016	Sandy Beach	2019	235	182
4813016	Sandy Beach	2020	226	182
4813016	Sandy Beach	2021	285	182
4813016	Sandy Beach	2022	284	182
4813016	Sandy Beach	2023	281	182
4813016	Sandy Beach	2024	287	182
4813016	Sandy Beach	2025	291	182
4813017	Sunrise Beach	2001	100	182
4813017	Sunrise Beach	2002	114	182
4813017	Sunrise Beach	2003	129	182
4813017	Sunrise Beach	2004	143	182
4813017	Sunrise Beach	2005	159	182
4813017	Sunrise Beach	2006	174	182
4813017	Sunrise Beach	2007	172	182
4813017	Sunrise Beach	2008	169	182
4813017	Sunrise Beach	2009	164	182
4813017	Sunrise Beach	2010	159	182
4813017	Sunrise Beach	2011	154	182
4813017	Sunrise Beach	2012	150	182
4813017	Sunrise Beach	2013	148	182
4813017	Sunrise Beach	2014	144	182
4813017	Sunrise Beach	2015	140	182
4813017	Sunrise Beach	2016	138	182
4813017	Sunrise Beach	2017	119	182
4813017	Sunrise Beach	2018	120	182
4813017	Sunrise Beach	2019	121	182
4813017	Sunrise Beach	2020	120	182
4813017	Sunrise Beach	2021	157	182
4813017	Sunrise Beach	2022	160	182
4813017	Sunrise Beach	2023	163	182
4813017	Sunrise Beach	2024	166	182
4813017	Sunrise Beach	2025	166	182
4813018	Barrhead County No. 11	2001	5897	182
4813018	Barrhead County No. 11	2002	5928	182
4813018	Barrhead County No. 11	2003	5973	182
4813018	Barrhead County No. 11	2004	5941	182
4813018	Barrhead County No. 11	2005	5948	182
4813018	Barrhead County No. 11	2006	6005	182
4813018	Barrhead County No. 11	2007	6183	182
4813018	Barrhead County No. 11	2008	6224	182
4813018	Barrhead County No. 11	2009	6236	182
4813018	Barrhead County No. 11	2010	6229	182
4813018	Barrhead County No. 11	2011	6270	182
4813018	Barrhead County No. 11	2012	6257	182
4813018	Barrhead County No. 11	2013	6290	182
4813018	Barrhead County No. 11	2014	6301	182
4813018	Barrhead County No. 11	2015	6308	182
4813018	Barrhead County No. 11	2016	6436	182
4813018	Barrhead County No. 11	2017	6390	182
4813018	Barrhead County No. 11	2018	6362	182
4813018	Barrhead County No. 11	2019	6350	182
4813018	Barrhead County No. 11	2020	6356	182
4813018	Barrhead County No. 11	2021	6047	182
4813018	Barrhead County No. 11	2022	6089	182
4813018	Barrhead County No. 11	2023	6055	182
4813018	Barrhead County No. 11	2024	6116	182
4813018	Barrhead County No. 11	2025	6186	182
4813019	Barrhead	2001	4295	182
4813019	Barrhead	2002	4273	182
4813019	Barrhead	2003	4291	182
4813019	Barrhead	2004	4256	182
4813019	Barrhead	2005	4255	182
4813019	Barrhead	2006	4334	182
4813019	Barrhead	2007	4419	182
4813019	Barrhead	2008	4462	182
4813019	Barrhead	2009	4695	182
4813019	Barrhead	2010	4602	182
4813019	Barrhead	2011	4544	182
4813019	Barrhead	2012	4502	182
4813019	Barrhead	2013	4552	182
4813019	Barrhead	2014	4642	182
4813019	Barrhead	2015	4686	182
4813019	Barrhead	2016	4663	182
4813019	Barrhead	2017	4632	182
4813019	Barrhead	2018	4651	182
4813019	Barrhead	2019	4663	182
4813019	Barrhead	2020	4627	182
4813019	Barrhead	2021	4437	182
4813019	Barrhead	2022	4503	182
4813019	Barrhead	2023	4542	182
4813019	Barrhead	2024	4624	182
4813019	Barrhead	2025	4768	182
4813028	Westlock County	2001	7008	182
4813028	Westlock County	2002	7007	182
4813028	Westlock County	2003	7042	182
4813028	Westlock County	2004	7008	182
4813028	Westlock County	2005	7005	182
4813028	Westlock County	2006	7116	182
4813028	Westlock County	2007	7376	182
4813028	Westlock County	2008	7561	182
4813028	Westlock County	2009	7698	182
4813028	Westlock County	2010	7815	182
4813028	Westlock County	2011	7826	182
4813028	Westlock County	2012	7739	182
4813028	Westlock County	2013	7592	182
4813028	Westlock County	2014	7390	182
4813028	Westlock County	2015	7384	182
4813028	Westlock County	2016	7370	182
4813028	Westlock County	2017	7461	182
4813028	Westlock County	2018	7432	182
4813028	Westlock County	2019	7366	182
4813028	Westlock County	2020	7304	182
4813028	Westlock County	2021	7385	182
4813028	Westlock County	2022	7427	182
4813028	Westlock County	2023	7390	182
4813028	Westlock County	2024	7478	182
4813028	Westlock County	2025	7556	182
4813029	Woodlands County	2001	3916	182
4813029	Woodlands County	2002	3998	182
4813029	Woodlands County	2003	4086	182
4813029	Woodlands County	2004	4122	182
4813029	Woodlands County	2005	4189	182
4813029	Woodlands County	2006	4293	182
4813029	Woodlands County	2007	4382	182
4813029	Woodlands County	2008	4421	182
4813029	Woodlands County	2009	4441	182
4813029	Woodlands County	2010	4454	182
4813029	Woodlands County	2011	4451	182
4813029	Woodlands County	2012	4541	182
4813029	Woodlands County	2013	4645	182
4813029	Woodlands County	2014	4735	182
4813029	Woodlands County	2015	4801	182
4813029	Woodlands County	2016	4861	182
4813029	Woodlands County	2017	4808	182
4813029	Woodlands County	2018	4819	182
4813029	Woodlands County	2019	4863	182
4813029	Woodlands County	2020	4842	182
4813029	Woodlands County	2021	4691	182
4813029	Woodlands County	2022	4694	182
4813029	Woodlands County	2023	4679	182
4813029	Woodlands County	2024	4714	182
4813029	Woodlands County	2025	4778	182
4813030	Whitecourt	2001	8624	182
4813030	Whitecourt	2002	8793	182
4813030	Whitecourt	2003	8952	182
4813030	Whitecourt	2004	8995	182
4813030	Whitecourt	2005	9140	182
4813030	Whitecourt	2006	9383	182
4813030	Whitecourt	2007	9678	182
4813030	Whitecourt	2008	9831	182
4813030	Whitecourt	2009	9947	182
4813030	Whitecourt	2010	9853	182
4813030	Whitecourt	2011	10021	182
4813030	Whitecourt	2012	10158	182
4813030	Whitecourt	2013	10308	182
4813030	Whitecourt	2014	10533	182
4813030	Whitecourt	2015	10561	182
4813030	Whitecourt	2016	10534	182
4813030	Whitecourt	2017	10597	182
4813030	Whitecourt	2018	10579	182
4813030	Whitecourt	2019	10439	182
4813030	Whitecourt	2020	10303	182
4813030	Whitecourt	2021	10308	182
4813030	Whitecourt	2022	10086	182
4813030	Whitecourt	2023	10190	182
4813030	Whitecourt	2024	10444	182
4813030	Whitecourt	2025	10711	182
4813031	Westlock	2001	4920	182
4813031	Westlock	2002	4952	182
4813031	Westlock	2003	4994	182
4813031	Westlock	2004	4995	182
4813031	Westlock	2005	5039	182
4813031	Westlock	2006	5118	182
4813031	Westlock	2007	5144	182
4813031	Westlock	2008	5111	182
4813031	Westlock	2009	5008	182
4813031	Westlock	2010	5049	182
4813031	Westlock	2011	4956	182
4813031	Westlock	2012	4989	182
4813031	Westlock	2013	5142	182
4813031	Westlock	2014	5240	182
4813031	Westlock	2015	5225	182
4813031	Westlock	2016	5189	182
4813031	Westlock	2017	5184	182
4813031	Westlock	2018	5135	182
4813031	Westlock	2019	5040	182
4813031	Westlock	2020	5015	182
4813031	Westlock	2021	5053	182
4813031	Westlock	2022	5024	182
4813031	Westlock	2023	5155	182
4813031	Westlock	2024	5291	182
4813031	Westlock	2025	5363	182
4813032	Clyde	2001	503	182
4813032	Clyde	2002	500	182
4813032	Clyde	2003	498	182
4813032	Clyde	2004	492	182
4813032	Clyde	2005	489	182
4813032	Clyde	2006	484	182
4813032	Clyde	2007	499	182
4813032	Clyde	2008	508	182
4813032	Clyde	2009	514	182
4813032	Clyde	2010	518	182
4813032	Clyde	2011	517	182
4813032	Clyde	2012	504	182
4813032	Clyde	2013	491	182
4813032	Clyde	2014	476	182
4813032	Clyde	2015	457	182
4813032	Clyde	2016	439	182
4813032	Clyde	2017	368	182
4813032	Clyde	2018	372	182
4813032	Clyde	2019	374	182
4813032	Clyde	2020	400	182
4813032	Clyde	2021	428	182
4813032	Clyde	2022	403	182
4813032	Clyde	2023	394	182
4813032	Clyde	2024	403	182
4813032	Clyde	2025	419	182
4813033	Larkspur	2001	20	182
4813033	Larkspur	2002	28	182
4813033	Larkspur	2003	35	182
4813033	Larkspur	2004	43	182
4813033	Larkspur	2005	50	182
4813033	Larkspur	2006	57	182
4813033	Larkspur	2007	54	182
4813033	Larkspur	2008	51	182
4813033	Larkspur	2009	47	182
4813033	Larkspur	2010	43	182
4813033	Larkspur	2011	39	182
4813033	Larkspur	2012	40	182
4813033	Larkspur	2013	42	182
4813033	Larkspur	2014	43	182
4813033	Larkspur	2015	44	182
4813033	Larkspur	2016	45	182
4813033	Larkspur	2017	41	182
4813033	Larkspur	2018	44	182
4813033	Larkspur	2019	43	182
4813033	Larkspur	2020	44	182
4813033	Larkspur	2021	54	182
4813033	Larkspur	2022	56	182
4813033	Larkspur	2023	54	182
4813033	Larkspur	2024	53	182
4813033	Larkspur	2025	53	182
4813036	Thorhild County	2001	3648	182
4813036	Thorhild County	2002	3640	182
4813036	Thorhild County	2003	3649	182
4813036	Thorhild County	2004	3611	182
4813036	Thorhild County	2005	3612	182
4813036	Thorhild County	2006	3632	182
4813036	Thorhild County	2007	3530	182
4813036	Thorhild County	2008	3511	182
4813036	Thorhild County	2009	3452	182
4813036	Thorhild County	2010	3506	182
4813036	Thorhild County	2011	3507	182
4813036	Thorhild County	2012	3416	182
4813036	Thorhild County	2013	3327	182
4813036	Thorhild County	2014	3415	182
4813036	Thorhild County	2015	3312	182
4813036	Thorhild County	2016	3314	182
4813036	Thorhild County	2017	3275	182
4813036	Thorhild County	2018	3201	182
4813036	Thorhild County	2019	3209	182
4813036	Thorhild County	2020	3177	182
4813036	Thorhild County	2021	3128	182
4813036	Thorhild County	2022	3089	182
4813036	Thorhild County	2023	3112	182
4813036	Thorhild County	2024	3086	182
4813036	Thorhild County	2025	3147	182
4813044	Athabasca County	2001	7668	182
4813044	Athabasca County	2002	7714	182
4813044	Athabasca County	2003	7771	182
4813044	Athabasca County	2004	7739	182
4813044	Athabasca County	2005	7737	182
4813044	Athabasca County	2006	7787	182
4813044	Athabasca County	2007	7864	182
4813044	Athabasca County	2008	7953	182
4813044	Athabasca County	2009	7930	182
4813044	Athabasca County	2010	7900	182
4813044	Athabasca County	2011	7887	182
4813044	Athabasca County	2012	7932	182
4813044	Athabasca County	2013	8003	182
4813044	Athabasca County	2014	8019	182
4813044	Athabasca County	2015	8041	182
4813044	Athabasca County	2016	8048	182
4813044	Athabasca County	2017	7935	182
4813044	Athabasca County	2018	7872	182
4813044	Athabasca County	2019	7784	182
4813044	Athabasca County	2020	7732	182
4813044	Athabasca County	2021	7153	182
4813044	Athabasca County	2022	7098	182
4813044	Athabasca County	2023	7139	182
4813044	Athabasca County	2024	7195	182
4813044	Athabasca County	2025	7280	182
4813045	Mewatha Beach	2001	103	182
4813045	Mewatha Beach	2002	116	182
4813045	Mewatha Beach	2003	130	182
4813045	Mewatha Beach	2004	143	182
4813045	Mewatha Beach	2005	158	182
4813045	Mewatha Beach	2006	169	182
4813045	Mewatha Beach	2007	153	182
4813045	Mewatha Beach	2008	135	182
4813045	Mewatha Beach	2009	116	182
4813045	Mewatha Beach	2010	96	182
4813045	Mewatha Beach	2011	80	182
4813045	Mewatha Beach	2012	83	182
4813045	Mewatha Beach	2013	85	182
4813045	Mewatha Beach	2014	88	182
4813045	Mewatha Beach	2015	89	182
4813045	Mewatha Beach	2016	90	182
4813045	Mewatha Beach	2017	82	182
4813045	Mewatha Beach	2018	86	182
4813045	Mewatha Beach	2019	82	182
4813045	Mewatha Beach	2020	81	182
4813045	Mewatha Beach	2021	104	182
4813045	Mewatha Beach	2022	105	182
4813045	Mewatha Beach	2023	101	182
4813045	Mewatha Beach	2024	96	182
4813045	Mewatha Beach	2025	96	182
4813046	Boyle	2001	866	182
4813046	Boyle	2002	860	182
4813046	Boyle	2003	861	182
4813046	Boyle	2004	865	182
4813046	Boyle	2005	863	182
4813046	Boyle	2006	884	182
4813046	Boyle	2007	915	182
4813046	Boyle	2008	933	182
4813046	Boyle	2009	944	182
4813046	Boyle	2010	954	182
4813046	Boyle	2011	940	182
4813046	Boyle	2012	925	182
4813046	Boyle	2013	914	182
4813046	Boyle	2014	900	182
4813046	Boyle	2015	881	182
4813046	Boyle	2016	863	182
4813046	Boyle	2017	776	182
4813046	Boyle	2018	784	182
4813046	Boyle	2019	794	182
4813046	Boyle	2020	788	182
4813046	Boyle	2021	849	182
4813046	Boyle	2022	848	182
4813046	Boyle	2023	848	182
4813046	Boyle	2024	849	182
4813046	Boyle	2025	859	182
4813047	Sunset Beach	2001	53	182
4813047	Sunset Beach	2002	61	182
4813047	Sunset Beach	2003	68	182
4813047	Sunset Beach	2004	76	182
4813047	Sunset Beach	2005	81	182
4813047	Sunset Beach	2006	87	182
4813047	Sunset Beach	2007	81	182
4813047	Sunset Beach	2008	73	182
4813047	Sunset Beach	2009	64	182
4813047	Sunset Beach	2010	55	182
4813047	Sunset Beach	2011	45	182
4813047	Sunset Beach	2012	46	182
4813047	Sunset Beach	2013	46	182
4813047	Sunset Beach	2014	47	182
4813047	Sunset Beach	2015	47	182
4813047	Sunset Beach	2016	49	182
4813047	Sunset Beach	2017	42	182
4813047	Sunset Beach	2018	41	182
4813047	Sunset Beach	2019	43	182
4813047	Sunset Beach	2020	45	182
4813047	Sunset Beach	2021	56	182
4813047	Sunset Beach	2022	62	182
4813047	Sunset Beach	2023	65	182
4813047	Sunset Beach	2024	65	182
4813047	Sunset Beach	2025	64	182
4813048	Athabasca	2001	2482	182
4813048	Athabasca	2002	2518	182
4813048	Athabasca	2003	2560	182
4813048	Athabasca	2004	2574	182
4813048	Athabasca	2005	2603	182
4813048	Athabasca	2006	2673	182
4813048	Athabasca	2007	2806	182
4813048	Athabasca	2008	2838	182
4813048	Athabasca	2009	2962	182
4813048	Athabasca	2010	3025	182
4813048	Athabasca	2011	3089	182
4813048	Athabasca	2012	3124	182
4813048	Athabasca	2013	3177	182
4813048	Athabasca	2014	3149	182
4813048	Athabasca	2015	3064	182
4813048	Athabasca	2016	3028	182
4813048	Athabasca	2017	2905	182
4813048	Athabasca	2018	2886	182
4813048	Athabasca	2019	2893	182
4813048	Athabasca	2020	2845	182
4813048	Athabasca	2021	2842	182
4813048	Athabasca	2022	2828	182
4813048	Athabasca	2023	2900	182
4813048	Athabasca	2024	2910	182
4813048	Athabasca	2025	2887	182
4813049	Island Lake	2001	207	182
4813049	Island Lake	2002	236	182
4813049	Island Lake	2003	268	182
4813049	Island Lake	2004	297	182
4813049	Island Lake	2005	328	182
4813049	Island Lake	2006	359	182
4813049	Island Lake	2007	343	182
4813049	Island Lake	2008	325	182
4813049	Island Lake	2009	303	182
4813049	Island Lake	2010	277	182
4813049	Island Lake	2011	248	182
4813049	Island Lake	2012	244	182
4813049	Island Lake	2013	241	182
4813049	Island Lake	2014	237	182
4813049	Island Lake	2015	234	182
4813049	Island Lake	2016	232	182
4813049	Island Lake	2017	188	182
4813049	Island Lake	2018	185	182
4813049	Island Lake	2019	175	182
4813049	Island Lake	2020	174	182
4813049	Island Lake	2021	178	182
4813049	Island Lake	2022	171	182
4813049	Island Lake	2023	164	182
4813049	Island Lake	2024	163	182
4813049	Island Lake	2025	164	182
4813051	Island Lake South	2001	73	182
4813051	Island Lake South	2002	80	182
4813051	Island Lake South	2003	86	182
4813051	Island Lake South	2004	93	182
4813051	Island Lake South	2005	100	182
4813051	Island Lake South	2006	108	182
4813051	Island Lake South	2007	103	182
4813051	Island Lake South	2008	98	182
4813051	Island Lake South	2009	91	182
4813051	Island Lake South	2010	83	182
4813051	Island Lake South	2011	75	182
4813051	Island Lake South	2012	72	182
4813051	Island Lake South	2013	70	182
4813051	Island Lake South	2014	67	182
4813051	Island Lake South	2015	64	182
4813051	Island Lake South	2016	62	182
4813051	Island Lake South	2017	57	182
4813051	Island Lake South	2018	60	182
4813051	Island Lake South	2019	52	182
4813051	Island Lake South	2020	52	182
4813051	Island Lake South	2021	84	182
4813051	Island Lake South	2022	82	182
4813051	Island Lake South	2023	80	182
4813051	Island Lake South	2024	82	182
4813051	Island Lake South	2025	83	182
4813053	Bondiss	2001	106	182
4813053	Bondiss	2002	111	182
4813053	Bondiss	2003	117	182
4813053	Bondiss	2004	123	182
4813053	Bondiss	2005	128	182
4813053	Bondiss	2006	134	182
4813053	Bondiss	2007	130	182
4813053	Bondiss	2008	125	182
4813053	Bondiss	2009	119	182
4813053	Bondiss	2010	113	182
4813053	Bondiss	2011	107	182
4813053	Bondiss	2012	108	182
4813053	Bondiss	2013	109	182
4813053	Bondiss	2014	110	182
4813053	Bondiss	2015	110	182
4813053	Bondiss	2016	111	182
4813053	Bondiss	2017	97	182
4813053	Bondiss	2018	93	182
4813053	Bondiss	2019	92	182
4813053	Bondiss	2020	91	182
4813053	Bondiss	2021	126	182
4813053	Bondiss	2022	127	182
4813053	Bondiss	2023	134	182
4813053	Bondiss	2024	131	182
4813053	Bondiss	2025	126	182
4813055	South Baptiste	2001	46	182
4813055	South Baptiste	2002	52	182
4813055	South Baptiste	2003	57	182
4813055	South Baptiste	2004	61	182
4813055	South Baptiste	2005	66	182
4813055	South Baptiste	2006	70	182
4813055	South Baptiste	2007	67	182
4813055	South Baptiste	2008	64	182
4813055	South Baptiste	2009	60	182
4813055	South Baptiste	2010	57	182
4813055	South Baptiste	2011	53	182
4813055	South Baptiste	2012	56	182
4813055	South Baptiste	2013	59	182
4813055	South Baptiste	2014	62	182
4813055	South Baptiste	2015	65	182
4813055	South Baptiste	2016	67	182
4813055	South Baptiste	2017	59	182
4813055	South Baptiste	2018	60	182
4813055	South Baptiste	2019	57	182
4813055	South Baptiste	2020	55	182
4813055	South Baptiste	2021	71	182
4813055	South Baptiste	2022	77	182
4813055	South Baptiste	2023	83	182
4813055	South Baptiste	2024	87	182
4813055	South Baptiste	2025	85	182
4813057	West Baptiste	2001	47	182
4813057	West Baptiste	2002	58	182
4813057	West Baptiste	2003	70	182
4813057	West Baptiste	2004	81	182
4813057	West Baptiste	2005	94	182
4813057	West Baptiste	2006	104	182
4813057	West Baptiste	2007	95	182
4813057	West Baptiste	2008	85	182
4813057	West Baptiste	2009	75	182
4813057	West Baptiste	2010	63	182
4813057	West Baptiste	2011	53	182
4813057	West Baptiste	2012	50	182
4813057	West Baptiste	2013	48	182
4813057	West Baptiste	2014	45	182
4813057	West Baptiste	2015	42	182
4813057	West Baptiste	2016	38	182
4813057	West Baptiste	2017	34	182
4813057	West Baptiste	2018	33	182
4813057	West Baptiste	2019	30	182
4813057	West Baptiste	2020	35	182
4813057	West Baptiste	2021	47	182
4813057	West Baptiste	2022	45	182
4813057	West Baptiste	2023	45	182
4813057	West Baptiste	2024	48	182
4813057	West Baptiste	2025	48	182
4813061	Whispering Hills	2001	121	182
4813061	Whispering Hills	2002	125	182
4813061	Whispering Hills	2003	124	182
4813061	Whispering Hills	2004	125	182
4813061	Whispering Hills	2005	128	182
4813061	Whispering Hills	2006	128	182
4813061	Whispering Hills	2007	127	182
4813061	Whispering Hills	2008	123	182
4813061	Whispering Hills	2009	120	182
4813061	Whispering Hills	2010	117	182
4813061	Whispering Hills	2011	111	182
4813061	Whispering Hills	2012	118	182
4813061	Whispering Hills	2013	125	182
4813061	Whispering Hills	2014	131	182
4813061	Whispering Hills	2015	137	182
4813061	Whispering Hills	2016	145	182
4813061	Whispering Hills	2017	123	182
4813061	Whispering Hills	2018	130	182
4813061	Whispering Hills	2019	117	182
4813061	Whispering Hills	2020	117	182
4813061	Whispering Hills	2021	131	182
4813061	Whispering Hills	2022	131	182
4813061	Whispering Hills	2023	131	182
4813061	Whispering Hills	2024	131	182
4813061	Whispering Hills	2025	136	182
4813811	Alexis 133	2001	829	182
4813811	Alexis 133	2002	827	182
4813811	Alexis 133	2003	822	182
4813811	Alexis 133	2004	790	182
4813811	Alexis 133	2005	772	182
4813811	Alexis 133	2006	762	182
4813811	Alexis 133	2007	790	182
4813811	Alexis 133	2008	809	182
4813811	Alexis 133	2009	822	182
4813811	Alexis 133	2010	834	182
4813811	Alexis 133	2011	836	182
4813811	Alexis 133	2012	839	182
4813811	Alexis 133	2013	850	182
4813811	Alexis 133	2014	812	182
4813811	Alexis 133	2015	784	182
4813811	Alexis 133	2016	776	182
4813811	Alexis 133	2017	740	182
4813811	Alexis 133	2018	744	182
4813811	Alexis 133	2019	753	182
4813811	Alexis 133	2020	778	182
4813811	Alexis 133	2021	800	182
4813811	Alexis 133	2022	799	182
4813811	Alexis 133	2023	804	182
4813811	Alexis 133	2024	813	182
4813811	Alexis 133	2025	814	182
4813829	Alexander 134B	2016	5	182
4813829	Alexander 134B	2017	5	182
4813829	Alexander 134B	2018	4	182
4813829	Alexander 134B	2019	3	182
4813829	Alexander 134B	2020	2	182
4813829	Alexander 134B	2021	5	182
4813829	Alexander 134B	2022	5	182
4813829	Alexander 134B	2023	5	182
4813829	Alexander 134B	2024	5	182
4813829	Alexander 134B	2025	5	182
4813830	Alexis Whitecourt 232	2017	0	182
4813830	Alexis Whitecourt 232	2018	0	182
4813830	Alexis Whitecourt 232	2019	0	182
4813830	Alexis Whitecourt 232	2020	0	182
4813830	Alexis Whitecourt 232	2021	0	182
4813830	Alexis Whitecourt 232	2022	0	182
4813830	Alexis Whitecourt 232	2023	0	182
4813830	Alexis Whitecourt 232	2024	0	182
4813830	Alexis Whitecourt 232	2025	0	182
4814003	Yellowhead County	2001	10076	182
4814003	Yellowhead County	2002	10104	182
4814003	Yellowhead County	2003	10094	182
4814003	Yellowhead County	2004	10117	182
4814003	Yellowhead County	2005	10214	182
4814003	Yellowhead County	2006	10341	182
4814003	Yellowhead County	2007	10538	182
4814003	Yellowhead County	2008	10630	182
4814003	Yellowhead County	2009	10673	182
4814003	Yellowhead County	2010	10675	182
4814003	Yellowhead County	2011	10771	182
4814003	Yellowhead County	2012	11320	182
4814003	Yellowhead County	2013	11360	182
4814003	Yellowhead County	2014	11343	182
4814003	Yellowhead County	2015	11358	182
4814003	Yellowhead County	2016	11213	182
4814003	Yellowhead County	2017	11174	182
4814003	Yellowhead County	2018	11168	182
4814003	Yellowhead County	2019	11231	182
4814003	Yellowhead County	2020	11193	182
4814003	Yellowhead County	2021	10722	182
4814003	Yellowhead County	2022	10790	182
4814003	Yellowhead County	2023	10890	182
4814003	Yellowhead County	2024	10992	182
4814003	Yellowhead County	2025	10966	182
4814019	Hinton	2001	9635	182
4814019	Hinton	2002	9675	182
4814019	Hinton	2003	9687	182
4814019	Hinton	2004	9755	182
4814019	Hinton	2005	9906	182
4814019	Hinton	2006	10086	182
4814019	Hinton	2007	10076	182
4814019	Hinton	2008	10143	182
4814019	Hinton	2009	10130	182
4814019	Hinton	2010	10010	182
4814019	Hinton	2011	10011	182
4814019	Hinton	2012	9932	182
4814019	Hinton	2013	9995	182
4814019	Hinton	2014	10231	182
4814019	Hinton	2015	10151	182
4814019	Hinton	2016	10122	182
4814019	Hinton	2017	10096	182
4814019	Hinton	2018	10112	182
4814019	Hinton	2019	10224	182
4814019	Hinton	2020	10264	182
4814019	Hinton	2021	10170	182
4814019	Hinton	2022	9929	182
4814019	Hinton	2023	9905	182
4814019	Hinton	2024	10092	182
4814019	Hinton	2025	10124	182
4814024	Edson	2001	7775	182
4814024	Edson	2002	7844	182
4814024	Edson	2003	7898	182
4814024	Edson	2004	8008	182
4814024	Edson	2005	8205	182
4814024	Edson	2006	8415	182
4814024	Edson	2007	8573	182
4814024	Edson	2008	8680	182
4814024	Edson	2009	8797	182
4814024	Edson	2010	8753	182
4814024	Edson	2011	8802	182
4814024	Edson	2012	8708	182
4814024	Edson	2013	8727	182
4814024	Edson	2014	8806	182
4814024	Edson	2015	8729	182
4814024	Edson	2016	8615	182
4814024	Edson	2017	8596	182
4814024	Edson	2018	8451	182
4814024	Edson	2019	8402	182
4814024	Edson	2020	8253	182
4814024	Edson	2021	8655	182
4814024	Edson	2022	8399	182
4814024	Edson	2023	8508	182
4814024	Edson	2024	8640	182
4814024	Edson	2025	8692	182
4814028	Improvement District No. 25 Willmore Wilderness	2001	0	182
4814028	Improvement District No. 25 Willmore Wilderness	2002	0	182
4814028	Improvement District No. 25 Willmore Wilderness	2003	0	182
4814028	Improvement District No. 25 Willmore Wilderness	2004	0	182
4814028	Improvement District No. 25 Willmore Wilderness	2005	0	182
4814028	Improvement District No. 25 Willmore Wilderness	2006	0	182
4814028	Improvement District No. 25 Willmore Wilderness	2007	0	182
4814028	Improvement District No. 25 Willmore Wilderness	2008	0	182
4814028	Improvement District No. 25 Willmore Wilderness	2009	0	182
4814028	Improvement District No. 25 Willmore Wilderness	2010	0	182
4814028	Improvement District No. 25 Willmore Wilderness	2011	0	182
4814028	Improvement District No. 25 Willmore Wilderness	2012	0	182
4814028	Improvement District No. 25 Willmore Wilderness	2013	0	182
4814028	Improvement District No. 25 Willmore Wilderness	2014	0	182
4814028	Improvement District No. 25 Willmore Wilderness	2015	0	182
4814028	Improvement District No. 25 Willmore Wilderness	2016	0	182
4814028	Improvement District No. 25 Willmore Wilderness	2017	0	182
4814028	Improvement District No. 25 Willmore Wilderness	2018	0	182
4814028	Improvement District No. 25 Willmore Wilderness	2019	0	182
4814028	Improvement District No. 25 Willmore Wilderness	2020	0	182
4814028	Improvement District No. 25 Willmore Wilderness	2021	0	182
4814028	Improvement District No. 25 Willmore Wilderness	2022	0	182
4814028	Improvement District No. 25 Willmore Wilderness	2023	0	182
4814028	Improvement District No. 25 Willmore Wilderness	2024	0	182
4814028	Improvement District No. 25 Willmore Wilderness	2025	0	182
4815007	Crowsnest Pass	2001	6318	182
4815007	Crowsnest Pass	2002	6251	182
4815007	Crowsnest Pass	2003	6210	182
4815007	Crowsnest Pass	2004	6103	182
4815007	Crowsnest Pass	2005	5987	182
4815007	Crowsnest Pass	2006	5863	182
4815007	Crowsnest Pass	2007	5773	182
4815007	Crowsnest Pass	2008	5718	182
4815007	Crowsnest Pass	2009	5713	182
4815007	Crowsnest Pass	2010	5766	182
4815007	Crowsnest Pass	2011	5710	182
4815007	Crowsnest Pass	2012	5752	182
4815007	Crowsnest Pass	2013	5842	182
4815007	Crowsnest Pass	2014	5783	182
4815007	Crowsnest Pass	2015	5686	182
4815007	Crowsnest Pass	2016	5711	182
4815007	Crowsnest Pass	2017	5672	182
4815007	Crowsnest Pass	2018	5768	182
4815007	Crowsnest Pass	2019	5863	182
4815007	Crowsnest Pass	2020	5874	182
4815007	Crowsnest Pass	2021	5880	182
4815007	Crowsnest Pass	2022	5906	182
4815007	Crowsnest Pass	2023	6074	182
4815007	Crowsnest Pass	2024	6225	182
4815007	Crowsnest Pass	2025	6011	182
4815013	Kananaskis	2001	478	182
4815013	Kananaskis	2002	472	182
4815013	Kananaskis	2003	466	182
4815013	Kananaskis	2004	461	182
4815013	Kananaskis	2005	444	182
4815013	Kananaskis	2006	448	182
4815013	Kananaskis	2007	417	182
4815013	Kananaskis	2008	384	182
4815013	Kananaskis	2009	351	182
4815013	Kananaskis	2010	316	182
4815013	Kananaskis	2011	266	182
4815013	Kananaskis	2012	257	182
4815013	Kananaskis	2013	251	182
4815013	Kananaskis	2014	244	182
4815013	Kananaskis	2015	234	182
4815013	Kananaskis	2016	231	182
4815013	Kananaskis	2017	194	182
4815013	Kananaskis	2018	200	182
4815013	Kananaskis	2019	213	182
4815013	Kananaskis	2020	235	182
4815013	Kananaskis	2021	163	182
4815013	Kananaskis	2022	152	182
4815013	Kananaskis	2023	142	182
4815013	Kananaskis	2024	134	182
4815013	Kananaskis	2025	127	182
4815015	Bighorn No. 8	2001	1324	182
4815015	Bighorn No. 8	2002	1353	182
4815015	Bighorn No. 8	2003	1385	182
4815015	Bighorn No. 8	2004	1414	182
4815015	Bighorn No. 8	2005	1436	182
4815015	Bighorn No. 8	2006	1450	182
4815015	Bighorn No. 8	2007	1453	182
4815015	Bighorn No. 8	2008	1451	182
4815015	Bighorn No. 8	2009	1443	182
4815015	Bighorn No. 8	2010	1435	182
4815015	Bighorn No. 8	2011	1381	182
4815015	Bighorn No. 8	2012	1380	182
4815015	Bighorn No. 8	2013	1390	182
4815015	Bighorn No. 8	2014	1396	182
4815015	Bighorn No. 8	2015	1372	182
4815015	Bighorn No. 8	2016	1367	182
4815015	Bighorn No. 8	2017	1390	182
4815015	Bighorn No. 8	2018	1442	182
4815015	Bighorn No. 8	2019	1511	182
4815015	Bighorn No. 8	2020	1571	182
4815015	Bighorn No. 8	2021	1646	182
4815015	Bighorn No. 8	2022	1657	182
4815015	Bighorn No. 8	2023	1768	182
4815015	Bighorn No. 8	2024	1844	182
4815015	Bighorn No. 8	2025	1857	182
4815023	Canmore	2001	11089	182
4815023	Canmore	2002	11387	182
4815023	Canmore	2003	11692	182
4815023	Canmore	2004	11950	182
4815023	Canmore	2005	12173	182
4815023	Canmore	2006	12476	182
4815023	Canmore	2007	12777	182
4815023	Canmore	2008	12765	182
4815023	Canmore	2009	12694	182
4815023	Canmore	2010	12841	182
4815023	Canmore	2011	12796	182
4815023	Canmore	2012	13177	182
4815023	Canmore	2013	13604	182
4815023	Canmore	2014	14037	182
4815023	Canmore	2015	14193	182
4815023	Canmore	2016	14421	182
4815023	Canmore	2017	15073	182
4815023	Canmore	2018	15233	182
4815023	Canmore	2019	15351	182
4815023	Canmore	2020	15702	182
4815023	Canmore	2021	16629	182
4815023	Canmore	2022	16813	182
4815023	Canmore	2023	17171	182
4815023	Canmore	2024	17574	182
4815023	Canmore	2025	17341	182
4815027	Ghost Lake	2001	70	182
4815027	Ghost Lake	2002	74	182
4815027	Ghost Lake	2003	76	182
4815027	Ghost Lake	2004	77	182
4815027	Ghost Lake	2005	79	182
4815027	Ghost Lake	2006	80	182
4815027	Ghost Lake	2007	80	182
4815027	Ghost Lake	2008	81	182
4815027	Ghost Lake	2009	82	182
4815027	Ghost Lake	2010	82	182
4815027	Ghost Lake	2011	82	182
4815027	Ghost Lake	2012	82	182
4815027	Ghost Lake	2013	84	182
4815027	Ghost Lake	2014	85	182
4815027	Ghost Lake	2015	84	182
4815027	Ghost Lake	2016	82	182
4815027	Ghost Lake	2017	70	182
4815027	Ghost Lake	2018	73	182
4815027	Ghost Lake	2019	75	182
4815027	Ghost Lake	2020	78	182
4815027	Ghost Lake	2021	83	182
4815027	Ghost Lake	2022	83	182
4815027	Ghost Lake	2023	82	182
4815027	Ghost Lake	2024	75	182
4815027	Ghost Lake	2025	75	182
4815030	Waiparous	2001	55	182
4815030	Waiparous	2002	54	182
4815030	Waiparous	2003	54	182
4815030	Waiparous	2004	53	182
4815030	Waiparous	2005	51	182
4815030	Waiparous	2006	50	182
4815030	Waiparous	2007	49	182
4815030	Waiparous	2008	48	182
4815030	Waiparous	2009	46	182
4815030	Waiparous	2010	45	182
4815030	Waiparous	2011	43	182
4815030	Waiparous	2012	45	182
4815030	Waiparous	2013	46	182
4815030	Waiparous	2014	48	182
4815030	Waiparous	2015	48	182
4815030	Waiparous	2016	50	182
4815030	Waiparous	2017	45	182
4815030	Waiparous	2018	47	182
4815030	Waiparous	2019	47	182
4815030	Waiparous	2020	41	182
4815030	Waiparous	2021	58	182
4815030	Waiparous	2022	58	182
4815030	Waiparous	2023	62	182
4815030	Waiparous	2024	64	182
4815030	Waiparous	2025	65	182
4815032	Improvement District No.  9 Banff	2001	1551	182
4815032	Improvement District No.  9 Banff	2002	1422	182
4815032	Improvement District No.  9 Banff	2003	1285	182
4815032	Improvement District No.  9 Banff	2004	1147	182
4815032	Improvement District No.  9 Banff	2005	1033	182
4815032	Improvement District No.  9 Banff	2006	1005	182
4815032	Improvement District No.  9 Banff	2007	1070	182
4815032	Improvement District No.  9 Banff	2008	1133	182
4815032	Improvement District No.  9 Banff	2009	1190	182
4815032	Improvement District No.  9 Banff	2010	1245	182
4815032	Improvement District No.  9 Banff	2011	1261	182
4815032	Improvement District No.  9 Banff	2012	1225	182
4815032	Improvement District No.  9 Banff	2013	1201	182
4815032	Improvement District No.  9 Banff	2014	1172	182
4815032	Improvement District No.  9 Banff	2015	1115	182
4815032	Improvement District No. 9 Banff	2016	1073	182
4815032	Improvement District No. 9 Banff	2017	1054	182
4815032	Improvement District No. 9 Banff	2018	1065	182
4815032	Improvement District No. 9 Banff	2019	1058	182
4815032	Improvement District No. 9 Banff	2020	1010	182
4815032	Improvement District No. 9 Banff	2021	1047	182
4815032	Improvement District No. 9 Banff	2022	1064	182
4815032	Improvement District No. 9 Banff	2023	1108	182
4815032	Improvement District No. 9 Banff	2024	1129	182
4815032	Improvement District No. 9 Banff	2025	1144	182
4815033	Jasper	2001	4286	182
4815033	Jasper	2002	4322	182
4815033	Jasper	2003	4366	182
4815033	Jasper	2004	4375	182
4815033	Jasper	2005	4375	182
4815033	Jasper	2006	4422	182
4815033	Jasper	2007	4511	182
4815033	Jasper	2008	4699	182
4815033	Jasper	2009	4774	182
4815033	Jasper	2010	4768	182
4815033	Jasper	2011	4630	182
4815033	Jasper	2012	4631	182
4815033	Jasper	2013	4664	182
4815033	Jasper	2014	4718	182
4815033	Jasper	2015	4740	182
4815033	Jasper	2016	4752	182
4815033	Jasper	2017	4872	182
4815033	Jasper	2018	4875	182
4815033	Jasper	2019	4802	182
4815033	Jasper	2020	4716	182
4815033	Jasper	2021	4933	182
4815033	Jasper	2022	4772	182
4815033	Jasper	2023	4875	182
4815033	Jasper	2024	4897	182
4815033	Jasper	2025	4627	182
4815035	Banff	2001	7347	182
4815035	Banff	2002	7262	182
4815035	Banff	2003	7148	182
4815035	Banff	2004	7025	182
4815035	Banff	2005	6915	182
4815035	Banff	2006	7007	182
4815035	Banff	2007	7207	182
4815035	Banff	2008	7652	182
4815035	Banff	2009	8023	182
4815035	Banff	2010	8168	182
4815035	Banff	2011	7982	182
4815035	Banff	2012	7931	182
4815035	Banff	2013	8142	182
4815035	Banff	2014	8365	182
4815035	Banff	2015	8237	182
4815035	Banff	2016	8151	182
4815035	Banff	2017	8427	182
4815035	Banff	2018	8684	182
4815035	Banff	2019	9022	182
4815035	Banff	2020	9311	182
4815035	Banff	2021	8574	182
4815035	Banff	2022	9340	182
4815035	Banff	2023	10376	182
4815035	Banff	2024	11180	182
4815035	Banff	2025	11402	182
4815037	Improvement District No. 12 Jasper Park	2001	51	182
4815037	Improvement District No. 12 Jasper Park	2002	47	182
4815037	Improvement District No. 12 Jasper Park	2003	41	182
4815037	Improvement District No. 12 Jasper Park	2004	35	182
4815037	Improvement District No. 12 Jasper Park	2005	30	182
4815037	Improvement District No. 12 Jasper Park	2006	25	182
4815037	Improvement District No. 12 Jasper Park	2007	27	182
4815037	Improvement District No. 12 Jasper Park	2008	29	182
4815037	Improvement District No. 12 Jasper Park	2009	32	182
4815037	Improvement District No. 12 Jasper Park	2010	35	182
4815037	Improvement District No. 12 Jasper Park	2011	36	182
4815037	Improvement District No. 12 Jasper Park	2012	41	182
4815037	Improvement District No. 12 Jasper Park	2013	45	182
4815037	Improvement District No. 12 Jasper Park	2014	49	182
4815037	Improvement District No. 12 Jasper Park	2015	52	182
4815037	Improvement District No. 12 Jasper Park	2016	54	182
4815037	Improvement District No. 12 Jasper Park	2017	40	182
4815037	Improvement District No. 12 Jasper Park	2018	27	182
4815037	Improvement District No. 12 Jasper Park	2019	34	182
4815037	Improvement District No. 12 Jasper Park	2020	31	182
4815037	Improvement District No. 12 Jasper Park	2021	0	182
4815037	Improvement District No. 12 Jasper Park	2022	0	182
4815037	Improvement District No. 12 Jasper Park	2023	0	182
4815037	Improvement District No. 12 Jasper Park	2024	0	182
4815037	Improvement District No. 12 Jasper Park	2025	0	182
4815045	Ranchland No. 66	2001	98	182
4815045	Ranchland No. 66	2002	93	182
4815045	Ranchland No. 66	2003	91	182
4815045	Ranchland No. 66	2004	87	182
4815045	Ranchland No. 66	2005	88	182
4815045	Ranchland No. 66	2006	89	182
4815045	Ranchland No. 66	2007	89	182
4815045	Ranchland No. 66	2008	89	182
4815045	Ranchland No. 66	2009	88	182
4815045	Ranchland No. 66	2010	86	182
4815045	Ranchland No. 66	2011	81	182
4815045	Ranchland No. 66	2012	85	182
4815045	Ranchland No. 66	2013	89	182
4815045	Ranchland No. 66	2014	92	182
4815045	Ranchland No. 66	2015	93	182
4815045	Ranchland No. 66	2016	94	182
4815045	Ranchland No. 66	2017	81	182
4815045	Ranchland No. 66	2018	81	182
4815045	Ranchland No. 66	2019	75	182
4815045	Ranchland No. 66	2020	79	182
4815045	Ranchland No. 66	2021	113	182
4815045	Ranchland No. 66	2022	108	182
4815045	Ranchland No. 66	2023	103	182
4815045	Ranchland No. 66	2024	99	182
4815045	Ranchland No. 66	2025	100	182
4815802	Stoney 142, 143, 144	2001	2220	182
4815802	Stoney 142, 143, 144	2002	2299	182
4815802	Stoney 142, 143, 144	2003	2355	182
4815802	Stoney 142, 143, 144	2004	2424	182
4815802	Stoney 142, 143, 144	2005	2498	182
4815802	Stoney 142, 143, 144	2006	2638	182
4815802	Stoney 142, 143, 144	2007	2853	182
4815802	Stoney 142, 143, 144	2008	3067	182
4815802	Stoney 142, 143, 144	2009	3279	182
4815802	Stoney 142, 143, 144	2010	3492	182
4815802	Stoney 142, 143, 144	2011	3641	182
4815802	Stoney 142, 143, 144	2012	3801	182
4815802	Stoney 142, 143, 144	2013	3834	182
4815802	Stoney 142, 143, 144	2014	3863	182
4815802	Stoney 142, 143, 144	2015	3849	182
4815802	Stoney 142, 143, 144	2016	3834	182
4815802	Stoney 142, 143, 144	2017	3789	182
4815802	Stoney 142, 143, 144	2018	3876	182
4815802	Stoney 142, 143, 144	2019	3983	182
4815802	Stoney 142, 143, 144	2020	4115	182
4815802	Stoney 142, 143, 144	2021	3881	182
4815802	Stoney 142, 143, 144	2022	3864	182
4815802	Stoney 142, 143, 144	2023	3922	182
4815802	Stoney 142, 143, 144	2024	3969	182
4815802	Stoney 142, 143, 144	2025	3939	182
4815815	Stoney 142B	2016	10	182
4815815	Stoney 142B	2017	8	182
4815815	Stoney 142B	2018	6	182
4815815	Stoney 142B	2019	4	182
4815815	Stoney 142B	2020	2	182
4815815	Stoney 142B	2021	11	182
4815815	Stoney 142B	2022	11	182
4815815	Stoney 142B	2023	11	182
4815815	Stoney 142B	2024	11	182
4815815	Stoney 142B	2025	11	182
4816037	Wood Buffalo	2001	42682	182
4816037	Wood Buffalo	2002	45478	182
4816037	Wood Buffalo	2003	47971	182
4816037	Wood Buffalo	2004	49959	182
4816037	Wood Buffalo	2005	51438	182
4816037	Wood Buffalo	2006	53845	182
4816037	Wood Buffalo	2007	57689	182
4816037	Wood Buffalo	2008	60305	182
4816037	Wood Buffalo	2009	63071	182
4816037	Wood Buffalo	2010	65883	182
4816037	Wood Buffalo	2011	69280	182
4816037	Wood Buffalo	2012	72643	182
4816037	Wood Buffalo	2013	76529	182
4816037	Wood Buffalo	2014	78576	182
4816037	Wood Buffalo	2015	77176	182
4816037	Wood Buffalo	2016	73661	182
4816037	Wood Buffalo	2017	72349	182
4816037	Wood Buffalo	2018	73463	182
4816037	Wood Buffalo	2019	74617	182
4816037	Wood Buffalo	2020	75414	182
4816037	Wood Buffalo	2021	75282	182
4816037	Wood Buffalo	2022	75096	182
4816037	Wood Buffalo	2023	76854	182
4816037	Wood Buffalo	2024	80750	182
4816037	Wood Buffalo	2025	81577	182
4816051	Improvement District No. 24 Wood Buffalo	2001	376	182
4816051	Improvement District No. 24 Wood Buffalo	2002	396	182
4816051	Improvement District No. 24 Wood Buffalo	2003	416	182
4816051	Improvement District No. 24 Wood Buffalo	2004	428	182
4816051	Improvement District No. 24 Wood Buffalo	2005	425	182
4816051	Improvement District No. 24 Wood Buffalo	2006	441	182
4816051	Improvement District No. 24 Wood Buffalo	2007	493	182
4816051	Improvement District No. 24 Wood Buffalo	2008	513	182
4816051	Improvement District No. 24 Wood Buffalo	2009	532	182
4816051	Improvement District No. 24 Wood Buffalo	2010	568	182
4816051	Improvement District No. 24 Wood Buffalo	2011	617	182
4816051	Improvement District No. 24 Wood Buffalo	2012	651	182
4816051	Improvement District No. 24 Wood Buffalo	2013	688	182
4816051	Improvement District No. 24 Wood Buffalo	2014	704	182
4816051	Improvement District No. 24 Wood Buffalo	2015	695	182
4816051	Improvement District No. 24 Wood Buffalo	2016	669	182
4816051	Improvement District No. 24 Wood Buffalo	2017	634	182
4816051	Improvement District No. 24 Wood Buffalo	2018	655	182
4816051	Improvement District No. 24 Wood Buffalo	2019	676	182
4816051	Improvement District No. 24 Wood Buffalo	2020	702	182
4816051	Improvement District No. 24 Wood Buffalo	2021	739	182
4816051	Improvement District No. 24 Wood Buffalo	2022	760	182
4816051	Improvement District No. 24 Wood Buffalo	2023	783	182
4816051	Improvement District No. 24 Wood Buffalo	2024	777	182
4816051	Improvement District No. 24 Wood Buffalo	2025	799	182
4816810	Fort Mckay 174	2017	656	182
4816810	Fort Mckay 174	2018	657	182
4816810	Fort Mckay 174	2019	654	182
4816810	Fort Mckay 174	2020	659	182
4816810	Fort Mckay 174	2021	643	182
4816810	Fort Mckay 174	2022	639	182
4816810	Fort Mckay 174	2023	639	182
4816810	Fort Mckay 174	2024	671	182
4816810	Fort Mckay 174	2025	671	182
4816817	Janvier 194	2001	256	182
4816817	Janvier 194	2002	264	182
4816817	Janvier 194	2003	275	182
4816817	Janvier 194	2004	284	182
4816817	Janvier 194	2005	281	182
4816817	Janvier 194	2006	279	182
4816817	Janvier 194	2007	289	182
4816817	Janvier 194	2008	291	182
4816817	Janvier 194	2009	294	182
4816817	Janvier 194	2010	299	182
4816817	Janvier 194	2011	311	182
4816817	Janvier 194	2012	342	182
4816817	Janvier 194	2013	376	182
4816817	Janvier 194	2014	402	182
4816817	Janvier 194	2015	415	182
4816817	Janvier 194	2016	430	182
4816817	Janvier 194	2017	358	182
4816817	Janvier 194	2018	367	182
4816817	Janvier 194	2019	369	182
4816817	Janvier 194	2020	375	182
4816817	Janvier 194	2021	373	182
4816817	Janvier 194	2022	373	182
4816817	Janvier 194	2023	373	182
4816817	Janvier 194	2024	376	182
4816817	Janvier 194	2025	376	182
4816821	Gregoire Lake 176	2001	107	182
4816821	Gregoire Lake 176	2002	103	182
4816821	Gregoire Lake 176	2003	99	182
4816821	Gregoire Lake 176	2004	92	182
4816821	Gregoire Lake 176	2005	88	182
4816821	Gregoire Lake 176	2006	88	182
4816821	Gregoire Lake 176	2007	128	182
4816821	Gregoire Lake 176	2008	169	182
4816821	Gregoire Lake 176	2009	206	182
4816821	Gregoire Lake 176	2010	247	182
4816821	Gregoire Lake 176	2011	285	182
4816821	Gregoire Lake 176	2012	280	182
4816821	Gregoire Lake 176	2013	274	182
4816821	Gregoire Lake 176	2014	261	182
4816821	Gregoire Lake 176	2015	232	182
4816821	Gregoire Lake 176	2016	194	182
4816821	Gregoire Lake 176	2017	175	182
4816821	Gregoire Lake 176	2018	165	182
4816821	Gregoire Lake 176	2019	162	182
4816821	Gregoire Lake 176	2020	165	182
4816821	Gregoire Lake 176	2021	210	182
4816821	Gregoire Lake 176	2022	210	182
4816821	Gregoire Lake 176	2023	210	182
4816821	Gregoire Lake 176	2024	239	182
4816821	Gregoire Lake 176	2025	245	182
4816822	Gregoire Lake 176A	2001	135	182
4816822	Gregoire Lake 176A	2002	132	182
4816822	Gregoire Lake 176A	2003	129	182
4816822	Gregoire Lake 176A	2004	131	182
4816822	Gregoire Lake 176A	2005	128	182
4816822	Gregoire Lake 176A	2006	122	182
4816822	Gregoire Lake 176A	2007	101	182
4816822	Gregoire Lake 176A	2008	76	182
4816822	Gregoire Lake 176A	2009	51	182
4816822	Gregoire Lake 176A	2010	25	182
4816822	Gregoire Lake 176A	2011	4	182
4816822	Gregoire Lake 176A	2012	28	182
4816822	Gregoire Lake 176A	2013	54	182
4816822	Gregoire Lake 176A	2014	80	182
4816822	Gregoire Lake 176A	2015	108	182
4816822	Gregoire Lake 176A	2016	133	182
4816822	Gregoire Lake 176A	2017	111	182
4816822	Gregoire Lake 176A	2018	110	182
4816822	Gregoire Lake 176A	2019	116	182
4816822	Gregoire Lake 176A	2020	114	182
4816822	Gregoire Lake 176A	2021	134	182
4816822	Gregoire Lake 176A	2022	134	182
4816822	Gregoire Lake 176A	2023	134	182
4816822	Gregoire Lake 176A	2024	132	182
4816822	Gregoire Lake 176A	2025	132	182
4816831	Chipewyan 201A	2001	0	182
4816831	Chipewyan 201A	2002	0	182
4816831	Chipewyan 201A	2003	0	182
4816831	Chipewyan 201A	2004	0	182
4816831	Chipewyan 201A	2005	0	182
4816831	Chipewyan 201A	2006	0	182
4816831	Chipewyan 201A	2007	1	182
4816831	Chipewyan 201A	2008	2	182
4816831	Chipewyan 201A	2009	3	182
4816831	Chipewyan 201A	2010	4	182
4816831	Chipewyan 201A	2011	5	182
4816831	Chipewyan 201A	2012	4	182
4816831	Chipewyan 201A	2013	3	182
4816831	Chipewyan 201A	2014	2	182
4816831	Chipewyan 201A	2015	1	182
4816849	Old Fort 217	2001	4	182
4816849	Old Fort 217	2002	3	182
4816849	Old Fort 217	2003	2	182
4816849	Old Fort 217	2004	1	182
4816849	Old Fort 217	2005	1	182
4816849	Old Fort 217	2006	0	182
4816849	Old Fort 217	2007	0	182
4816849	Old Fort 217	2008	0	182
4816849	Old Fort 217	2009	0	182
4816849	Old Fort 217	2010	0	182
4816849	Old Fort 217	2011	0	182
4816849	Old Fort 217	2012	0	182
4816849	Old Fort 217	2013	0	182
4816849	Old Fort 217	2014	0	182
4816849	Old Fort 217	2015	0	182
4816849	Old Fort 217	2016	0	182
4816849	Old Fort 217	2017	0	182
4816849	Old Fort 217	2018	0	182
4816849	Old Fort 217	2019	0	182
4816849	Old Fort 217	2020	0	182
4816849	Old Fort 217	2021	0	182
4816849	Old Fort 217	2022	0	182
4816849	Old Fort 217	2023	0	182
4816849	Old Fort 217	2024	0	182
4816849	Old Fort 217	2025	0	182
4816850	Allison Bay 219	2001	112	182
4816850	Allison Bay 219	2002	103	182
4816850	Allison Bay 219	2003	94	182
4816850	Allison Bay 219	2004	84	182
4816850	Allison Bay 219	2005	73	182
4816850	Allison Bay 219	2006	63	182
4816850	Allison Bay 219	2007	69	182
4816850	Allison Bay 219	2008	72	182
4816850	Allison Bay 219	2009	76	182
4816850	Allison Bay 219	2010	81	182
4816850	Allison Bay 219	2011	89	182
4816850	Allison Bay 219	2012	98	182
4816850	Allison Bay 219	2013	108	182
4816850	Allison Bay 219	2014	118	182
4816850	Allison Bay 219	2015	124	182
4816850	Allison Bay 219	2016	129	182
4816850	Allison Bay 219	2017	101	182
4816850	Allison Bay 219	2018	105	182
4816850	Allison Bay 219	2019	102	182
4816850	Allison Bay 219	2020	107	182
4816850	Allison Bay 219	2021	117	182
4816850	Allison Bay 219	2022	117	182
4816850	Allison Bay 219	2023	117	182
4816850	Allison Bay 219	2024	117	182
4816850	Allison Bay 219	2025	117	182
4816852	Dog Head 218	2001	94	182
4816852	Dog Head 218	2002	94	182
4816852	Dog Head 218	2003	95	182
4816852	Dog Head 218	2004	92	182
4816852	Dog Head 218	2005	94	182
4816852	Dog Head 218	2006	93	182
4816852	Dog Head 218	2007	98	182
4816852	Dog Head 218	2008	102	182
4816852	Dog Head 218	2009	105	182
4816852	Dog Head 218	2010	109	182
4816852	Dog Head 218	2011	114	182
4816852	Dog Head 218	2012	116	182
4816852	Dog Head 218	2013	117	182
4816852	Dog Head 218	2014	115	182
4816852	Dog Head 218	2015	109	182
4816852	Dog Head 218	2016	100	182
4816852	Dog Head 218	2017	84	182
4816852	Dog Head 218	2018	85	182
4816852	Dog Head 218	2019	84	182
4816852	Dog Head 218	2020	81	182
4816852	Dog Head 218	2021	87	182
4816852	Dog Head 218	2022	87	182
4816852	Dog Head 218	2023	86	182
4816852	Dog Head 218	2024	89	182
4816852	Dog Head 218	2025	89	182
4816859	Fort Mackay	2001	448	182
4816859	Fort Mackay	2002	473	182
4816859	Fort Mackay	2003	493	182
4816859	Fort Mackay	2004	510	182
4816859	Fort Mackay	2005	521	182
4816859	Fort Mackay	2006	539	182
4816859	Fort Mackay	2007	557	182
4816859	Fort Mackay	2008	563	182
4816859	Fort Mackay	2009	572	182
4816859	Fort Mackay	2010	580	182
4816859	Fort Mackay	2011	591	182
4816859	Fort Mackay	2012	645	182
4816859	Fort Mackay	2013	703	182
4816859	Fort Mackay	2014	746	182
4816859	Fort Mackay	2015	762	182
4816860	Thebathi 196	2001	21	182
4816860	Thebathi 196	2002	20	182
4816860	Thebathi 196	2003	18	182
4816860	Thebathi 196	2004	17	182
4816860	Thebathi 196	2005	16	182
4816860	Thebathi 196	2006	15	182
4816860	Thebathi 196	2007	18	182
4816860	Thebathi 196	2008	22	182
4816860	Thebathi 196	2009	25	182
4816860	Thebathi 196	2010	28	182
4816860	Thebathi 196	2011	31	182
4816860	Thebathi 196	2012	29	182
4816860	Thebathi 196	2013	28	182
4816860	Thebathi 196	2014	26	182
4816860	Thebathi 196	2015	23	182
4816860	Thebathi 196	2016	20	182
4816860	Thebathi 196	2017	18	182
4816860	Thebathi 196	2018	18	182
4816860	Thebathi 196	2019	20	182
4816860	Thebathi 196	2020	17	182
4816860	Thebathi 196	2021	16	182
4816860	Thebathi 196	2022	16	182
4816860	Thebathi 196	2023	16	182
4816860	Thebathi 196	2024	16	182
4816860	Thebathi 196	2025	16	182
4816861	Thabacha Náre 196A	2001	0	182
4816861	Thabacha Náre 196A	2002	0	182
4816861	Thabacha Náre 196A	2003	0	182
4816861	Thabacha Náre 196A	2004	0	182
4816861	Thabacha Náre 196A	2005	0	182
4816861	Thabacha Náre 196A	2006	0	182
4816861	Thabacha Náre 196A	2007	0	182
4816861	Thabacha Náre 196A	2008	0	182
4816861	Thabacha Náre 196A	2009	0	182
4816861	Thabacha Náre 196A	2010	0	182
4816861	Thabacha Náre 196A	2011	0	182
4816861	Thabacha Náre 196A	2012	7	182
4816861	Thabacha Náre 196A	2013	12	182
4816861	Thabacha Náre 196A	2014	18	182
4816861	Thabacha Náre 196A	2015	23	182
4816861	Thabacha Náre 196A	2016	27	182
4816861	Thabacha Náre 196A	2017	23	182
4816861	Thabacha Náre 196A	2018	22	182
4816861	Thabacha Náre 196A	2019	24	182
4816861	Thabacha Náre 196A	2020	20	182
4816861	Thabacha Náre 196A	2021	29	182
4816861	Thabacha Náre 196A	2022	29	182
4816861	Thabacha Náre 196A	2023	29	182
4816861	Thabacha Náre 196A	2024	29	182
4816861	Thabacha Náre 196A	2025	29	182
4817021	High Prairie	2001	2835	182
4817021	High Prairie	2002	2838	182
4817021	High Prairie	2003	2837	182
4817021	High Prairie	2004	2847	182
4817021	High Prairie	2005	2856	182
4817021	High Prairie	2006	2862	182
4817021	High Prairie	2007	2863	182
4817021	High Prairie	2008	2840	182
4817021	High Prairie	2009	2803	182
4817021	High Prairie	2010	2743	182
4817021	High Prairie	2011	2682	182
4817021	High Prairie	2012	2679	182
4817021	High Prairie	2013	2688	182
4817021	High Prairie	2014	2708	182
4817021	High Prairie	2015	2675	182
4817021	High Prairie	2016	2631	182
4817021	High Prairie	2017	2653	182
4817021	High Prairie	2018	2618	182
4817021	High Prairie	2019	2599	182
4817021	High Prairie	2020	2504	182
4817021	High Prairie	2021	2463	182
4817021	High Prairie	2022	2476	182
4817021	High Prairie	2023	2459	182
4817021	High Prairie	2024	2589	182
4817021	High Prairie	2025	2607	182
4817024	Swan Hills	2001	1854	182
4817024	Swan Hills	2002	1832	182
4817024	Swan Hills	2003	1807	182
4817024	Swan Hills	2004	1784	182
4817024	Swan Hills	2005	1754	182
4817024	Swan Hills	2006	1706	182
4817024	Swan Hills	2007	1720	182
4817024	Swan Hills	2008	1696	182
4817024	Swan Hills	2009	1635	182
4817024	Swan Hills	2010	1540	182
4817024	Swan Hills	2011	1519	182
4817024	Swan Hills	2012	1536	182
4817024	Swan Hills	2013	1537	182
4817024	Swan Hills	2014	1513	182
4817024	Swan Hills	2015	1426	182
4817024	Swan Hills	2016	1327	182
4817024	Swan Hills	2017	1297	182
4817024	Swan Hills	2018	1310	182
4817024	Swan Hills	2019	1276	182
4817024	Swan Hills	2020	1243	182
4817024	Swan Hills	2021	1239	182
4817024	Swan Hills	2022	1301	182
4817024	Swan Hills	2023	1338	182
4817024	Swan Hills	2024	1369	182
4817024	Swan Hills	2025	1430	182
4817026	Northern Sunrise County	2001	2159	182
4817026	Northern Sunrise County	2002	2104	182
4817026	Northern Sunrise County	2003	2049	182
4817026	Northern Sunrise County	2004	1980	182
4817026	Northern Sunrise County	2005	1889	182
4817026	Northern Sunrise County	2006	1793	182
4817026	Northern Sunrise County	2007	1832	182
4817026	Northern Sunrise County	2008	1832	182
4817026	Northern Sunrise County	2009	1842	182
4817026	Northern Sunrise County	2010	1807	182
4817026	Northern Sunrise County	2011	1855	182
4817026	Northern Sunrise County	2012	1793	182
4817026	Northern Sunrise County	2013	1847	182
4817026	Northern Sunrise County	2014	1840	182
4817026	Northern Sunrise County	2015	1913	182
4817026	Northern Sunrise County	2016	1938	182
4817026	Northern Sunrise County	2017	1953	182
4817026	Northern Sunrise County	2018	1880	182
4817026	Northern Sunrise County	2019	1836	182
4817026	Northern Sunrise County	2020	1798	182
4817026	Northern Sunrise County	2021	1764	182
4817026	Northern Sunrise County	2022	1765	182
4817026	Northern Sunrise County	2023	1827	182
4817026	Northern Sunrise County	2024	1827	182
4817026	Northern Sunrise County	2025	1848	182
4817027	Big Lakes County	2001	6166	182
4817027	Big Lakes County	2002	6187	182
4817027	Big Lakes County	2003	6187	182
4817027	Big Lakes County	2004	6183	182
4817027	Big Lakes County	2005	6167	182
4817027	Big Lakes County	2006	6158	182
4817027	Big Lakes County	2007	6227	182
4817027	Big Lakes County	2008	6256	182
4817027	Big Lakes County	2009	6245	182
4817027	Big Lakes County	2010	6183	182
4817027	Big Lakes County	2011	6076	182
4817027	Big Lakes County	2012	6048	182
4817027	Big Lakes County	2013	6030	182
4817027	Big Lakes County	2014	6035	182
4817027	Big Lakes County	2015	5928	182
4817027	Big Lakes County	2016	5778	182
4817027	Big Lakes County	2017	5728	182
4817027	Big Lakes County	2018	5718	182
4817027	Big Lakes County	2019	5679	182
4817027	Big Lakes County	2020	5602	182
4817027	Big Lakes County	2021	5132	182
4817027	Big Lakes County	2022	5054	182
4817027	Big Lakes County	2023	5040	182
4817027	Big Lakes County	2024	5026	182
4817027	Big Lakes County	2025	5106	182
4817029	Slave Lake	2001	6797	182
4817029	Slave Lake	2002	6849	182
4817029	Slave Lake	2003	6896	182
4817029	Slave Lake	2004	6948	182
4817029	Slave Lake	2005	6955	182
4817029	Slave Lake	2006	6973	182
4817029	Slave Lake	2007	7079	182
4817029	Slave Lake	2008	7132	182
4817029	Slave Lake	2009	7161	182
4817029	Slave Lake	2010	7139	182
4817029	Slave Lake	2011	7051	182
4817029	Slave Lake	2012	7024	182
4817029	Slave Lake	2013	7009	182
4817029	Slave Lake	2014	7042	182
4817029	Slave Lake	2015	6942	182
4817029	Slave Lake	2016	6874	182
4817029	Slave Lake	2017	7185	182
4817029	Slave Lake	2018	7110	182
4817029	Slave Lake	2019	7058	182
4817029	Slave Lake	2020	6967	182
4817029	Slave Lake	2021	7109	182
4817029	Slave Lake	2022	6933	182
4817029	Slave Lake	2023	6949	182
4817029	Slave Lake	2024	7151	182
4817029	Slave Lake	2025	7334	182
4817031	Opportunity No. 17	2001	3104	182
4817031	Opportunity No. 17	2002	3085	182
4817031	Opportunity No. 17	2003	3051	182
4817031	Opportunity No. 17	2004	3022	182
4817031	Opportunity No. 17	2005	2982	182
4817031	Opportunity No. 17	2006	2946	182
4817031	Opportunity No. 17	2007	3087	182
4817031	Opportunity No. 17	2008	3132	182
4817031	Opportunity No. 17	2009	3218	182
4817031	Opportunity No. 17	2010	3131	182
4817031	Opportunity No. 17	2011	3182	182
4817031	Opportunity No. 17	2012	3271	182
4817031	Opportunity No. 17	2013	3345	182
4817031	Opportunity No. 17	2014	3394	182
4817031	Opportunity No. 17	2015	3386	182
4817031	Opportunity No. 17	2016	3264	182
4817031	Opportunity No. 17	2017	3430	182
4817031	Opportunity No. 17	2018	3460	182
4817031	Opportunity No. 17	2019	3477	182
4817031	Opportunity No. 17	2020	3448	182
4817031	Opportunity No. 17	2021	3500	182
4817031	Opportunity No. 17	2022	3423	182
4817031	Opportunity No. 17	2023	3413	182
4817031	Opportunity No. 17	2024	3513	182
4817031	Opportunity No. 17	2025	3592	182
4817033	Lesser Slave River No.124	2001	2873	182
4817033	Lesser Slave River No.124	2002	2885	182
4817033	Lesser Slave River No.124	2003	2884	182
4817033	Lesser Slave River No.124	2004	2878	182
4817033	Lesser Slave River No.124	2005	2872	182
4817033	Lesser Slave River No.124	2006	2895	182
4817033	Lesser Slave River No.124	2007	2956	182
4817033	Lesser Slave River No.124	2008	2996	182
4817033	Lesser Slave River No.124	2009	3028	182
4817033	Lesser Slave River No.124	2010	3028	182
4817033	Lesser Slave River No.124	2011	3004	182
4817033	Lesser Slave River No.124	2012	2980	182
4817033	Lesser Slave River No.124	2013	2967	182
4817033	Lesser Slave River No.124	2014	2967	182
4817033	Lesser Slave River No.124	2015	2912	182
4817033	Lesser Slave River No. 124	2016	2862	182
4817033	Lesser Slave River No. 124	2017	2941	182
4817033	Lesser Slave River No. 124	2018	2909	182
4817033	Lesser Slave River No. 124	2019	2908	182
4817033	Lesser Slave River No. 124	2020	2873	182
4817033	Lesser Slave River No. 124	2021	2941	182
4817033	Lesser Slave River No. 124	2022	2895	182
4817033	Lesser Slave River No. 124	2023	2921	182
4817033	Lesser Slave River No. 124	2024	2965	182
4817033	Lesser Slave River No. 124	2025	2980	182
4817039	Nampa	2001	380	182
4817039	Nampa	2002	383	182
4817039	Nampa	2003	384	182
4817039	Nampa	2004	386	182
4817039	Nampa	2005	380	182
4817039	Nampa	2006	371	182
4817039	Nampa	2007	374	182
4817039	Nampa	2008	374	182
4817039	Nampa	2009	374	182
4817039	Nampa	2010	372	182
4817039	Nampa	2011	373	182
4817039	Nampa	2012	375	182
4817039	Nampa	2013	378	182
4817039	Nampa	2014	382	182
4817039	Nampa	2015	378	182
4817039	Nampa	2016	373	182
4817039	Nampa	2017	333	182
4817039	Nampa	2018	317	182
4817039	Nampa	2019	340	182
4817039	Nampa	2020	337	182
4817039	Nampa	2021	381	182
4817039	Nampa	2022	395	182
4817039	Nampa	2023	410	182
4817039	Nampa	2024	426	182
4817039	Nampa	2025	430	182
4817062	Clear Hills	2001	2831	182
4817062	Clear Hills	2002	2829	182
4817062	Clear Hills	2003	2824	182
4817062	Clear Hills	2004	2824	182
4817062	Clear Hills	2005	2808	182
4817062	Clear Hills	2006	2793	182
4817062	Clear Hills	2007	2850	182
4817062	Clear Hills	2008	2881	182
4817062	Clear Hills	2009	2899	182
4817062	Clear Hills	2010	2894	182
4817062	Clear Hills	2011	2882	182
4817062	Clear Hills	2012	2914	182
4817062	Clear Hills	2013	2958	182
4817062	Clear Hills	2014	3025	182
4817062	Clear Hills	2015	3051	182
4817062	Clear Hills	2016	3096	182
4817062	Clear Hills	2017	3103	182
4817062	Clear Hills	2018	3145	182
4817062	Clear Hills	2019	3222	182
4817062	Clear Hills	2020	3198	182
4817062	Clear Hills	2021	3100	182
4817062	Clear Hills	2022	3081	182
4817062	Clear Hills	2023	3085	182
4817062	Clear Hills	2024	3107	182
4817062	Clear Hills	2025	3110	182
4817064	Hines Creek	2001	448	182
4817064	Hines Creek	2002	445	182
4817064	Hines Creek	2003	443	182
4817064	Hines Creek	2004	445	182
4817064	Hines Creek	2005	442	182
4817064	Hines Creek	2006	442	182
4817064	Hines Creek	2007	440	182
4817064	Hines Creek	2008	433	182
4817064	Hines Creek	2009	425	182
4817064	Hines Creek	2010	410	182
4817064	Hines Creek	2011	389	182
4817064	Hines Creek	2012	384	182
4817064	Hines Creek	2013	378	182
4817064	Hines Creek	2014	373	182
4817064	Hines Creek	2015	361	182
4817064	Hines Creek	2016	354	182
4817064	Hines Creek	2017	303	182
4817064	Hines Creek	2018	309	182
4817064	Hines Creek	2019	297	182
4817064	Hines Creek	2020	272	182
4817064	Hines Creek	2021	345	182
4817064	Hines Creek	2022	350	182
4817064	Hines Creek	2023	359	182
4817064	Hines Creek	2024	359	182
4817064	Hines Creek	2025	355	182
4817076	Northern Lights County	2001	4283	182
4817076	Northern Lights County	2002	4199	182
4817076	Northern Lights County	2003	4126	182
4817076	Northern Lights County	2004	4042	182
4817076	Northern Lights County	2005	3941	182
4817076	Northern Lights County	2006	3863	182
4817076	Northern Lights County	2007	3984	182
4817076	Northern Lights County	2008	4074	182
4817076	Northern Lights County	2009	4158	182
4817076	Northern Lights County	2010	4215	182
4817076	Northern Lights County	2011	4226	182
4817076	Northern Lights County	2012	4239	182
4817076	Northern Lights County	2013	4268	182
4817076	Northern Lights County	2014	4319	182
4817076	Northern Lights County	2015	4299	182
4817076	Northern Lights County	2016	4295	182
4817076	Northern Lights County	2017	4426	182
4817076	Northern Lights County	2018	4408	182
4817076	Northern Lights County	2019	4405	182
4817076	Northern Lights County	2020	4331	182
4817076	Northern Lights County	2021	4248	182
4817076	Northern Lights County	2022	4154	182
4817076	Northern Lights County	2023	4108	182
4817076	Northern Lights County	2024	4114	182
4817076	Northern Lights County	2025	4115	182
4817078	Manning	2001	1329	182
4817078	Manning	2002	1369	182
4817078	Manning	2003	1418	182
4817078	Manning	2004	1467	182
4817078	Manning	2005	1507	182
4817078	Manning	2006	1524	182
4817078	Manning	2007	1458	182
4817078	Manning	2008	1400	182
4817078	Manning	2009	1349	182
4817078	Manning	2010	1322	182
4817078	Manning	2011	1199	182
4817078	Manning	2012	1204	182
4817078	Manning	2013	1214	182
4817078	Manning	2014	1231	182
4817078	Manning	2015	1224	182
4817078	Manning	2016	1215	182
4817078	Manning	2017	1153	182
4817078	Manning	2018	1162	182
4817078	Manning	2019	1144	182
4817078	Manning	2020	1104	182
4817078	Manning	2021	1161	182
4817078	Manning	2022	1149	182
4817078	Manning	2023	1148	182
4817078	Manning	2024	1136	182
4817078	Manning	2025	1153	182
4817093	High Level	2001	3553	182
4817093	High Level	2002	3653	182
4817093	High Level	2003	3737	182
4817093	High Level	2004	3839	182
4817093	High Level	2005	3924	182
4817093	High Level	2006	4037	182
4817093	High Level	2007	4010	182
4817093	High Level	2008	3943	182
4817093	High Level	2009	3824	182
4817093	High Level	2010	3863	182
4817093	High Level	2011	3760	182
4817093	High Level	2012	3626	182
4817093	High Level	2013	3615	182
4817093	High Level	2014	3506	182
4817093	High Level	2015	3350	182
4817093	High Level	2016	3256	182
4817093	High Level	2017	3511	182
4817093	High Level	2018	3468	182
4817093	High Level	2019	3523	182
4817093	High Level	2020	3560	182
4817093	High Level	2021	4051	182
4817093	High Level	2022	3940	182
4817093	High Level	2023	3991	182
4817093	High Level	2024	4165	182
4817093	High Level	2025	4390	182
4817095	Mackenzie County	2001	9162	182
4817095	Mackenzie County	2002	9463	182
4817095	Mackenzie County	2003	9715	182
4817095	Mackenzie County	2004	9966	182
4817095	Mackenzie County	2005	10175	182
4817095	Mackenzie County	2006	10434	182
4817095	Mackenzie County	2007	10660	182
4817095	Mackenzie County	2008	10958	182
4817095	Mackenzie County	2009	11011	182
4817095	Mackenzie County	2010	11141	182
4817095	Mackenzie County	2011	11305	182
4817095	Mackenzie County	2012	11264	182
4817095	Mackenzie County	2013	11335	182
4817095	Mackenzie County	2014	11435	182
4817095	Mackenzie County	2015	11410	182
4817095	Mackenzie County	2016	11467	182
4817095	Mackenzie County	2017	12252	182
4817095	Mackenzie County	2018	12582	182
4817095	Mackenzie County	2019	12879	182
4817095	Mackenzie County	2020	13164	182
4817095	Mackenzie County	2021	13279	182
4817095	Mackenzie County	2022	13558	182
4817095	Mackenzie County	2023	13741	182
4817095	Mackenzie County	2024	14143	182
4817095	Mackenzie County	2025	14488	182
4817097	Rainbow Lake	2001	1006	182
4817097	Rainbow Lake	2002	1013	182
4817097	Rainbow Lake	2003	1013	182
4817097	Rainbow Lake	2004	1018	182
4817097	Rainbow Lake	2005	1014	182
4817097	Rainbow Lake	2006	1009	182
4817097	Rainbow Lake	2007	943	182
4817097	Rainbow Lake	2008	958	182
4817097	Rainbow Lake	2009	961	182
4817097	Rainbow Lake	2010	947	182
4817097	Rainbow Lake	2011	902	182
4817097	Rainbow Lake	2012	912	182
4817097	Rainbow Lake	2013	916	182
4817097	Rainbow Lake	2014	907	182
4817097	Rainbow Lake	2015	867	182
4817097	Rainbow Lake	2016	810	182
4817097	Rainbow Lake	2017	697	182
4817097	Rainbow Lake	2018	653	182
4817097	Rainbow Lake	2019	650	182
4817097	Rainbow Lake	2020	600	182
4817097	Rainbow Lake	2021	508	182
4817097	Rainbow Lake	2022	502	182
4817097	Rainbow Lake	2023	474	182
4817097	Rainbow Lake	2024	450	182
4817097	Rainbow Lake	2025	421	182
4817817	Jean Baptiste Gambler 183	2001	174	182
4817817	Jean Baptiste Gambler 183	2002	182	182
4817817	Jean Baptiste Gambler 183	2003	189	182
4817817	Jean Baptiste Gambler 183	2004	198	182
4817817	Jean Baptiste Gambler 183	2005	208	182
4817817	Jean Baptiste Gambler 183	2006	223	182
4817817	Jean Baptiste Gambler 183	2007	236	182
4817817	Jean Baptiste Gambler 183	2008	246	182
4817817	Jean Baptiste Gambler 183	2009	256	182
4817817	Jean Baptiste Gambler 183	2010	263	182
4817817	Jean Baptiste Gambler 183	2011	264	182
4817817	Jean Baptiste Gambler 183	2012	263	182
4817817	Jean Baptiste Gambler 183	2013	263	182
4817817	Jean Baptiste Gambler 183	2014	264	182
4817817	Jean Baptiste Gambler 183	2015	261	182
4817817	Jean Baptiste Gambler 183	2016	263	182
4817817	Jean Baptiste Gambler 183	2017	204	182
4817817	Jean Baptiste Gambler 183	2018	206	182
4817817	Jean Baptiste Gambler 183	2019	204	182
4817817	Jean Baptiste Gambler 183	2020	202	182
4817817	Jean Baptiste Gambler 183	2021	216	182
4817817	Jean Baptiste Gambler 183	2022	215	182
4817817	Jean Baptiste Gambler 183	2023	216	182
4817817	Jean Baptiste Gambler 183	2024	216	182
4817817	Jean Baptiste Gambler 183	2025	214	182
4817818	Wabasca 166	2001	75	182
4817818	Wabasca 166	2002	77	182
4817818	Wabasca 166	2003	75	182
4817818	Wabasca 166	2004	77	182
4817818	Wabasca 166	2005	79	182
4817818	Wabasca 166	2006	82	182
4817818	Wabasca 166	2007	96	182
4817818	Wabasca 166	2008	111	182
4817818	Wabasca 166	2009	125	182
4817818	Wabasca 166	2010	140	182
4817818	Wabasca 166	2011	157	182
4817818	Wabasca 166	2012	160	182
4817818	Wabasca 166	2013	164	182
4817818	Wabasca 166	2014	167	182
4817818	Wabasca 166	2015	165	182
4817818	Wabasca 166	2016	165	182
4817818	Wabasca 166	2017	138	182
4817818	Wabasca 166	2018	140	182
4817818	Wabasca 166	2019	140	182
4817818	Wabasca 166	2020	140	182
4817818	Wabasca 166	2021	162	182
4817818	Wabasca 166	2022	164	182
4817818	Wabasca 166	2023	164	182
4817818	Wabasca 166	2024	165	182
4817818	Wabasca 166	2025	165	182
4817819	Wabasca 166A	2001	526	182
4817819	Wabasca 166A	2002	557	182
4817819	Wabasca 166A	2003	585	182
4817819	Wabasca 166A	2004	615	182
4817819	Wabasca 166A	2005	649	182
4817819	Wabasca 166A	2006	671	182
4817819	Wabasca 166A	2007	699	182
4817819	Wabasca 166A	2008	720	182
4817819	Wabasca 166A	2009	740	182
4817819	Wabasca 166A	2010	750	182
4817819	Wabasca 166A	2011	762	182
4817819	Wabasca 166A	2012	751	182
4817819	Wabasca 166A	2013	742	182
4817819	Wabasca 166A	2014	734	182
4817819	Wabasca 166A	2015	710	182
4817819	Wabasca 166A	2016	674	182
4817819	Wabasca 166A	2017	537	182
4817819	Wabasca 166A	2018	542	182
4817819	Wabasca 166A	2019	565	182
4817819	Wabasca 166A	2020	575	182
4817819	Wabasca 166A	2021	575	182
4817819	Wabasca 166A	2022	574	182
4817819	Wabasca 166A	2023	575	182
4817819	Wabasca 166A	2024	585	182
4817819	Wabasca 166A	2025	584	182
4817821	Wabasca 166B	2001	166	182
4817821	Wabasca 166B	2002	175	182
4817821	Wabasca 166B	2003	185	182
4817821	Wabasca 166B	2004	195	182
4817821	Wabasca 166B	2005	207	182
4817821	Wabasca 166B	2006	225	182
4817821	Wabasca 166B	2007	236	182
4817821	Wabasca 166B	2008	246	182
4817821	Wabasca 166B	2009	255	182
4817821	Wabasca 166B	2010	261	182
4817821	Wabasca 166B	2011	258	182
4817821	Wabasca 166B	2012	246	182
4817821	Wabasca 166B	2013	235	182
4817821	Wabasca 166B	2014	225	182
4817821	Wabasca 166B	2015	208	182
4817821	Wabasca 166B	2016	196	182
4817821	Wabasca 166B	2017	151	182
4817821	Wabasca 166B	2018	149	182
4817821	Wabasca 166B	2019	148	182
4817821	Wabasca 166B	2020	149	182
4817821	Wabasca 166B	2021	94	182
4817821	Wabasca 166B	2022	91	182
4817821	Wabasca 166B	2023	91	182
4817821	Wabasca 166B	2024	92	182
4817821	Wabasca 166B	2025	92	182
4817822	Wabasca 166C	2001	186	182
4817822	Wabasca 166C	2002	181	182
4817822	Wabasca 166C	2003	179	182
4817822	Wabasca 166C	2004	180	182
4817822	Wabasca 166C	2005	184	182
4817822	Wabasca 166C	2006	179	182
4817822	Wabasca 166C	2007	185	182
4817822	Wabasca 166C	2008	191	182
4817822	Wabasca 166C	2009	192	182
4817822	Wabasca 166C	2010	190	182
4817822	Wabasca 166C	2011	187	182
4817822	Wabasca 166C	2012	186	182
4817822	Wabasca 166C	2013	187	182
4817822	Wabasca 166C	2014	190	182
4817822	Wabasca 166C	2015	189	182
4817822	Wabasca 166C	2016	193	182
4817822	Wabasca 166C	2017	163	182
4817822	Wabasca 166C	2018	162	182
4817822	Wabasca 166C	2019	157	182
4817822	Wabasca 166C	2020	164	182
4817822	Wabasca 166C	2021	183	182
4817822	Wabasca 166C	2022	183	182
4817822	Wabasca 166C	2023	183	182
4817822	Wabasca 166C	2024	186	182
4817822	Wabasca 166C	2025	186	182
4817823	Wabasca 166D	2001	878	182
4817823	Wabasca 166D	2002	879	182
4817823	Wabasca 166D	2003	878	182
4817823	Wabasca 166D	2004	878	182
4817823	Wabasca 166D	2005	872	182
4817823	Wabasca 166D	2006	894	182
4817823	Wabasca 166D	2007	915	182
4817823	Wabasca 166D	2008	928	182
4817823	Wabasca 166D	2009	938	182
4817823	Wabasca 166D	2010	932	182
4817823	Wabasca 166D	2011	909	182
4817823	Wabasca 166D	2012	930	182
4817823	Wabasca 166D	2013	922	182
4817823	Wabasca 166D	2014	948	182
4817823	Wabasca 166D	2015	983	182
4817823	Wabasca 166D	2016	988	182
4817823	Wabasca 166D	2017	922	182
4817823	Wabasca 166D	2018	874	182
4817823	Wabasca 166D	2019	891	182
4817823	Wabasca 166D	2020	872	182
4817823	Wabasca 166D	2021	661	182
4817823	Wabasca 166D	2022	667	182
4817823	Wabasca 166D	2023	667	182
4817823	Wabasca 166D	2024	665	182
4817823	Wabasca 166D	2025	662	182
4817824	Utikoomak Lake 155	2001	830	182
4817824	Utikoomak Lake 155	2002	829	182
4817824	Utikoomak Lake 155	2003	821	182
4817824	Utikoomak Lake 155	2004	812	182
4817824	Utikoomak Lake 155	2005	804	182
4817824	Utikoomak Lake 155	2006	808	182
4817824	Utikoomak Lake 155	2007	792	182
4817824	Utikoomak Lake 155	2008	769	182
4817824	Utikoomak Lake 155	2009	739	182
4817824	Utikoomak Lake 155	2010	701	182
4817824	Utikoomak Lake 155	2011	667	182
4817824	Utikoomak Lake 155	2012	682	182
4817824	Utikoomak Lake 155	2013	700	182
4817824	Utikoomak Lake 155	2014	725	182
4817824	Utikoomak Lake 155	2015	737	182
4817824	Utikoomak Lake 155	2016	744	182
4817824	Utikoomak Lake 155	2017	726	182
4817824	Utikoomak Lake 155	2018	750	182
4817824	Utikoomak Lake 155	2019	769	182
4817824	Utikoomak Lake 155	2020	795	182
4817824	Utikoomak Lake 155	2021	832	182
4817824	Utikoomak Lake 155	2022	856	182
4817824	Utikoomak Lake 155	2023	864	182
4817824	Utikoomak Lake 155	2024	874	182
4817824	Utikoomak Lake 155	2025	881	182
4817825	Clear Hills 152C	2001	14	182
4817825	Clear Hills 152C	2002	11	182
4817825	Clear Hills 152C	2003	9	182
4817825	Clear Hills 152C	2004	6	182
4817825	Clear Hills 152C	2005	2	182
4817825	Clear Hills 152C	2006	0	182
4817825	Clear Hills 152C	2007	0	182
4817825	Clear Hills 152C	2008	0	182
4817825	Clear Hills 152C	2009	0	182
4817825	Clear Hills 152C	2010	0	182
4817825	Clear Hills 152C	2011	0	182
4817825	Clear Hills 152C	2012	0	182
4817825	Clear Hills 152C	2013	0	182
4817825	Clear Hills 152C	2014	0	182
4817825	Clear Hills 152C	2015	0	182
4817825	Clear Hills 152C	2016	0	182
4817825	Clear Hills 152C	2017	4	182
4817825	Clear Hills 152C	2018	3	182
4817825	Clear Hills 152C	2019	2	182
4817825	Clear Hills 152C	2020	1	182
4817825	Clear Hills 152C	2021	6	182
4817825	Clear Hills 152C	2022	6	182
4817825	Clear Hills 152C	2023	6	182
4817825	Clear Hills 152C	2024	6	182
4817825	Clear Hills 152C	2025	6	182
4817826	Kapawe'no First Nation 231	2016	25	182
4817826	Kapawe'no First Nation 231	2017	25	182
4817826	Kapawe'no First Nation 231	2018	22	182
4817826	Kapawe'no First Nation 231	2019	17	182
4817826	Kapawe'no First Nation 231	2020	9	182
4817826	Kapawe'no First Nation 231	2021	5	182
4817826	Kapawe'no First Nation 231	2022	5	182
4817826	Kapawe'no First Nation 231	2023	6	182
4817826	Kapawe'no First Nation 231	2024	5	182
4817826	Kapawe'no First Nation 231	2025	5	182
4817827	Utikoomak Lake 155A	2001	124	182
4817827	Utikoomak Lake 155A	2002	120	182
4817827	Utikoomak Lake 155A	2003	117	182
4817827	Utikoomak Lake 155A	2004	115	182
4817827	Utikoomak Lake 155A	2005	111	182
4817827	Utikoomak Lake 155A	2006	106	182
4817827	Utikoomak Lake 155A	2007	111	182
4817827	Utikoomak Lake 155A	2008	114	182
4817827	Utikoomak Lake 155A	2009	118	182
4817827	Utikoomak Lake 155A	2010	121	182
4817827	Utikoomak Lake 155A	2011	124	182
4817827	Utikoomak Lake 155A	2012	124	182
4817827	Utikoomak Lake 155A	2013	125	182
4817827	Utikoomak Lake 155A	2014	125	182
4817827	Utikoomak Lake 155A	2015	124	182
4817827	Utikoomak Lake 155A	2016	131	182
4817827	Utikoomak Lake 155A	2017	108	182
4817827	Utikoomak Lake 155A	2018	108	182
4817827	Utikoomak Lake 155A	2019	111	182
4817827	Utikoomak Lake 155A	2020	111	182
4817827	Utikoomak Lake 155A	2021	123	182
4817827	Utikoomak Lake 155A	2022	95	182
4817827	Utikoomak Lake 155A	2023	96	182
4817827	Utikoomak Lake 155A	2024	96	182
4817827	Utikoomak Lake 155A	2025	121	182
4817828	Drift Pile River 150	2001	672	182
4817828	Drift Pile River 150	2002	683	182
4817828	Drift Pile River 150	2003	700	182
4817828	Drift Pile River 150	2004	715	182
4817828	Drift Pile River 150	2005	730	182
4817828	Drift Pile River 150	2006	747	182
4817828	Drift Pile River 150	2007	775	182
4817828	Drift Pile River 150	2008	800	182
4817828	Drift Pile River 150	2009	821	182
4817828	Drift Pile River 150	2010	828	182
4817828	Drift Pile River 150	2011	828	182
4817828	Drift Pile River 150	2012	834	182
4817828	Drift Pile River 150	2013	842	182
4817828	Drift Pile River 150	2014	853	182
4817828	Drift Pile River 150	2015	852	182
4817828	Drift Pile River 150	2016	850	182
4817828	Drift Pile River 150	2017	802	182
4817828	Drift Pile River 150	2018	817	182
4817828	Drift Pile River 150	2019	821	182
4817828	Drift Pile River 150	2020	822	182
4817828	Drift Pile River 150	2021	800	182
4817828	Drift Pile River 150	2022	794	182
4817828	Drift Pile River 150	2023	793	182
4817828	Drift Pile River 150	2024	796	182
4817828	Drift Pile River 150	2025	791	182
4817829	Sucker Creek 150A	2001	562	182
4817829	Sucker Creek 150A	2002	574	182
4817829	Sucker Creek 150A	2003	585	182
4817829	Sucker Creek 150A	2004	600	182
4817829	Sucker Creek 150A	2005	609	182
4817829	Sucker Creek 150A	2006	614	182
4817829	Sucker Creek 150A	2007	606	182
4817829	Sucker Creek 150A	2008	660	182
4817829	Sucker Creek 150A	2009	685	182
4817829	Sucker Creek 150A	2010	682	182
4817829	Sucker Creek 150A	2011	697	182
4817829	Sucker Creek 150A	2012	702	182
4817829	Sucker Creek 150A	2013	710	182
4817829	Sucker Creek 150A	2014	719	182
4817829	Sucker Creek 150A	2015	715	182
4817829	Sucker Creek 150A	2016	706	182
4817829	Sucker Creek 150A	2017	664	182
4817829	Sucker Creek 150A	2018	670	182
4817829	Sucker Creek 150A	2019	683	182
4817829	Sucker Creek 150A	2020	695	182
4817829	Sucker Creek 150A	2021	726	182
4817829	Sucker Creek 150A	2022	717	182
4817829	Sucker Creek 150A	2023	719	182
4817829	Sucker Creek 150A	2024	734	182
4817829	Sucker Creek 150A	2025	734	182
4817830	Kapawe'no First Nation (Pakashan 150D)	2001	7	182
4817830	Kapawe'no First Nation (Pakashan 150D)	2002	6	182
4817830	Kapawe'no First Nation (Pakashan 150D)	2003	4	182
4817830	Kapawe'no First Nation (Pakashan 150D)	2004	3	182
4817830	Kapawe'no First Nation (Pakashan 150D)	2005	1	182
4817830	Kapawe'no First Nation (Pakashan 150D)	2006	0	182
4817830	Kapawe'no First Nation (Pakashan 150D)	2007	1	182
4817830	Kapawe'no First Nation (Pakashan 150D)	2008	2	182
4817830	Kapawe'no First Nation (Pakashan 150D)	2009	3	182
4817830	Kapawe'no First Nation (Pakashan 150D)	2010	4	182
4817830	Kapawe'no First Nation (Pakashan 150D)	2011	5	182
4817830	Kapawe'no First Nation (Pakashan 150D)	2012	5	182
4817830	Kapawe'no First Nation (Pakashan 150D)	2013	5	182
4817830	Kapawe'no First Nation (Pakashan 150D)	2014	5	182
4817830	Kapawe'no First Nation (Pakashan 150D)	2015	5	182
4817830	Kapawe'no First Nation 150D	2016	5	182
4817830	Kapawe'no First Nation 150D	2017	5	182
4817830	Kapawe'no First Nation 150D	2018	5	182
4817830	Kapawe'no First Nation 150D	2019	4	182
4817830	Kapawe'no First Nation 150D	2020	3	182
4817830	Kapawe'no First Nation 150D	2021	5	182
4817830	Kapawe'no First Nation 150D	2022	5	182
4817830	Kapawe'no First Nation 150D	2023	5	182
4817830	Kapawe'no First Nation 150D	2024	6	182
4817830	Kapawe'no First Nation 150D	2025	6	182
4817831	Swan River 150E	2001	314	182
4817831	Swan River 150E	2002	313	182
4817831	Swan River 150E	2003	313	182
4817831	Swan River 150E	2004	315	182
4817831	Swan River 150E	2005	315	182
4817831	Swan River 150E	2006	315	182
4817831	Swan River 150E	2007	320	182
4817831	Swan River 150E	2008	322	182
4817831	Swan River 150E	2009	323	182
4817831	Swan River 150E	2010	323	182
4817831	Swan River 150E	2011	326	182
4817831	Swan River 150E	2012	347	182
4817831	Swan River 150E	2013	370	182
4817831	Swan River 150E	2014	395	182
4817831	Swan River 150E	2015	411	182
4817831	Swan River 150E	2016	425	182
4817831	Swan River 150E	2017	370	182
4817831	Swan River 150E	2018	379	182
4817831	Swan River 150E	2019	375	182
4817831	Swan River 150E	2020	382	182
4817831	Swan River 150E	2021	413	182
4817831	Swan River 150E	2022	424	182
4817831	Swan River 150E	2023	432	182
4817831	Swan River 150E	2024	430	182
4817831	Swan River 150E	2025	424	182
4817832	Sawridge 150G	2001	67	182
4817832	Sawridge 150G	2002	63	182
4817832	Sawridge 150G	2003	59	182
4817832	Sawridge 150G	2004	54	182
4817832	Sawridge 150G	2005	50	182
4817832	Sawridge 150G	2006	46	182
4817832	Sawridge 150G	2007	47	182
4817832	Sawridge 150G	2008	49	182
4817832	Sawridge 150G	2009	49	182
4817832	Sawridge 150G	2010	49	182
4817832	Sawridge 150G	2011	50	182
4817832	Sawridge 150G	2012	43	182
4817832	Sawridge 150G	2013	39	182
4817832	Sawridge 150G	2014	33	182
4817832	Sawridge 150G	2015	26	182
4817832	Sawridge 150G	2016	20	182
4817832	Sawridge 150G	2017	21	182
4817832	Sawridge 150G	2018	21	182
4817832	Sawridge 150G	2019	21	182
4817832	Sawridge 150G	2020	22	182
4817832	Sawridge 150G	2021	42	182
4817832	Sawridge 150G	2022	40	182
4817832	Sawridge 150G	2023	40	182
4817832	Sawridge 150G	2024	40	182
4817832	Sawridge 150G	2025	40	182
4817833	Sawridge 150H	2001	8	182
4817833	Sawridge 150H	2002	8	182
4817833	Sawridge 150H	2003	9	182
4817833	Sawridge 150H	2004	9	182
4817833	Sawridge 150H	2005	10	182
4817833	Sawridge 150H	2006	10	182
4817833	Sawridge 150H	2007	11	182
4817833	Sawridge 150H	2008	11	182
4817833	Sawridge 150H	2009	13	182
4817833	Sawridge 150H	2010	15	182
4817833	Sawridge 150H	2011	20	182
4817833	Sawridge 150H	2012	19	182
4817833	Sawridge 150H	2013	18	182
4817833	Sawridge 150H	2014	17	182
4817833	Sawridge 150H	2015	15	182
4817833	Sawridge 150H	2016	10	182
4817833	Sawridge 150H	2017	9	182
4817833	Sawridge 150H	2018	10	182
4817833	Sawridge 150H	2019	10	182
4817833	Sawridge 150H	2020	9	182
4817833	Sawridge 150H	2021	10	182
4817833	Sawridge 150H	2022	9	182
4817833	Sawridge 150H	2023	9	182
4817833	Sawridge 150H	2024	9	182
4817833	Sawridge 150H	2025	9	182
4817834	Peerless Trout 238	2017	0	182
4817834	Peerless Trout 238	2018	0	182
4817834	Peerless Trout 238	2019	0	182
4817834	Peerless Trout 238	2020	0	182
4817834	Peerless Trout 238	2021	0	182
4817834	Peerless Trout 238	2022	0	182
4817834	Peerless Trout 238	2023	0	182
4817834	Peerless Trout 238	2024	0	182
4817834	Peerless Trout 238	2025	0	182
4817835	Fox Lake 162	2001	1299	182
4817835	Fox Lake 162	2002	1398	182
4817835	Fox Lake 162	2003	1500	182
4817835	Fox Lake 162	2004	1613	182
4817835	Fox Lake 162	2005	1709	182
4817835	Fox Lake 162	2006	1814	182
4817835	Fox Lake 162	2007	1875	182
4817835	Fox Lake 162	2008	1919	182
4817835	Fox Lake 162	2009	1953	182
4817835	Fox Lake 162	2010	1962	182
4817835	Fox Lake 162	2011	1940	182
4817835	Fox Lake 162	2012	1961	182
4817835	Fox Lake 162	2013	1990	182
4817835	Fox Lake 162	2014	2035	182
4817835	Fox Lake 162	2015	2058	182
4817835	Fox Lake 162	2016	2094	182
4817835	Fox Lake 162	2017	2212	182
4817835	Fox Lake 162	2018	2300	182
4817835	Fox Lake 162	2019	2389	182
4817835	Fox Lake 162	2020	2474	182
4817835	Fox Lake 162	2021	2588	182
4817835	Fox Lake 162	2022	2639	182
4817835	Fox Lake 162	2023	2678	182
4817835	Fox Lake 162	2024	2709	182
4817835	Fox Lake 162	2025	2745	182
4817836	Kapawe'no First Nation (Freeman 150B)	2001	65	182
4817836	Kapawe'no First Nation (Freeman 150B)	2002	77	182
4817836	Kapawe'no First Nation (Freeman 150B)	2003	91	182
4817836	Kapawe'no First Nation (Freeman 150B)	2004	107	182
4817836	Kapawe'no First Nation (Freeman 150B)	2005	124	182
4817836	Kapawe'no First Nation (Freeman 150B)	2006	147	182
4817836	Kapawe'no First Nation (Freeman 150B)	2007	147	182
4817836	Kapawe'no First Nation (Freeman 150B)	2008	143	182
4817836	Kapawe'no First Nation (Freeman 150B)	2009	138	182
4817836	Kapawe'no First Nation (Freeman 150B)	2010	132	182
4817836	Kapawe'no First Nation (Freeman 150B)	2011	119	182
4817836	Kapawe'no First Nation (Freeman 150B)	2012	127	182
4817836	Kapawe'no First Nation (Freeman 150B)	2013	134	182
4817836	Kapawe'no First Nation (Freeman 150B)	2014	144	182
4817836	Kapawe'no First Nation (Freeman 150B)	2015	150	182
4817836	Kapawe'no First Nation 150B	2016	159	182
4817836	Kapawe'no First Nation 150B	2017	114	182
4817836	Kapawe'no First Nation 150B	2018	110	182
4817836	Kapawe'no First Nation 150B	2019	111	182
4817836	Kapawe'no First Nation 150B	2020	110	182
4817836	Kapawe'no First Nation 150B	2021	44	182
4817836	Kapawe'no First Nation 150B	2022	44	182
4817836	Kapawe'no First Nation 150B	2023	44	182
4817836	Kapawe'no First Nation 150B	2024	44	182
4817836	Kapawe'no First Nation 150B	2025	44	182
4817837	John d'Or Prairie 215	2001	877	182
4817837	John d'Or Prairie 215	2002	916	182
4817837	John d'Or Prairie 215	2003	953	182
4817837	John d'Or Prairie 215	2004	990	182
4817837	John d'Or Prairie 215	2005	1025	182
4817837	John d'Or Prairie 215	2006	1061	182
4817837	John d'Or Prairie 215	2007	1095	182
4817837	John d'Or Prairie 215	2008	1124	182
4817837	John d'Or Prairie 215	2009	1148	182
4817837	John d'Or Prairie 215	2010	1162	182
4817837	John d'Or Prairie 215	2011	1162	182
4817837	John d'Or Prairie 215	2012	1182	182
4817837	John d'Or Prairie 215	2013	1201	182
4817837	John d'Or Prairie 215	2014	1223	182
4817837	John d'Or Prairie 215	2015	1226	182
4817837	John D'Or Prairie 215	2016	1232	182
4817837	John D'Or Prairie 215	2017	1089	182
4817837	John D'Or Prairie 215	2018	1094	182
4817837	John D'Or Prairie 215	2019	1136	182
4817837	John D'Or Prairie 215	2020	1153	182
4817837	John D'Or Prairie 215	2021	730	182
4817837	John D'Or Prairie 215	2022	742	182
4817837	John D'Or Prairie 215	2023	753	182
4817837	John D'Or Prairie 215	2024	779	182
4817837	John D'Or Prairie 215	2025	811	182
4817838	Tall Cree 173	2001	177	182
4817838	Tall Cree 173	2002	183	182
4817838	Tall Cree 173	2003	188	182
4817838	Tall Cree 173	2004	196	182
4817838	Tall Cree 173	2005	202	182
4817838	Tall Cree 173	2006	208	182
4817838	Tall Cree 173	2007	210	182
4817838	Tall Cree 173	2008	211	182
4817838	Tall Cree 173	2009	211	182
4817838	Tall Cree 173	2010	208	182
4817838	Tall Cree 173	2011	211	182
4817838	Tall Cree 173	2012	220	182
4817838	Tall Cree 173	2013	229	182
4817838	Tall Cree 173	2014	240	182
4817838	Tall Cree 173	2015	249	182
4817838	Tall Cree 173	2016	257	182
4817838	Tall Cree 173	2017	227	182
4817838	Tall Cree 173	2018	246	182
4817838	Tall Cree 173	2019	246	182
4817838	Tall Cree 173	2020	259	182
4817838	Tall Cree 173	2021	293	182
4817838	Tall Cree 173	2022	292	182
4817838	Tall Cree 173	2023	293	182
4817838	Tall Cree 173	2024	292	182
4817838	Tall Cree 173	2025	294	182
4817840	Tall Cree 173A	2001	186	182
4817840	Tall Cree 173A	2002	174	182
4817840	Tall Cree 173A	2003	159	182
4817840	Tall Cree 173A	2004	147	182
4817840	Tall Cree 173A	2005	136	182
4817840	Tall Cree 173A	2006	128	182
4817840	Tall Cree 173A	2007	138	182
4817840	Tall Cree 173A	2008	148	182
4817840	Tall Cree 173A	2009	157	182
4817840	Tall Cree 173A	2010	165	182
4817840	Tall Cree 173A	2011	171	182
4817840	Tall Cree 173A	2012	180	182
4817840	Tall Cree 173A	2013	192	182
4817840	Tall Cree 173A	2014	206	182
4817840	Tall Cree 173A	2015	216	182
4817840	Tall Cree 173A	2016	231	182
4817840	Tall Cree 173A	2017	195	182
4817840	Tall Cree 173A	2018	199	182
4817840	Tall Cree 173A	2019	202	182
4817840	Tall Cree 173A	2020	197	182
4817840	Tall Cree 173A	2021	209	182
4817840	Tall Cree 173A	2022	210	182
4817840	Tall Cree 173A	2023	211	182
4817840	Tall Cree 173A	2024	212	182
4817840	Tall Cree 173A	2025	215	182
4817841	Beaver Ranch 163	2001	19	182
4817841	Beaver Ranch 163	2002	18	182
4817841	Beaver Ranch 163	2003	17	182
4817841	Beaver Ranch 163	2004	16	182
4817841	Beaver Ranch 163	2005	16	182
4817841	Beaver Ranch 163	2006	15	182
4817841	Beaver Ranch 163	2007	15	182
4817841	Beaver Ranch 163	2008	15	182
4817841	Beaver Ranch 163	2009	15	182
4817841	Beaver Ranch 163	2010	15	182
4817841	Beaver Ranch 163	2011	16	182
4817841	Beaver Ranch 163	2012	15	182
4817841	Beaver Ranch 163	2013	15	182
4817841	Beaver Ranch 163	2014	13	182
4817841	Beaver Ranch 163	2015	12	182
4817841	Beaver Ranch 163	2016	10	182
4817841	Beaver Ranch 163	2017	10	182
4817841	Beaver Ranch 163	2018	7	182
4817841	Beaver Ranch 163	2019	10	182
4817841	Beaver Ranch 163	2020	10	182
4817841	Beaver Ranch 163	2021	15	182
4817841	Beaver Ranch 163	2022	15	182
4817841	Beaver Ranch 163	2023	15	182
4817841	Beaver Ranch 163	2024	15	182
4817841	Beaver Ranch 163	2025	15	182
4817842	Boyer 164	2001	176	182
4817842	Boyer 164	2002	180	182
4817842	Boyer 164	2003	182	182
4817842	Boyer 164	2004	182	182
4817842	Boyer 164	2005	182	182
4817842	Boyer 164	2006	185	182
4817842	Boyer 164	2007	194	182
4817842	Boyer 164	2008	202	182
4817842	Boyer 164	2009	211	182
4817842	Boyer 164	2010	217	182
4817842	Boyer 164	2011	220	182
4817842	Boyer 164	2012	222	182
4817842	Boyer 164	2013	224	182
4817842	Boyer 164	2014	226	182
4817842	Boyer 164	2015	223	182
4817842	Boyer 164	2016	224	182
4817842	Boyer 164	2017	171	182
4817842	Boyer 164	2018	175	182
4817842	Boyer 164	2019	173	182
4817842	Boyer 164	2020	165	182
4817842	Boyer 164	2021	126	182
4817842	Boyer 164	2022	126	182
4817842	Boyer 164	2023	123	182
4817842	Boyer 164	2024	124	182
4817842	Boyer 164	2025	126	182
4817843	Child Lake 164A	2001	160	182
4817843	Child Lake 164A	2002	161	182
4817843	Child Lake 164A	2003	163	182
4817843	Child Lake 164A	2004	164	182
4817843	Child Lake 164A	2005	165	182
4817843	Child Lake 164A	2006	165	182
4817843	Child Lake 164A	2007	171	182
4817843	Child Lake 164A	2008	177	182
4817843	Child Lake 164A	2009	182	182
4817843	Child Lake 164A	2010	188	182
4817843	Child Lake 164A	2011	195	182
4817843	Child Lake 164A	2012	203	182
4817843	Child Lake 164A	2013	210	182
4817843	Child Lake 164A	2014	218	182
4817843	Child Lake 164A	2015	221	182
4817843	Child Lake 164A	2016	221	182
4817843	Child Lake 164A	2017	171	182
4817843	Child Lake 164A	2018	176	182
4817843	Child Lake 164A	2019	175	182
4817843	Child Lake 164A	2020	176	182
4817843	Child Lake 164A	2021	178	182
4817843	Child Lake 164A	2022	179	182
4817843	Child Lake 164A	2023	178	182
4817843	Child Lake 164A	2024	177	182
4817843	Child Lake 164A	2025	176	182
4817845	Hay Lake 209	2001	939	182
4817845	Hay Lake 209	2002	948	182
4817845	Hay Lake 209	2003	959	182
4817845	Hay Lake 209	2004	973	182
4817845	Hay Lake 209	2005	982	182
4817845	Hay Lake 209	2006	983	182
4817845	Hay Lake 209	2007	959	182
4817845	Hay Lake 209	2008	954	182
4817845	Hay Lake 209	2009	948	182
4817845	Hay Lake 209	2010	974	182
4817845	Hay Lake 209	2011	983	182
4817845	Hay Lake 209	2012	991	182
4817845	Hay Lake 209	2013	967	182
4817845	Hay Lake 209	2014	964	182
4817845	Hay Lake 209	2015	904	182
4817845	Hay Lake 209	2016	913	182
4817845	Hay Lake 209	2017	914	182
4817845	Hay Lake 209	2018	908	182
4817845	Hay Lake 209	2019	896	182
4817845	Hay Lake 209	2020	885	182
4817845	Hay Lake 209	2021	992	182
4817845	Hay Lake 209	2022	975	182
4817845	Hay Lake 209	2023	956	182
4817845	Hay Lake 209	2024	942	182
4817845	Hay Lake 209	2025	942	182
4817848	Bushe River 207	2001	327	182
4817848	Bushe River 207	2002	337	182
4817848	Bushe River 207	2003	352	182
4817848	Bushe River 207	2004	366	182
4817848	Bushe River 207	2005	388	182
4817848	Bushe River 207	2006	417	182
4817848	Bushe River 207	2007	441	182
4817848	Bushe River 207	2008	461	182
4817848	Bushe River 207	2009	478	182
4817848	Bushe River 207	2010	494	182
4817848	Bushe River 207	2011	509	182
4817848	Bushe River 207	2012	512	182
4817848	Bushe River 207	2013	517	182
4817848	Bushe River 207	2014	527	182
4817848	Bushe River 207	2015	525	182
4817848	Bushe River 207	2016	517	182
4817848	Bushe River 207	2017	476	182
4817848	Bushe River 207	2018	488	182
4817848	Bushe River 207	2019	490	182
4817848	Bushe River 207	2020	505	182
4817848	Bushe River 207	2021	507	182
4817848	Bushe River 207	2022	502	182
4817848	Bushe River 207	2023	502	182
4817848	Bushe River 207	2024	503	182
4817848	Bushe River 207	2025	504	182
4817849	Upper Hay River 212	2001	354	182
4817849	Upper Hay River 212	2002	343	182
4817849	Upper Hay River 212	2003	334	182
4817849	Upper Hay River 212	2004	328	182
4817849	Upper Hay River 212	2005	315	182
4817849	Upper Hay River 212	2006	300	182
4817849	Upper Hay River 212	2007	302	182
4817849	Upper Hay River 212	2008	303	182
4817849	Upper Hay River 212	2009	303	182
4817849	Upper Hay River 212	2010	301	182
4817849	Upper Hay River 212	2011	303	182
4817849	Upper Hay River 212	2012	308	182
4817849	Upper Hay River 212	2013	314	182
4817849	Upper Hay River 212	2014	320	182
4817849	Upper Hay River 212	2015	316	182
4817849	Upper Hay River 212	2016	303	182
4817849	Upper Hay River 212	2017	294	182
4817849	Upper Hay River 212	2018	293	182
4817849	Upper Hay River 212	2019	286	182
4817849	Upper Hay River 212	2020	293	182
4817849	Upper Hay River 212	2021	391	182
4817849	Upper Hay River 212	2022	389	182
4817849	Upper Hay River 212	2023	380	182
4817849	Upper Hay River 212	2024	376	182
4817849	Upper Hay River 212	2025	375	182
4817850	Woodland Cree 227	2016	13	182
4817850	Woodland Cree 227	2017	13	182
4817850	Woodland Cree 227	2018	12	182
4817850	Woodland Cree 227	2019	9	182
4817850	Woodland Cree 227	2020	7	182
4817850	Woodland Cree 227	2021	31	182
4817850	Woodland Cree 227	2022	31	182
4817850	Woodland Cree 227	2023	32	182
4817850	Woodland Cree 227	2024	32	182
4817850	Woodland Cree 227	2025	32	182
4817853	Little Buffalo	2001	296	182
4817853	Little Buffalo	2002	316	182
4817853	Little Buffalo	2003	336	182
4817853	Little Buffalo	2004	357	182
4817853	Little Buffalo	2005	378	182
4817853	Little Buffalo	2006	403	182
4817853	Little Buffalo	2007	405	182
4817853	Little Buffalo	2008	405	182
4817853	Little Buffalo	2009	404	182
4817853	Little Buffalo	2010	398	182
4817853	Little Buffalo	2011	404	182
4817853	Little Buffalo	2012	417	182
4817853	Little Buffalo	2013	432	182
4817853	Little Buffalo	2014	449	182
4817853	Little Buffalo	2015	462	182
4817853	Little Buffalo	2016	466	182
4817853	Little Buffalo	2017	417	182
4817853	Little Buffalo	2018	425	182
4817853	Little Buffalo	2019	439	182
4817853	Little Buffalo	2020	455	182
4817853	Little Buffalo	2021	455	182
4817853	Little Buffalo	2022	446	182
4817853	Little Buffalo	2023	452	182
4817853	Little Buffalo	2024	455	182
4817853	Little Buffalo	2025	456	182
4817854	Carcajou 187	2001	0	182
4817854	Carcajou 187	2002	0	182
4817854	Carcajou 187	2003	0	182
4817854	Carcajou 187	2004	0	182
4817854	Carcajou 187	2005	0	182
4817854	Carcajou 187	2006	0	182
4817854	Carcajou 187	2007	0	182
4817854	Carcajou 187	2008	0	182
4817854	Carcajou 187	2009	0	182
4817854	Carcajou 187	2010	0	182
4817854	Carcajou 187	2011	0	182
4817854	Carcajou 187	2012	0	182
4817854	Carcajou 187	2013	0	182
4817854	Carcajou 187	2014	0	182
4817854	Carcajou 187	2015	0	182
4817854	Carcajou 187	2016	0	182
4817854	Carcajou 187	2017	0	182
4817854	Carcajou 187	2018	0	182
4817854	Carcajou 187	2019	0	182
4817854	Carcajou 187	2020	0	182
4817854	Carcajou 187	2021	0	182
4817854	Carcajou 187	2022	0	182
4817854	Carcajou 187	2023	0	182
4817854	Carcajou 187	2024	0	182
4817854	Carcajou 187	2025	0	182
4817855	Desmarais	2001	114	182
4817855	Desmarais	2002	109	182
4817855	Desmarais	2003	102	182
4817855	Desmarais	2004	94	182
4817855	Desmarais	2005	87	182
4817855	Desmarais	2006	82	182
4817855	Desmarais	2007	96	182
4817855	Desmarais	2008	107	182
4817855	Desmarais	2009	118	182
4817855	Desmarais	2010	129	182
4817855	Desmarais	2011	136	182
4817855	Desmarais	2012	130	182
4817855	Desmarais	2013	126	182
4817855	Desmarais	2014	122	182
4817855	Desmarais	2015	115	182
4817855	Desmarais	2016	109	182
4817855	Desmarais	2017	93	182
4817855	Desmarais	2018	89	182
4817855	Desmarais	2019	84	182
4817855	Desmarais	2020	86	182
4817855	Desmarais	2021	121	182
4817855	Desmarais	2022	118	182
4817855	Desmarais	2023	115	182
4817855	Desmarais	2024	117	182
4817855	Desmarais	2025	122	182
4817856	Woodland Cree 226	2001	428	182
4817856	Woodland Cree 226	2002	440	182
4817856	Woodland Cree 226	2003	445	182
4817856	Woodland Cree 226	2004	452	182
4817856	Woodland Cree 226	2005	451	182
4817856	Woodland Cree 226	2006	460	182
4817856	Woodland Cree 226	2007	510	182
4817856	Woodland Cree 226	2008	561	182
4817856	Woodland Cree 226	2009	614	182
4817856	Woodland Cree 226	2010	669	182
4817856	Woodland Cree 226	2011	732	182
4817856	Woodland Cree 226	2012	742	182
4817856	Woodland Cree 226	2013	755	182
4817856	Woodland Cree 226	2014	768	182
4817856	Woodland Cree 226	2015	764	182
4817856	Woodland Cree 226	2016	745	182
4817856	Woodland Cree 226	2017	663	182
4817856	Woodland Cree 226	2018	658	182
4817856	Woodland Cree 226	2019	654	182
4817856	Woodland Cree 226	2020	667	182
4817856	Woodland Cree 226	2021	678	182
4817856	Woodland Cree 226	2022	675	182
4817856	Woodland Cree 226	2023	669	182
4817856	Woodland Cree 226	2024	685	182
4817856	Woodland Cree 226	2025	705	182
4817857	Woodland Cree 228	2001	101	182
4817857	Woodland Cree 228	2002	105	182
4817857	Woodland Cree 228	2003	107	182
4817857	Woodland Cree 228	2004	112	182
4817857	Woodland Cree 228	2005	115	182
4817857	Woodland Cree 228	2006	121	182
4817857	Woodland Cree 228	2007	128	182
4817857	Woodland Cree 228	2008	135	182
4817857	Woodland Cree 228	2009	142	182
4817857	Woodland Cree 228	2010	147	182
4817857	Woodland Cree 228	2011	148	182
4817857	Woodland Cree 228	2012	149	182
4817857	Woodland Cree 228	2013	150	182
4817857	Woodland Cree 228	2014	152	182
4817857	Woodland Cree 228	2015	150	182
4817857	Woodland Cree 228	2016	154	182
4817857	Woodland Cree 228	2017	132	182
4817857	Woodland Cree 228	2018	131	182
4817857	Woodland Cree 228	2019	136	182
4817857	Woodland Cree 228	2020	137	182
4817857	Woodland Cree 228	2021	166	182
4817857	Woodland Cree 228	2022	166	182
4817857	Woodland Cree 228	2023	164	182
4817857	Woodland Cree 228	2024	164	182
4817857	Woodland Cree 228	2025	164	182
4817859	Fort Vermilion 173B	2001	2	182
4817859	Fort Vermilion 173B	2002	15	182
4817859	Fort Vermilion 173B	2003	28	182
4817859	Fort Vermilion 173B	2004	43	182
4817859	Fort Vermilion 173B	2005	59	182
4817859	Fort Vermilion 173B	2006	73	182
4817859	Fort Vermilion 173B	2007	80	182
4817859	Fort Vermilion 173B	2008	85	182
4817859	Fort Vermilion 173B	2009	91	182
4817859	Fort Vermilion 173B	2010	95	182
4817859	Fort Vermilion 173B	2011	100	182
4817859	Fort Vermilion 173B	2012	102	182
4817859	Fort Vermilion 173B	2013	103	182
4817859	Fort Vermilion 173B	2014	103	182
4817859	Fort Vermilion 173B	2015	101	182
4817859	Fort Vermilion 173B	2016	99	182
4817859	Fort Vermilion 173B	2017	81	182
4817859	Fort Vermilion 173B	2018	78	182
4817859	Fort Vermilion 173B	2019	78	182
4817859	Fort Vermilion 173B	2020	77	182
4817859	Fort Vermilion 173B	2021	77	182
4817859	Fort Vermilion 173B	2022	77	182
4817859	Fort Vermilion 173B	2023	77	182
4817859	Fort Vermilion 173B	2024	78	182
4817859	Fort Vermilion 173B	2025	78	182
4817860	Loon Lake 235	2001	409	182
4817860	Loon Lake 235	2002	415	182
4817860	Loon Lake 235	2003	422	182
4817860	Loon Lake 235	2004	429	182
4817860	Loon Lake 235	2005	437	182
4817860	Loon Lake 235	2006	443	182
4817860	Loon Lake 235	2007	464	182
4817860	Loon Lake 235	2008	482	182
4817860	Loon Lake 235	2009	500	182
4817860	Loon Lake 235	2010	516	182
4817860	Loon Lake 235	2011	539	182
4817860	Loon Lake 235	2012	514	182
4817860	Loon Lake 235	2013	541	182
4817860	Loon Lake 235	2014	517	182
4817860	Loon Lake 235	2015	556	182
4817860	Loon Lake 235	2016	574	182
4817860	Loon Lake 235	2017	504	182
4817860	Loon Lake 235	2018	511	182
4817860	Loon Lake 235	2019	511	182
4817860	Loon Lake 235	2020	529	182
4817860	Loon Lake 235	2021	509	182
4817860	Loon Lake 235	2022	493	182
4817860	Loon Lake 235	2023	489	182
4817860	Loon Lake 235	2024	499	182
4817860	Loon Lake 235	2025	503	182
4817865	Kapawe'no First Nation 229	2016	13	182
4817865	Kapawe'no First Nation 229	2017	13	182
4817865	Kapawe'no First Nation 229	2018	13	182
4817865	Kapawe'no First Nation 229	2019	12	182
4817865	Kapawe'no First Nation 229	2020	11	182
4817865	Kapawe'no First Nation 229	2021	101	182
4817865	Kapawe'no First Nation 229	2022	100	182
4817865	Kapawe'no First Nation 229	2023	98	182
4817865	Kapawe'no First Nation 229	2024	99	182
4817865	Kapawe'no First Nation 229	2025	99	182
4818002	Fox Creek	2001	2396	182
4818002	Fox Creek	2002	2359	182
4818002	Fox Creek	2003	2319	182
4818002	Fox Creek	2004	2297	182
4818002	Fox Creek	2005	2308	182
4818002	Fox Creek	2006	2368	182
4818002	Fox Creek	2007	2374	182
4818002	Fox Creek	2008	2279	182
4818002	Fox Creek	2009	2225	182
4818002	Fox Creek	2010	2101	182
4818002	Fox Creek	2011	2044	182
4818002	Fox Creek	2012	2048	182
4818002	Fox Creek	2013	2172	182
4818002	Fox Creek	2014	2143	182
4818002	Fox Creek	2015	2135	182
4818002	Fox Creek	2016	2003	182
4818002	Fox Creek	2017	2007	182
4818002	Fox Creek	2018	1933	182
4818002	Fox Creek	2019	1869	182
4818002	Fox Creek	2020	1763	182
4818002	Fox Creek	2021	1850	182
4818002	Fox Creek	2022	1843	182
4818002	Fox Creek	2023	1886	182
4818002	Fox Creek	2024	1924	182
4818002	Fox Creek	2025	2013	182
4818005	Grande Cache	2001	3910	182
4818005	Grande Cache	2002	3888	182
4818005	Grande Cache	2003	3853	182
4818005	Grande Cache	2004	3783	182
4818005	Grande Cache	2005	3801	182
4818005	Grande Cache	2006	3928	182
4818005	Grande Cache	2007	4042	182
4818005	Grande Cache	2008	4079	182
4818005	Grande Cache	2009	4143	182
4818005	Grande Cache	2010	4381	182
4818005	Grande Cache	2011	4484	182
4818005	Grande Cache	2012	4448	182
4818005	Grande Cache	2013	4536	182
4818005	Grande Cache	2014	4300	182
4818005	Grande Cache	2015	3985	182
4818015	Greenview No. 16	2001	5547	182
4818015	Greenview No. 16	2002	5549	182
4818015	Greenview No. 16	2003	5510	182
4818015	Greenview No. 16	2004	5475	182
4818015	Greenview No. 16	2005	5494	182
4818015	Greenview No. 16	2006	5627	182
4818015	Greenview No. 16	2007	5567	182
4818015	Greenview No. 16	2008	5558	182
4818015	Greenview No. 16	2009	5554	182
4818015	Greenview No. 16	2010	5530	182
4818015	Greenview No. 16	2011	5452	182
4818015	Greenview No. 16	2012	5583	182
4818015	Greenview No. 16	2013	5510	182
4818015	Greenview No. 16	2014	5605	182
4818015	Greenview No. 16	2015	5723	182
4818015	Greenview No. 16	2016	5664	182
4818015	Greenview No. 16	2017	5726	182
4818015	Greenview No. 16	2018	5723	182
4818015	Greenview No. 16	2019	9125	182
4818015	Greenview No. 16	2020	9069	182
4818015	Greenview No. 16	2021	8868	182
4818015	Greenview No. 16	2022	8874	182
4818015	Greenview No. 16	2023	8745	182
4818015	Greenview No. 16	2024	8835	182
4818015	Greenview No. 16	2025	8984	182
4818018	Valleyview	2001	1907	182
4818018	Valleyview	2002	1872	182
4818018	Valleyview	2003	1838	182
4818018	Valleyview	2004	1786	182
4818018	Valleyview	2005	1778	182
4818018	Valleyview	2006	1788	182
4818018	Valleyview	2007	1815	182
4818018	Valleyview	2008	1808	182
4818018	Valleyview	2009	1813	182
4818018	Valleyview	2010	1815	182
4818018	Valleyview	2011	1827	182
4818018	Valleyview	2012	1845	182
4818018	Valleyview	2013	1912	182
4818018	Valleyview	2014	1912	182
4818018	Valleyview	2015	1905	182
4818018	Valleyview	2016	1894	182
4818018	Valleyview	2017	1786	182
4818018	Valleyview	2018	1787	182
4818018	Valleyview	2019	1755	182
4818018	Valleyview	2020	1720	182
4818018	Valleyview	2021	1724	182
4818018	Valleyview	2022	1694	182
4818018	Valleyview	2023	1728	182
4818018	Valleyview	2024	1782	182
4818018	Valleyview	2025	1807	182
4818816	Sturgeon Lake 154	2001	895	182
4818816	Sturgeon Lake 154	2002	913	182
4818816	Sturgeon Lake 154	2003	935	182
4818816	Sturgeon Lake 154	2004	966	182
4818816	Sturgeon Lake 154	2005	1023	182
4818816	Sturgeon Lake 154	2006	1092	182
4818816	Sturgeon Lake 154	2007	1124	182
4818816	Sturgeon Lake 154	2008	1136	182
4818816	Sturgeon Lake 154	2009	1159	182
4818816	Sturgeon Lake 154	2010	1177	182
4818816	Sturgeon Lake 154	2011	1213	182
4818816	Sturgeon Lake 154	2012	1271	182
4818816	Sturgeon Lake 154	2013	1362	182
4818816	Sturgeon Lake 154	2014	1409	182
4818816	Sturgeon Lake 154	2015	1454	182
4818816	Sturgeon Lake 154	2016	1474	182
4818816	Sturgeon Lake 154	2017	1420	182
4818816	Sturgeon Lake 154	2018	1432	182
4818816	Sturgeon Lake 154	2019	1411	182
4818816	Sturgeon Lake 154	2020	1401	182
4818816	Sturgeon Lake 154	2021	1334	182
4818816	Sturgeon Lake 154	2022	1339	182
4818816	Sturgeon Lake 154	2023	1325	182
4818816	Sturgeon Lake 154	2024	1329	182
4818816	Sturgeon Lake 154	2025	1326	182
4818818	Sturgeon Lake 154A	2001	15	182
4818818	Sturgeon Lake 154A	2002	16	182
4818818	Sturgeon Lake 154A	2003	18	182
4818818	Sturgeon Lake 154A	2004	19	182
4818818	Sturgeon Lake 154A	2005	21	182
4818818	Sturgeon Lake 154A	2006	22	182
4818818	Sturgeon Lake 154A	2007	23	182
4818818	Sturgeon Lake 154A	2008	23	182
4818818	Sturgeon Lake 154A	2009	23	182
4818818	Sturgeon Lake 154A	2010	24	182
4818818	Sturgeon Lake 154A	2011	24	182
4818818	Sturgeon Lake 154A	2012	30	182
4818818	Sturgeon Lake 154A	2013	37	182
4818818	Sturgeon Lake 154A	2014	43	182
4818818	Sturgeon Lake 154A	2015	49	182
4818818	Sturgeon Lake 154A	2016	55	182
4818818	Sturgeon Lake 154A	2017	45	182
4818818	Sturgeon Lake 154A	2018	48	182
4818818	Sturgeon Lake 154A	2019	48	182
4818818	Sturgeon Lake 154A	2020	48	182
4818818	Sturgeon Lake 154A	2021	40	182
4818818	Sturgeon Lake 154A	2022	40	182
4818818	Sturgeon Lake 154A	2023	40	182
4818818	Sturgeon Lake 154A	2024	40	182
4818818	Sturgeon Lake 154A	2025	40	182
4819006	Grande Prairie County No. 1	2001	15499	182
4819006	Grande Prairie County No. 1	2002	15884	182
4819006	Grande Prairie County No. 1	2003	16178	182
4819006	Grande Prairie County No. 1	2004	16597	182
4819006	Grande Prairie County No. 1	2005	17261	182
4819006	Grande Prairie County No. 1	2006	18068	182
4819006	Grande Prairie County No. 1	2007	19081	182
4819006	Grande Prairie County No. 1	2008	19369	182
4819006	Grande Prairie County No. 1	2009	19795	182
4819006	Grande Prairie County No. 1	2010	20108	182
4819006	Grande Prairie County No. 1	2011	20397	182
4819006	Grande Prairie County No. 1	2012	21148	182
4819006	Grande Prairie County No. 1	2013	21319	182
4819006	Grande Prairie County No. 1	2014	22100	182
4819006	Grande Prairie County No. 1	2015	22735	182
4819006	Grande Prairie County No. 1	2016	23120	182
4819006	Grande Prairie County No. 1	2017	23573	182
4819006	Grande Prairie County No. 1	2018	23877	182
4819006	Grande Prairie County No. 1	2019	24304	182
4819006	Grande Prairie County No. 1	2020	24550	182
4819006	Grande Prairie County No. 1	2021	24550	182
4819006	Grande Prairie County No. 1	2022	25620	182
4819006	Grande Prairie County No. 1	2023	25919	182
4819006	Grande Prairie County No. 1	2024	26431	182
4819006	Grande Prairie County No. 1	2025	26813	182
4819008	Hythe	2001	597	182
4819008	Hythe	2002	641	182
4819008	Hythe	2003	693	182
4819008	Hythe	2004	742	182
4819008	Hythe	2005	795	182
4819008	Hythe	2006	844	182
4819008	Hythe	2007	855	182
4819008	Hythe	2008	853	182
4819008	Hythe	2009	849	182
4819008	Hythe	2010	844	182
4819008	Hythe	2011	840	182
4819008	Hythe	2012	849	182
4819008	Hythe	2013	853	182
4819008	Hythe	2014	860	182
4819008	Hythe	2015	859	182
4819008	Hythe	2016	844	182
4819008	Hythe	2017	736	182
4819008	Hythe	2018	748	182
4819008	Hythe	2019	739	182
4819008	Hythe	2020	700	182
4819008	Hythe	2021	875	182
4819008	Hythe	2022	0	182
4819008	Hythe	2023	0	182
4819008	Hythe	2024	0	182
4819008	Hythe	2025	0	182
4819009	Beaverlodge	2001	2157	182
4819009	Beaverlodge	2002	2184	182
4819009	Beaverlodge	2003	2205	182
4819009	Beaverlodge	2004	2247	182
4819009	Beaverlodge	2005	2298	182
4819009	Beaverlodge	2006	2347	182
4819009	Beaverlodge	2007	2395	182
4819009	Beaverlodge	2008	2409	182
4819009	Beaverlodge	2009	2416	182
4819009	Beaverlodge	2010	2416	182
4819009	Beaverlodge	2011	2443	182
4819009	Beaverlodge	2012	2488	182
4819009	Beaverlodge	2013	2520	182
4819009	Beaverlodge	2014	2549	182
4819009	Beaverlodge	2015	2559	182
4819009	Beaverlodge	2016	2524	182
4819009	Beaverlodge	2017	2485	182
4819009	Beaverlodge	2018	2453	182
4819009	Beaverlodge	2019	2442	182
4819009	Beaverlodge	2020	2407	182
4819009	Beaverlodge	2021	2342	182
4819009	Beaverlodge	2022	2371	182
4819009	Beaverlodge	2023	2371	182
4819009	Beaverlodge	2024	2458	182
4819009	Beaverlodge	2025	2454	182
4819011	Wembley	2001	1531	182
4819011	Wembley	2002	1510	182
4819011	Wembley	2003	1476	182
4819011	Wembley	2004	1464	182
4819011	Wembley	2005	1484	182
4819011	Wembley	2006	1497	182
4819011	Wembley	2007	1551	182
4819011	Wembley	2008	1474	182
4819011	Wembley	2009	1512	182
4819011	Wembley	2010	1380	182
4819011	Wembley	2011	1455	182
4819011	Wembley	2012	1420	182
4819011	Wembley	2013	1479	182
4819011	Wembley	2014	1486	182
4819011	Wembley	2015	1545	182
4819011	Wembley	2016	1560	182
4819011	Wembley	2017	1462	182
4819011	Wembley	2018	1508	182
4819011	Wembley	2019	1550	182
4819011	Wembley	2020	1542	182
4819011	Wembley	2021	1501	182
4819011	Wembley	2022	1529	182
4819011	Wembley	2023	1500	182
4819011	Wembley	2024	1516	182
4819011	Wembley	2025	1516	182
4819012	Grande Prairie	2001	38792	182
4819012	Grande Prairie	2002	40624	182
4819012	Grande Prairie	2003	42209	182
4819012	Grande Prairie	2004	44229	182
4819012	Grande Prairie	2005	46910	182
4819012	Grande Prairie	2006	50052	182
4819012	Grande Prairie	2007	52109	182
4819012	Grande Prairie	2008	53961	182
4819012	Grande Prairie	2009	55393	182
4819012	Grande Prairie	2010	56368	182
4819012	Grande Prairie	2011	58292	182
4819012	Grande Prairie	2012	60713	182
4819012	Grande Prairie	2013	63306	182
4819012	Grande Prairie	2014	65118	182
4819012	Grande Prairie	2015	66083	182
4819012	Grande Prairie	2016	65213	182
4819012	Grande Prairie	2017	65817	182
4819012	Grande Prairie	2018	67655	182
4819012	Grande Prairie	2019	68222	182
4819012	Grande Prairie	2020	68317	182
4819012	Grande Prairie	2021	66586	182
4819012	Grande Prairie	2022	65600	182
4819012	Grande Prairie	2023	67223	182
4819012	Grande Prairie	2024	69575	182
4819012	Grande Prairie	2025	71160	182
4819014	Sexsmith	2001	1705	182
4819014	Sexsmith	2002	1752	182
4819014	Sexsmith	2003	1798	182
4819014	Sexsmith	2004	1854	182
4819014	Sexsmith	2005	1945	182
4819014	Sexsmith	2006	2064	182
4819014	Sexsmith	2007	2174	182
4819014	Sexsmith	2008	2260	182
4819014	Sexsmith	2009	2345	182
4819014	Sexsmith	2010	2428	182
4819014	Sexsmith	2011	2516	182
4819014	Sexsmith	2012	2539	182
4819014	Sexsmith	2013	2586	182
4819014	Sexsmith	2014	2629	182
4819014	Sexsmith	2015	2710	182
4819014	Sexsmith	2016	2698	182
4819014	Sexsmith	2017	2608	182
4819014	Sexsmith	2018	2694	182
4819014	Sexsmith	2019	2752	182
4819014	Sexsmith	2020	2723	182
4819014	Sexsmith	2021	2511	182
4819014	Sexsmith	2022	2505	182
4819014	Sexsmith	2023	2454	182
4819014	Sexsmith	2024	2494	182
4819014	Sexsmith	2025	2561	182
4819038	Peace River	2001	6382	182
4819038	Peace River	2002	6373	182
4819038	Peace River	2003	6325	182
4819038	Peace River	2004	6313	182
4819038	Peace River	2005	6419	182
4819038	Peace River	2006	6554	182
4819038	Peace River	2007	6805	182
4819038	Peace River	2008	6804	182
4819038	Peace River	2009	6896	182
4819038	Peace River	2010	6907	182
4819038	Peace River	2011	6987	182
4819038	Peace River	2012	7173	182
4819038	Peace River	2013	7172	182
4819038	Peace River	2014	7055	182
4819038	Peace River	2015	7024	182
4819038	Peace River	2016	7044	182
4819038	Peace River	2017	6930	182
4819038	Peace River	2018	6865	182
4819038	Peace River	2019	6745	182
4819038	Peace River	2020	6745	182
4819038	Peace River	2021	6853	182
4819038	Peace River	2022	6741	182
4819038	Peace River	2023	6874	182
4819038	Peace River	2024	7120	182
4819038	Peace River	2025	7220	182
4819041	Smoky River No. 130	2001	2452	182
4819041	Smoky River No. 130	2002	2448	182
4819041	Smoky River No. 130	2003	2437	182
4819041	Smoky River No. 130	2004	2428	182
4819041	Smoky River No. 130	2005	2452	182
4819041	Smoky River No. 130	2006	2507	182
4819041	Smoky River No. 130	2007	2451	182
4819041	Smoky River No. 130	2008	2392	182
4819041	Smoky River No. 130	2009	2347	182
4819041	Smoky River No. 130	2010	2336	182
4819041	Smoky River No. 130	2011	2168	182
4819041	Smoky River No. 130	2012	2064	182
4819041	Smoky River No. 130	2013	2138	182
4819041	Smoky River No. 130	2014	2009	182
4819041	Smoky River No. 130	2015	2049	182
4819041	Smoky River No. 130	2016	2079	182
4819041	Smoky River No. 130	2017	2000	182
4819041	Smoky River No. 130	2018	1990	182
4819041	Smoky River No. 130	2019	1977	182
4819041	Smoky River No. 130	2020	1951	182
4819041	Smoky River No. 130	2021	1960	182
4819041	Smoky River No. 130	2022	1906	182
4819041	Smoky River No. 130	2023	1890	182
4819041	Smoky River No. 130	2024	1895	182
4819041	Smoky River No. 130	2025	1941	182
4819042	McLennan	2001	817	182
4819042	McLennan	2002	818	182
4819042	McLennan	2003	812	182
4819042	McLennan	2004	820	182
4819042	McLennan	2005	833	182
4819042	McLennan	2006	848	182
4819042	McLennan	2007	823	182
4819042	McLennan	2008	801	182
4819042	McLennan	2009	815	182
4819042	McLennan	2010	828	182
4819042	McLennan	2011	831	182
4819042	McLennan	2012	777	182
4819042	McLennan	2013	775	182
4819042	McLennan	2014	810	182
4819042	McLennan	2015	751	182
4819042	McLennan	2016	713	182
4819042	McLennan	2017	655	182
4819042	McLennan	2018	645	182
4819042	McLennan	2019	621	182
4819042	McLennan	2020	610	182
4819042	McLennan	2021	715	182
4819042	McLennan	2022	719	182
4819042	McLennan	2023	705	182
4819042	McLennan	2024	728	182
4819042	McLennan	2025	729	182
4819044	Donnelly	2001	357	182
4819044	Donnelly	2002	347	182
4819044	Donnelly	2003	334	182
4819044	Donnelly	2004	322	182
4819044	Donnelly	2005	310	182
4819044	Donnelly	2006	304	182
4819044	Donnelly	2007	314	182
4819044	Donnelly	2008	319	182
4819044	Donnelly	2009	322	182
4819044	Donnelly	2010	322	182
4819044	Donnelly	2011	316	182
4819044	Donnelly	2012	324	182
4819044	Donnelly	2013	330	182
4819044	Donnelly	2014	337	182
4819044	Donnelly	2015	345	182
4819044	Donnelly	2016	352	182
4819044	Donnelly	2017	318	182
4819044	Donnelly	2018	299	182
4819044	Donnelly	2019	300	182
4819044	Donnelly	2020	307	182
4819044	Donnelly	2021	349	182
4819044	Donnelly	2022	347	182
4819044	Donnelly	2023	345	182
4819044	Donnelly	2024	343	182
4819044	Donnelly	2025	350	182
4819046	Falher	2001	1124	182
4819046	Falher	2002	1092	182
4819046	Falher	2003	1050	182
4819046	Falher	2004	1022	182
4819046	Falher	2005	998	182
4819046	Falher	2006	977	182
4819046	Falher	2007	975	182
4819046	Falher	2008	1034	182
4819046	Falher	2009	1056	182
4819046	Falher	2010	1061	182
4819046	Falher	2011	1103	182
4819046	Falher	2012	1046	182
4819046	Falher	2013	1054	182
4819046	Falher	2014	1071	182
4819046	Falher	2015	1076	182
4819046	Falher	2016	1068	182
4819046	Falher	2017	991	182
4819046	Falher	2018	986	182
4819046	Falher	2019	1012	182
4819046	Falher	2020	1016	182
4819046	Falher	2021	1037	182
4819046	Falher	2022	1034	182
4819046	Falher	2023	1050	182
4819046	Falher	2024	1096	182
4819046	Falher	2025	1084	182
4819048	Girouxville	2001	311	182
4819048	Girouxville	2002	305	182
4819048	Girouxville	2003	307	182
4819048	Girouxville	2004	301	182
4819048	Girouxville	2005	296	182
4819048	Girouxville	2006	287	182
4819048	Girouxville	2007	291	182
4819048	Girouxville	2008	275	182
4819048	Girouxville	2009	255	182
4819048	Girouxville	2010	261	182
4819048	Girouxville	2011	272	182
4819048	Girouxville	2012	263	182
4819048	Girouxville	2013	253	182
4819048	Girouxville	2014	244	182
4819048	Girouxville	2015	234	182
4819048	Girouxville	2016	224	182
4819048	Girouxville	2017	199	182
4819048	Girouxville	2018	205	182
4819048	Girouxville	2019	201	182
4819048	Girouxville	2020	199	182
4819048	Girouxville	2021	287	182
4819048	Girouxville	2022	287	182
4819048	Girouxville	2023	291	182
4819048	Girouxville	2024	300	182
4819048	Girouxville	2025	311	182
4819049	Birch Hills County	2001	1665	182
4819049	Birch Hills County	2002	1622	182
4819049	Birch Hills County	2003	1574	182
4819049	Birch Hills County	2004	1533	182
4819049	Birch Hills County	2005	1522	182
4819049	Birch Hills County	2006	1514	182
4819049	Birch Hills County	2007	1593	182
4819049	Birch Hills County	2008	1623	182
4819049	Birch Hills County	2009	1653	182
4819049	Birch Hills County	2010	1650	182
4819049	Birch Hills County	2011	1613	182
4819049	Birch Hills County	2012	1583	182
4819049	Birch Hills County	2013	1551	182
4819049	Birch Hills County	2014	1579	182
4819049	Birch Hills County	2015	1602	182
4819049	Birch Hills County	2016	1581	182
4819049	Birch Hills County	2017	1519	182
4819049	Birch Hills County	2018	1505	182
4819049	Birch Hills County	2019	1506	182
4819049	Birch Hills County	2020	1496	182
4819049	Birch Hills County	2021	1567	182
4819049	Birch Hills County	2022	1557	182
4819049	Birch Hills County	2023	1546	182
4819049	Birch Hills County	2024	1535	182
4819049	Birch Hills County	2025	1522	182
4819054	Spirit River No. 133	2001	834	182
4819054	Spirit River No. 133	2002	802	182
4819054	Spirit River No. 133	2003	756	182
4819054	Spirit River No. 133	2004	722	182
4819054	Spirit River No. 133	2005	694	182
4819054	Spirit River No. 133	2006	683	182
4819054	Spirit River No. 133	2007	700	182
4819054	Spirit River No. 133	2008	711	182
4819054	Spirit River No. 133	2009	719	182
4819054	Spirit River No. 133	2010	724	182
4819054	Spirit River No. 133	2011	727	182
4819054	Spirit River No. 133	2012	757	182
4819054	Spirit River No. 133	2013	688	182
4819054	Spirit River No. 133	2014	696	182
4819054	Spirit River No. 133	2015	691	182
4819054	Spirit River No. 133	2016	715	182
4819054	Spirit River No. 133	2017	641	182
4819054	Spirit River No. 133	2018	680	182
4819054	Spirit River No. 133	2019	683	182
4819054	Spirit River No. 133	2020	708	182
4819054	Spirit River No. 133	2021	666	182
4819054	Spirit River No. 133	2022	669	182
4819054	Spirit River No. 133	2023	653	182
4819054	Spirit River No. 133	2024	664	182
4819054	Spirit River No. 133	2025	680	182
4819056	Rycroft	2001	622	182
4819056	Rycroft	2002	626	182
4819056	Rycroft	2003	627	182
4819056	Rycroft	2004	631	182
4819056	Rycroft	2005	650	182
4819056	Rycroft	2006	659	182
4819056	Rycroft	2007	665	182
4819056	Rycroft	2008	662	182
4819056	Rycroft	2009	656	182
4819056	Rycroft	2010	646	182
4819056	Rycroft	2011	647	182
4819056	Rycroft	2012	652	182
4819056	Rycroft	2013	653	182
4819056	Rycroft	2014	652	182
4819056	Rycroft	2015	648	182
4819056	Rycroft	2016	624	182
4819056	Rycroft	2017	578	182
4819056	Rycroft	2018	538	182
4819056	Rycroft	2019	531	182
4819056	Rycroft	2020	535	182
4819056	Rycroft	2021	568	182
4819056	Rycroft	2022	574	182
4819056	Rycroft	2023	602	182
4819056	Rycroft	2024	618	182
4819056	Rycroft	2025	629	182
4819058	Spirit River	2001	1120	182
4819058	Spirit River	2002	1120	182
4819058	Spirit River	2003	1123	182
4819058	Spirit River	2004	1132	182
4819058	Spirit River	2005	1157	182
4819058	Spirit River	2006	1181	182
4819058	Spirit River	2007	1224	182
4819058	Spirit River	2008	1169	182
4819058	Spirit River	2009	1126	182
4819058	Spirit River	2010	1104	182
4819058	Spirit River	2011	1047	182
4819058	Spirit River	2012	1053	182
4819058	Spirit River	2013	965	182
4819058	Spirit River	2014	1003	182
4819058	Spirit River	2015	1005	182
4819058	Spirit River	2016	1018	182
4819058	Spirit River	2017	995	182
4819058	Spirit River	2018	992	182
4819058	Spirit River	2019	967	182
4819058	Spirit River	2020	930	182
4819058	Spirit River	2021	1022	182
4819058	Spirit River	2022	998	182
4819058	Spirit River	2023	1013	182
4819058	Spirit River	2024	987	182
4819058	Spirit River	2025	927	182
4819059	Saddle Hills County	2001	2611	182
4819059	Saddle Hills County	2002	2572	182
4819059	Saddle Hills County	2003	2537	182
4819059	Saddle Hills County	2004	2508	182
4819059	Saddle Hills County	2005	2513	182
4819059	Saddle Hills County	2006	2539	182
4819059	Saddle Hills County	2007	2388	182
4819059	Saddle Hills County	2008	2410	182
4819059	Saddle Hills County	2009	2360	182
4819059	Saddle Hills County	2010	2379	182
4819059	Saddle Hills County	2011	2346	182
4819059	Saddle Hills County	2012	2273	182
4819059	Saddle Hills County	2013	2280	182
4819059	Saddle Hills County	2014	2230	182
4819059	Saddle Hills County	2015	2247	182
4819059	Saddle Hills County	2016	2274	182
4819059	Saddle Hills County	2017	2255	182
4819059	Saddle Hills County	2018	2230	182
4819059	Saddle Hills County	2019	2227	182
4819059	Saddle Hills County	2020	2224	182
4819059	Saddle Hills County	2021	2414	182
4819059	Saddle Hills County	2022	2464	182
4819059	Saddle Hills County	2023	2484	182
4819059	Saddle Hills County	2024	2503	182
4819059	Saddle Hills County	2025	2449	182
4819066	Fairview No. 136	2001	1833	182
4819066	Fairview No. 136	2002	1825	182
4819066	Fairview No. 136	2003	1813	182
4819066	Fairview No. 136	2004	1816	182
4819066	Fairview No. 136	2005	1833	182
4819066	Fairview No. 136	2006	1863	182
4819066	Fairview No. 136	2007	1823	182
4819066	Fairview No. 136	2008	1760	182
4819066	Fairview No. 136	2009	1744	182
4819066	Fairview No. 136	2010	1715	182
4819066	Fairview No. 136	2011	1723	182
4819066	Fairview No. 136	2012	1672	182
4819066	Fairview No. 136	2013	1547	182
4819066	Fairview No. 136	2014	1671	182
4819066	Fairview No. 136	2015	1627	182
4819066	Fairview No. 136	2016	1638	182
4819066	Fairview No. 136	2017	1586	182
4819066	Fairview No. 136	2018	1551	182
4819066	Fairview No. 136	2019	1546	182
4819066	Fairview No. 136	2020	1554	182
4819066	Fairview No. 136	2021	1626	182
4819066	Fairview No. 136	2022	1603	182
4819066	Fairview No. 136	2023	1616	182
4819066	Fairview No. 136	2024	1629	182
4819066	Fairview No. 136	2025	1647	182
4819068	Fairview	2001	3220	182
4819068	Fairview	2002	3232	182
4819068	Fairview	2003	3251	182
4819068	Fairview	2004	3273	182
4819068	Fairview	2005	3335	182
4819068	Fairview	2006	3396	182
4819068	Fairview	2007	3393	182
4819068	Fairview	2008	3349	182
4819068	Fairview	2009	3324	182
4819068	Fairview	2010	3328	182
4819068	Fairview	2011	3247	182
4819068	Fairview	2012	3263	182
4819068	Fairview	2013	3316	182
4819068	Fairview	2014	3138	182
4819068	Fairview	2015	3068	182
4819068	Fairview	2016	3067	182
4819068	Fairview	2017	3028	182
4819068	Fairview	2018	2963	182
4819068	Fairview	2019	2928	182
4819068	Fairview	2020	2892	182
4819068	Fairview	2021	2912	182
4819068	Fairview	2022	2913	182
4819068	Fairview	2023	2876	182
4819068	Fairview	2024	2896	182
4819068	Fairview	2025	2918	182
4819071	Peace No. 135	2001	1517	182
4819071	Peace No. 135	2002	1499	182
4819071	Peace No. 135	2003	1481	182
4819071	Peace No. 135	2004	1483	182
4819071	Peace No. 135	2005	1508	182
4819071	Peace No. 135	2006	1524	182
4819071	Peace No. 135	2007	1585	182
4819071	Peace No. 135	2008	1576	182
4819071	Peace No. 135	2009	1513	182
4819071	Peace No. 135	2010	1524	182
4819071	Peace No. 135	2011	1488	182
4819071	Peace No. 135	2012	1555	182
4819071	Peace No. 135	2013	1519	182
4819071	Peace No. 135	2014	1628	182
4819071	Peace No. 135	2015	1736	182
4819071	Peace No. 135	2016	1793	182
4819071	Peace No. 135	2017	1712	182
4819071	Peace No. 135	2018	1714	182
4819071	Peace No. 135	2019	1710	182
4819071	Peace No. 135	2020	1711	182
4819071	Peace No. 135	2021	1620	182
4819071	Peace No. 135	2022	1603	182
4819071	Peace No. 135	2023	1580	182
4819071	Peace No. 135	2024	1574	182
4819071	Peace No. 135	2025	1581	182
4819072	Berwyn	2001	555	182
4819072	Berwyn	2002	542	182
4819072	Berwyn	2003	540	182
4819072	Berwyn	2004	532	182
4819072	Berwyn	2005	535	182
4819072	Berwyn	2006	531	182
4819072	Berwyn	2007	541	182
4819072	Berwyn	2008	543	182
4819072	Berwyn	2009	543	182
4819072	Berwyn	2010	538	182
4819072	Berwyn	2011	541	182
4819072	Berwyn	2012	546	182
4819072	Berwyn	2013	549	182
4819072	Berwyn	2014	552	182
4819072	Berwyn	2015	557	182
4819072	Berwyn	2016	550	182
4819072	Berwyn	2017	505	182
4819072	Berwyn	2018	481	182
4819072	Berwyn	2019	491	182
4819072	Berwyn	2020	492	182
4819072	Berwyn	2021	595	182
4819072	Berwyn	2022	598	182
4819072	Berwyn	2023	589	182
4819072	Berwyn	2024	593	182
4819072	Berwyn	2025	599	182
4819074	Grimshaw	2001	2486	182
4819074	Grimshaw	2002	2499	182
4819074	Grimshaw	2003	2506	182
4819074	Grimshaw	2004	2520	182
4819074	Grimshaw	2005	2578	182
4819074	Grimshaw	2006	2627	182
4819074	Grimshaw	2007	2664	182
4819074	Grimshaw	2008	2662	182
4819074	Grimshaw	2009	2649	182
4819074	Grimshaw	2010	2613	182
4819074	Grimshaw	2011	2601	182
4819074	Grimshaw	2012	2661	182
4819074	Grimshaw	2013	2713	182
4819074	Grimshaw	2014	2766	182
4819074	Grimshaw	2015	2806	182
4819074	Grimshaw	2016	2794	182
4819074	Grimshaw	2017	2736	182
4819074	Grimshaw	2018	2737	182
4819074	Grimshaw	2019	2678	182
4819074	Grimshaw	2020	2618	182
4819074	Grimshaw	2021	2687	182
4819074	Grimshaw	2022	2651	182
4819074	Grimshaw	2023	2598	182
4819074	Grimshaw	2024	2654	182
4819074	Grimshaw	2025	2799	182
4819815	Horse Lakes 152B	2001	332	182
4819815	Horse Lakes 152B	2002	331	182
4819815	Horse Lakes 152B	2003	327	182
4819815	Horse Lakes 152B	2004	326	182
4819815	Horse Lakes 152B	2005	332	182
4819815	Horse Lakes 152B	2006	351	182
4819815	Horse Lakes 152B	2007	371	182
4819815	Horse Lakes 152B	2008	387	182
4819815	Horse Lakes 152B	2009	404	182
4819815	Horse Lakes 152B	2010	413	182
4819815	Horse Lakes 152B	2011	418	182
4819815	Horse Lakes 152B	2012	437	182
4819815	Horse Lakes 152B	2013	454	182
4819815	Horse Lakes 152B	2014	470	182
4819815	Horse Lakes 152B	2015	483	182
4819815	Horse Lakes 152B	2016	482	182
4819815	Horse Lakes 152B	2017	463	182
4819815	Horse Lakes 152B	2018	460	182
4819815	Horse Lakes 152B	2019	455	182
4819815	Horse Lakes 152B	2020	460	182
4819815	Horse Lakes 152B	2021	504	182
4819815	Horse Lakes 152B	2022	505	182
4819815	Horse Lakes 152B	2023	509	182
4819815	Horse Lakes 152B	2024	516	182
4819815	Horse Lakes 152B	2025	517	182
4819826	Duncan's 151A	2001	124	182
4819826	Duncan's 151A	2002	120	182
4819826	Duncan's 151A	2003	117	182
4819826	Duncan's 151A	2004	113	182
4819826	Duncan's 151A	2005	109	182
4819826	Duncan's 151A	2006	107	182
4819826	Duncan's 151A	2007	119	182
4819826	Duncan's 151A	2008	129	182
4819826	Duncan's 151A	2009	141	182
4819826	Duncan's 151A	2010	154	182
4819826	Duncan's 151A	2011	168	182
4819826	Duncan's 151A	2012	169	182
4819826	Duncan's 151A	2013	169	182
4819826	Duncan's 151A	2014	168	182
4819826	Duncan's 151A	2015	164	182
4819826	Duncan's 151A	2016	154	182
4819826	Duncan's 151A	2017	120	182
4819826	Duncan's 151A	2018	125	182
4819826	Duncan's 151A	2019	126	182
4819826	Duncan's 151A	2020	115	182
4819826	Duncan's 151A	2021	115	182
4819826	Duncan's 151A	2022	116	182
4819826	Duncan's 151A	2023	116	182
4819826	Duncan's 151A	2024	115	182
4819826	Duncan's 151A	2025	117	182
